[2026-06-17T14:13:34.121+0000] {processor.py:186} INFO - Started process (PID=168) to work on /opt/airflow/dags/create_mart_dag.py
[2026-06-17T14:13:34.122+0000] {processor.py:914} INFO - Processing file /opt/airflow/dags/create_mart_dag.py for tasks to queue
[2026-06-17T14:13:34.124+0000] {logging_mixin.py:190} INFO - [2026-06-17T14:13:34.124+0000] {dagbag.py:588} INFO - Filling up the DagBag from /opt/airflow/dags/create_mart_dag.py
[2026-06-17T14:13:34.195+0000] {processor.py:925} INFO - DAG(s) 'create_analytics_mart' retrieved from /opt/airflow/dags/create_mart_dag.py
[2026-06-17T14:13:34.487+0000] {logging_mixin.py:190} INFO - [2026-06-17T14:13:34.486+0000] {override.py:1911} INFO - Created Permission View: can read on DAG:create_analytics_mart
[2026-06-17T14:13:34.500+0000] {logging_mixin.py:190} INFO - [2026-06-17T14:13:34.500+0000] {override.py:1911} INFO - Created Permission View: can edit on DAG:create_analytics_mart
[2026-06-17T14:13:34.509+0000] {logging_mixin.py:190} INFO - [2026-06-17T14:13:34.509+0000] {override.py:1911} INFO - Created Permission View: can delete on DAG:create_analytics_mart
[2026-06-17T14:13:34.519+0000] {logging_mixin.py:190} INFO - [2026-06-17T14:13:34.518+0000] {override.py:1911} INFO - Created Permission View: can read on DAG Run:create_analytics_mart
[2026-06-17T14:13:34.528+0000] {logging_mixin.py:190} INFO - [2026-06-17T14:13:34.527+0000] {override.py:1911} INFO - Created Permission View: can create on DAG Run:create_analytics_mart
[2026-06-17T14:13:34.536+0000] {logging_mixin.py:190} INFO - [2026-06-17T14:13:34.536+0000] {override.py:1911} INFO - Created Permission View: menu access on DAG Run:create_analytics_mart
[2026-06-17T14:13:34.544+0000] {logging_mixin.py:190} INFO - [2026-06-17T14:13:34.544+0000] {override.py:1911} INFO - Created Permission View: can delete on DAG Run:create_analytics_mart
[2026-06-17T14:13:34.545+0000] {logging_mixin.py:190} INFO - [2026-06-17T14:13:34.545+0000] {dag.py:3239} INFO - Sync 1 DAGs
[2026-06-17T14:13:34.564+0000] {logging_mixin.py:190} INFO - [2026-06-17T14:13:34.564+0000] {dag.py:3262} INFO - Creating ORM DAG for create_analytics_mart
[2026-06-17T14:13:34.565+0000] {logging_mixin.py:190} INFO - [2026-06-17T14:13:34.565+0000] {dag.py:4180} INFO - Setting next_dagrun for create_analytics_mart to None, run_after=None
[2026-06-17T14:13:34.584+0000] {processor.py:208} INFO - Processing /opt/airflow/dags/create_mart_dag.py took 0.472 seconds
[2026-06-17T14:14:04.876+0000] {processor.py:186} INFO - Started process (PID=179) to work on /opt/airflow/dags/create_mart_dag.py
[2026-06-17T14:14:04.877+0000] {processor.py:914} INFO - Processing file /opt/airflow/dags/create_mart_dag.py for tasks to queue
[2026-06-17T14:14:04.881+0000] {logging_mixin.py:190} INFO - [2026-06-17T14:14:04.880+0000] {dagbag.py:588} INFO - Filling up the DagBag from /opt/airflow/dags/create_mart_dag.py
[2026-06-17T14:14:04.925+0000] {processor.py:925} INFO - DAG(s) 'create_analytics_mart' retrieved from /opt/airflow/dags/create_mart_dag.py
[2026-06-17T14:14:04.960+0000] {logging_mixin.py:190} INFO - [2026-06-17T14:14:04.959+0000] {dag.py:3239} INFO - Sync 1 DAGs
[2026-06-17T14:14:04.978+0000] {logging_mixin.py:190} INFO - [2026-06-17T14:14:04.977+0000] {dag.py:4180} INFO - Setting next_dagrun for create_analytics_mart to None, run_after=None
[2026-06-17T14:14:05.005+0000] {processor.py:208} INFO - Processing /opt/airflow/dags/create_mart_dag.py took 0.137 seconds
[2026-06-17T14:14:35.168+0000] {processor.py:186} INFO - Started process (PID=190) to work on /opt/airflow/dags/create_mart_dag.py
[2026-06-17T14:14:35.170+0000] {processor.py:914} INFO - Processing file /opt/airflow/dags/create_mart_dag.py for tasks to queue
[2026-06-17T14:14:35.177+0000] {logging_mixin.py:190} INFO - [2026-06-17T14:14:35.177+0000] {dagbag.py:588} INFO - Filling up the DagBag from /opt/airflow/dags/create_mart_dag.py
[2026-06-17T14:14:35.211+0000] {processor.py:925} INFO - DAG(s) 'create_analytics_mart' retrieved from /opt/airflow/dags/create_mart_dag.py
[2026-06-17T14:14:35.243+0000] {logging_mixin.py:190} INFO - [2026-06-17T14:14:35.243+0000] {dag.py:3239} INFO - Sync 1 DAGs
[2026-06-17T14:14:35.259+0000] {logging_mixin.py:190} INFO - [2026-06-17T14:14:35.259+0000] {dag.py:4180} INFO - Setting next_dagrun for create_analytics_mart to None, run_after=None
[2026-06-17T14:14:35.288+0000] {processor.py:208} INFO - Processing /opt/airflow/dags/create_mart_dag.py took 0.125 seconds
[2026-06-17T14:15:05.601+0000] {processor.py:186} INFO - Started process (PID=201) to work on /opt/airflow/dags/create_mart_dag.py
[2026-06-17T14:15:05.602+0000] {processor.py:914} INFO - Processing file /opt/airflow/dags/create_mart_dag.py for tasks to queue
[2026-06-17T14:15:05.605+0000] {logging_mixin.py:190} INFO - [2026-06-17T14:15:05.605+0000] {dagbag.py:588} INFO - Filling up the DagBag from /opt/airflow/dags/create_mart_dag.py
[2026-06-17T14:15:05.634+0000] {processor.py:925} INFO - DAG(s) 'create_analytics_mart' retrieved from /opt/airflow/dags/create_mart_dag.py
[2026-06-17T14:15:05.667+0000] {logging_mixin.py:190} INFO - [2026-06-17T14:15:05.667+0000] {dag.py:3239} INFO - Sync 1 DAGs
[2026-06-17T14:15:05.682+0000] {logging_mixin.py:190} INFO - [2026-06-17T14:15:05.681+0000] {dag.py:4180} INFO - Setting next_dagrun for create_analytics_mart to None, run_after=None
[2026-06-17T14:15:05.705+0000] {processor.py:208} INFO - Processing /opt/airflow/dags/create_mart_dag.py took 0.110 seconds
[2026-06-17T14:15:35.911+0000] {processor.py:186} INFO - Started process (PID=213) to work on /opt/airflow/dags/create_mart_dag.py
[2026-06-17T14:15:35.912+0000] {processor.py:914} INFO - Processing file /opt/airflow/dags/create_mart_dag.py for tasks to queue
[2026-06-17T14:15:35.915+0000] {logging_mixin.py:190} INFO - [2026-06-17T14:15:35.915+0000] {dagbag.py:588} INFO - Filling up the DagBag from /opt/airflow/dags/create_mart_dag.py
[2026-06-17T14:15:35.941+0000] {processor.py:925} INFO - DAG(s) 'create_analytics_mart' retrieved from /opt/airflow/dags/create_mart_dag.py
[2026-06-17T14:15:35.979+0000] {logging_mixin.py:190} INFO - [2026-06-17T14:15:35.979+0000] {dag.py:3239} INFO - Sync 1 DAGs
[2026-06-17T14:15:36.004+0000] {logging_mixin.py:190} INFO - [2026-06-17T14:15:36.004+0000] {dag.py:4180} INFO - Setting next_dagrun for create_analytics_mart to None, run_after=None
[2026-06-17T14:15:36.034+0000] {processor.py:208} INFO - Processing /opt/airflow/dags/create_mart_dag.py took 0.128 seconds
[2026-06-17T14:16:06.239+0000] {processor.py:186} INFO - Started process (PID=224) to work on /opt/airflow/dags/create_mart_dag.py
[2026-06-17T14:16:06.240+0000] {processor.py:914} INFO - Processing file /opt/airflow/dags/create_mart_dag.py for tasks to queue
[2026-06-17T14:16:06.243+0000] {logging_mixin.py:190} INFO - [2026-06-17T14:16:06.242+0000] {dagbag.py:588} INFO - Filling up the DagBag from /opt/airflow/dags/create_mart_dag.py
[2026-06-17T14:16:06.274+0000] {processor.py:925} INFO - DAG(s) 'create_analytics_mart' retrieved from /opt/airflow/dags/create_mart_dag.py
[2026-06-17T14:16:06.304+0000] {logging_mixin.py:190} INFO - [2026-06-17T14:16:06.304+0000] {dag.py:3239} INFO - Sync 1 DAGs
[2026-06-17T14:16:06.321+0000] {logging_mixin.py:190} INFO - [2026-06-17T14:16:06.321+0000] {dag.py:4180} INFO - Setting next_dagrun for create_analytics_mart to None, run_after=None
[2026-06-17T14:16:06.344+0000] {processor.py:208} INFO - Processing /opt/airflow/dags/create_mart_dag.py took 0.114 seconds
[2026-06-17T14:16:36.532+0000] {processor.py:186} INFO - Started process (PID=235) to work on /opt/airflow/dags/create_mart_dag.py
[2026-06-17T14:16:36.533+0000] {processor.py:914} INFO - Processing file /opt/airflow/dags/create_mart_dag.py for tasks to queue
[2026-06-17T14:16:36.536+0000] {logging_mixin.py:190} INFO - [2026-06-17T14:16:36.536+0000] {dagbag.py:588} INFO - Filling up the DagBag from /opt/airflow/dags/create_mart_dag.py
[2026-06-17T14:16:36.563+0000] {processor.py:925} INFO - DAG(s) 'create_analytics_mart' retrieved from /opt/airflow/dags/create_mart_dag.py
[2026-06-17T14:16:36.590+0000] {logging_mixin.py:190} INFO - [2026-06-17T14:16:36.590+0000] {dag.py:3239} INFO - Sync 1 DAGs
[2026-06-17T14:16:36.606+0000] {logging_mixin.py:190} INFO - [2026-06-17T14:16:36.606+0000] {dag.py:4180} INFO - Setting next_dagrun for create_analytics_mart to None, run_after=None
[2026-06-17T14:16:36.630+0000] {processor.py:208} INFO - Processing /opt/airflow/dags/create_mart_dag.py took 0.104 seconds
[2026-06-17T14:17:06.847+0000] {processor.py:186} INFO - Started process (PID=246) to work on /opt/airflow/dags/create_mart_dag.py
[2026-06-17T14:17:06.848+0000] {processor.py:914} INFO - Processing file /opt/airflow/dags/create_mart_dag.py for tasks to queue
[2026-06-17T14:17:06.850+0000] {logging_mixin.py:190} INFO - [2026-06-17T14:17:06.849+0000] {dagbag.py:588} INFO - Filling up the DagBag from /opt/airflow/dags/create_mart_dag.py
[2026-06-17T14:17:06.871+0000] {processor.py:925} INFO - DAG(s) 'create_analytics_mart' retrieved from /opt/airflow/dags/create_mart_dag.py
[2026-06-17T14:17:06.896+0000] {logging_mixin.py:190} INFO - [2026-06-17T14:17:06.896+0000] {dag.py:3239} INFO - Sync 1 DAGs
[2026-06-17T14:17:06.909+0000] {logging_mixin.py:190} INFO - [2026-06-17T14:17:06.908+0000] {dag.py:4180} INFO - Setting next_dagrun for create_analytics_mart to None, run_after=None
[2026-06-17T14:17:06.929+0000] {processor.py:208} INFO - Processing /opt/airflow/dags/create_mart_dag.py took 0.088 seconds
[2026-06-17T14:17:37.175+0000] {processor.py:186} INFO - Started process (PID=257) to work on /opt/airflow/dags/create_mart_dag.py
[2026-06-17T14:17:37.176+0000] {processor.py:914} INFO - Processing file /opt/airflow/dags/create_mart_dag.py for tasks to queue
[2026-06-17T14:17:37.178+0000] {logging_mixin.py:190} INFO - [2026-06-17T14:17:37.178+0000] {dagbag.py:588} INFO - Filling up the DagBag from /opt/airflow/dags/create_mart_dag.py
[2026-06-17T14:17:37.202+0000] {processor.py:925} INFO - DAG(s) 'create_analytics_mart' retrieved from /opt/airflow/dags/create_mart_dag.py
[2026-06-17T14:17:37.225+0000] {logging_mixin.py:190} INFO - [2026-06-17T14:17:37.225+0000] {dag.py:3239} INFO - Sync 1 DAGs
[2026-06-17T14:17:37.238+0000] {logging_mixin.py:190} INFO - [2026-06-17T14:17:37.238+0000] {dag.py:4180} INFO - Setting next_dagrun for create_analytics_mart to None, run_after=None
[2026-06-17T14:17:37.258+0000] {processor.py:208} INFO - Processing /opt/airflow/dags/create_mart_dag.py took 0.089 seconds
[2026-06-17T14:18:07.532+0000] {processor.py:186} INFO - Started process (PID=268) to work on /opt/airflow/dags/create_mart_dag.py
[2026-06-17T14:18:07.533+0000] {processor.py:914} INFO - Processing file /opt/airflow/dags/create_mart_dag.py for tasks to queue
[2026-06-17T14:18:07.536+0000] {logging_mixin.py:190} INFO - [2026-06-17T14:18:07.536+0000] {dagbag.py:588} INFO - Filling up the DagBag from /opt/airflow/dags/create_mart_dag.py
[2026-06-17T14:18:07.565+0000] {processor.py:925} INFO - DAG(s) 'create_analytics_mart' retrieved from /opt/airflow/dags/create_mart_dag.py
[2026-06-17T14:18:07.596+0000] {logging_mixin.py:190} INFO - [2026-06-17T14:18:07.595+0000] {dag.py:3239} INFO - Sync 1 DAGs
[2026-06-17T14:18:07.611+0000] {logging_mixin.py:190} INFO - [2026-06-17T14:18:07.611+0000] {dag.py:4180} INFO - Setting next_dagrun for create_analytics_mart to None, run_after=None
[2026-06-17T14:18:07.634+0000] {processor.py:208} INFO - Processing /opt/airflow/dags/create_mart_dag.py took 0.108 seconds
[2026-06-17T14:18:37.844+0000] {processor.py:186} INFO - Started process (PID=279) to work on /opt/airflow/dags/create_mart_dag.py
[2026-06-17T14:18:37.846+0000] {processor.py:914} INFO - Processing file /opt/airflow/dags/create_mart_dag.py for tasks to queue
[2026-06-17T14:18:37.849+0000] {logging_mixin.py:190} INFO - [2026-06-17T14:18:37.849+0000] {dagbag.py:588} INFO - Filling up the DagBag from /opt/airflow/dags/create_mart_dag.py
[2026-06-17T14:18:37.874+0000] {processor.py:925} INFO - DAG(s) 'create_analytics_mart' retrieved from /opt/airflow/dags/create_mart_dag.py
[2026-06-17T14:18:37.901+0000] {logging_mixin.py:190} INFO - [2026-06-17T14:18:37.901+0000] {dag.py:3239} INFO - Sync 1 DAGs
[2026-06-17T14:18:37.918+0000] {logging_mixin.py:190} INFO - [2026-06-17T14:18:37.918+0000] {dag.py:4180} INFO - Setting next_dagrun for create_analytics_mart to None, run_after=None
[2026-06-17T14:18:37.941+0000] {processor.py:208} INFO - Processing /opt/airflow/dags/create_mart_dag.py took 0.103 seconds
[2026-06-17T14:19:08.296+0000] {processor.py:186} INFO - Started process (PID=290) to work on /opt/airflow/dags/create_mart_dag.py
[2026-06-17T14:19:08.297+0000] {processor.py:914} INFO - Processing file /opt/airflow/dags/create_mart_dag.py for tasks to queue
[2026-06-17T14:19:08.299+0000] {logging_mixin.py:190} INFO - [2026-06-17T14:19:08.299+0000] {dagbag.py:588} INFO - Filling up the DagBag from /opt/airflow/dags/create_mart_dag.py
[2026-06-17T14:19:08.317+0000] {processor.py:925} INFO - DAG(s) 'create_analytics_mart' retrieved from /opt/airflow/dags/create_mart_dag.py
[2026-06-17T14:19:08.346+0000] {logging_mixin.py:190} INFO - [2026-06-17T14:19:08.346+0000] {dag.py:3239} INFO - Sync 1 DAGs
[2026-06-17T14:19:08.361+0000] {logging_mixin.py:190} INFO - [2026-06-17T14:19:08.361+0000] {dag.py:4180} INFO - Setting next_dagrun for create_analytics_mart to None, run_after=None
[2026-06-17T14:19:08.386+0000] {processor.py:208} INFO - Processing /opt/airflow/dags/create_mart_dag.py took 0.096 seconds
[2026-06-17T14:19:38.628+0000] {processor.py:186} INFO - Started process (PID=301) to work on /opt/airflow/dags/create_mart_dag.py
[2026-06-17T14:19:38.629+0000] {processor.py:914} INFO - Processing file /opt/airflow/dags/create_mart_dag.py for tasks to queue
[2026-06-17T14:19:38.631+0000] {logging_mixin.py:190} INFO - [2026-06-17T14:19:38.631+0000] {dagbag.py:588} INFO - Filling up the DagBag from /opt/airflow/dags/create_mart_dag.py
[2026-06-17T14:19:38.647+0000] {processor.py:925} INFO - DAG(s) 'create_analytics_mart' retrieved from /opt/airflow/dags/create_mart_dag.py
[2026-06-17T14:19:38.674+0000] {logging_mixin.py:190} INFO - [2026-06-17T14:19:38.673+0000] {dag.py:3239} INFO - Sync 1 DAGs
[2026-06-17T14:19:38.688+0000] {logging_mixin.py:190} INFO - [2026-06-17T14:19:38.688+0000] {dag.py:4180} INFO - Setting next_dagrun for create_analytics_mart to None, run_after=None
[2026-06-17T14:19:38.713+0000] {processor.py:208} INFO - Processing /opt/airflow/dags/create_mart_dag.py took 0.092 seconds
[2026-06-17T14:20:09.000+0000] {processor.py:186} INFO - Started process (PID=312) to work on /opt/airflow/dags/create_mart_dag.py
[2026-06-17T14:20:09.001+0000] {processor.py:914} INFO - Processing file /opt/airflow/dags/create_mart_dag.py for tasks to queue
[2026-06-17T14:20:09.004+0000] {logging_mixin.py:190} INFO - [2026-06-17T14:20:09.003+0000] {dagbag.py:588} INFO - Filling up the DagBag from /opt/airflow/dags/create_mart_dag.py
[2026-06-17T14:20:09.022+0000] {processor.py:925} INFO - DAG(s) 'create_analytics_mart' retrieved from /opt/airflow/dags/create_mart_dag.py
[2026-06-17T14:20:09.049+0000] {logging_mixin.py:190} INFO - [2026-06-17T14:20:09.049+0000] {dag.py:3239} INFO - Sync 1 DAGs
[2026-06-17T14:20:09.067+0000] {logging_mixin.py:190} INFO - [2026-06-17T14:20:09.066+0000] {dag.py:4180} INFO - Setting next_dagrun for create_analytics_mart to None, run_after=None
[2026-06-17T14:20:09.089+0000] {processor.py:208} INFO - Processing /opt/airflow/dags/create_mart_dag.py took 0.095 seconds
[2026-06-17T14:20:39.273+0000] {processor.py:186} INFO - Started process (PID=323) to work on /opt/airflow/dags/create_mart_dag.py
[2026-06-17T14:20:39.274+0000] {processor.py:914} INFO - Processing file /opt/airflow/dags/create_mart_dag.py for tasks to queue
[2026-06-17T14:20:39.277+0000] {logging_mixin.py:190} INFO - [2026-06-17T14:20:39.276+0000] {dagbag.py:588} INFO - Filling up the DagBag from /opt/airflow/dags/create_mart_dag.py
[2026-06-17T14:20:39.299+0000] {processor.py:925} INFO - DAG(s) 'create_analytics_mart' retrieved from /opt/airflow/dags/create_mart_dag.py
[2026-06-17T14:20:39.326+0000] {logging_mixin.py:190} INFO - [2026-06-17T14:20:39.326+0000] {dag.py:3239} INFO - Sync 1 DAGs
[2026-06-17T14:20:39.341+0000] {logging_mixin.py:190} INFO - [2026-06-17T14:20:39.341+0000] {dag.py:4180} INFO - Setting next_dagrun for create_analytics_mart to None, run_after=None
[2026-06-17T14:20:39.364+0000] {processor.py:208} INFO - Processing /opt/airflow/dags/create_mart_dag.py took 0.097 seconds
[2026-06-17T14:21:09.666+0000] {processor.py:186} INFO - Started process (PID=334) to work on /opt/airflow/dags/create_mart_dag.py
[2026-06-17T14:21:09.667+0000] {processor.py:914} INFO - Processing file /opt/airflow/dags/create_mart_dag.py for tasks to queue
[2026-06-17T14:21:09.669+0000] {logging_mixin.py:190} INFO - [2026-06-17T14:21:09.669+0000] {dagbag.py:588} INFO - Filling up the DagBag from /opt/airflow/dags/create_mart_dag.py
[2026-06-17T14:21:09.685+0000] {processor.py:925} INFO - DAG(s) 'create_analytics_mart' retrieved from /opt/airflow/dags/create_mart_dag.py
[2026-06-17T14:21:09.710+0000] {logging_mixin.py:190} INFO - [2026-06-17T14:21:09.710+0000] {dag.py:3239} INFO - Sync 1 DAGs
[2026-06-17T14:21:09.723+0000] {logging_mixin.py:190} INFO - [2026-06-17T14:21:09.723+0000] {dag.py:4180} INFO - Setting next_dagrun for create_analytics_mart to None, run_after=None
[2026-06-17T14:21:09.744+0000] {processor.py:208} INFO - Processing /opt/airflow/dags/create_mart_dag.py took 0.084 seconds
[2026-06-17T14:21:40.066+0000] {processor.py:186} INFO - Started process (PID=345) to work on /opt/airflow/dags/create_mart_dag.py
[2026-06-17T14:21:40.067+0000] {processor.py:914} INFO - Processing file /opt/airflow/dags/create_mart_dag.py for tasks to queue
[2026-06-17T14:21:40.070+0000] {logging_mixin.py:190} INFO - [2026-06-17T14:21:40.069+0000] {dagbag.py:588} INFO - Filling up the DagBag from /opt/airflow/dags/create_mart_dag.py
[2026-06-17T14:21:40.092+0000] {processor.py:925} INFO - DAG(s) 'create_analytics_mart' retrieved from /opt/airflow/dags/create_mart_dag.py
[2026-06-17T14:21:40.121+0000] {logging_mixin.py:190} INFO - [2026-06-17T14:21:40.120+0000] {dag.py:3239} INFO - Sync 1 DAGs
[2026-06-17T14:21:40.136+0000] {logging_mixin.py:190} INFO - [2026-06-17T14:21:40.136+0000] {dag.py:4180} INFO - Setting next_dagrun for create_analytics_mart to None, run_after=None
[2026-06-17T14:21:40.160+0000] {processor.py:208} INFO - Processing /opt/airflow/dags/create_mart_dag.py took 0.100 seconds
[2026-06-17T14:22:10.410+0000] {processor.py:186} INFO - Started process (PID=356) to work on /opt/airflow/dags/create_mart_dag.py
[2026-06-17T14:22:10.411+0000] {processor.py:914} INFO - Processing file /opt/airflow/dags/create_mart_dag.py for tasks to queue
[2026-06-17T14:22:10.414+0000] {logging_mixin.py:190} INFO - [2026-06-17T14:22:10.413+0000] {dagbag.py:588} INFO - Filling up the DagBag from /opt/airflow/dags/create_mart_dag.py
[2026-06-17T14:22:10.433+0000] {processor.py:925} INFO - DAG(s) 'create_analytics_mart' retrieved from /opt/airflow/dags/create_mart_dag.py
[2026-06-17T14:22:10.459+0000] {logging_mixin.py:190} INFO - [2026-06-17T14:22:10.458+0000] {dag.py:3239} INFO - Sync 1 DAGs
[2026-06-17T14:22:10.475+0000] {logging_mixin.py:190} INFO - [2026-06-17T14:22:10.474+0000] {dag.py:4180} INFO - Setting next_dagrun for create_analytics_mart to None, run_after=None
[2026-06-17T14:22:10.498+0000] {processor.py:208} INFO - Processing /opt/airflow/dags/create_mart_dag.py took 0.094 seconds
[2026-06-17T14:22:40.717+0000] {processor.py:186} INFO - Started process (PID=367) to work on /opt/airflow/dags/create_mart_dag.py
[2026-06-17T14:22:40.718+0000] {processor.py:914} INFO - Processing file /opt/airflow/dags/create_mart_dag.py for tasks to queue
[2026-06-17T14:22:40.721+0000] {logging_mixin.py:190} INFO - [2026-06-17T14:22:40.720+0000] {dagbag.py:588} INFO - Filling up the DagBag from /opt/airflow/dags/create_mart_dag.py
[2026-06-17T14:22:40.739+0000] {processor.py:925} INFO - DAG(s) 'create_analytics_mart' retrieved from /opt/airflow/dags/create_mart_dag.py
[2026-06-17T14:22:40.768+0000] {logging_mixin.py:190} INFO - [2026-06-17T14:22:40.768+0000] {dag.py:3239} INFO - Sync 1 DAGs
[2026-06-17T14:22:40.783+0000] {logging_mixin.py:190} INFO - [2026-06-17T14:22:40.783+0000] {dag.py:4180} INFO - Setting next_dagrun for create_analytics_mart to None, run_after=None
[2026-06-17T14:22:40.805+0000] {processor.py:208} INFO - Processing /opt/airflow/dags/create_mart_dag.py took 0.095 seconds
[2026-06-17T14:23:11.067+0000] {processor.py:186} INFO - Started process (PID=378) to work on /opt/airflow/dags/create_mart_dag.py
[2026-06-17T14:23:11.068+0000] {processor.py:914} INFO - Processing file /opt/airflow/dags/create_mart_dag.py for tasks to queue
[2026-06-17T14:23:11.071+0000] {logging_mixin.py:190} INFO - [2026-06-17T14:23:11.070+0000] {dagbag.py:588} INFO - Filling up the DagBag from /opt/airflow/dags/create_mart_dag.py
[2026-06-17T14:23:11.092+0000] {processor.py:925} INFO - DAG(s) 'create_analytics_mart' retrieved from /opt/airflow/dags/create_mart_dag.py
[2026-06-17T14:23:11.121+0000] {logging_mixin.py:190} INFO - [2026-06-17T14:23:11.121+0000] {dag.py:3239} INFO - Sync 1 DAGs
[2026-06-17T14:23:11.136+0000] {logging_mixin.py:190} INFO - [2026-06-17T14:23:11.136+0000] {dag.py:4180} INFO - Setting next_dagrun for create_analytics_mart to None, run_after=None
[2026-06-17T14:23:11.159+0000] {processor.py:208} INFO - Processing /opt/airflow/dags/create_mart_dag.py took 0.098 seconds
[2026-06-17T14:23:41.414+0000] {processor.py:186} INFO - Started process (PID=389) to work on /opt/airflow/dags/create_mart_dag.py
[2026-06-17T14:23:41.415+0000] {processor.py:914} INFO - Processing file /opt/airflow/dags/create_mart_dag.py for tasks to queue
[2026-06-17T14:23:41.418+0000] {logging_mixin.py:190} INFO - [2026-06-17T14:23:41.418+0000] {dagbag.py:588} INFO - Filling up the DagBag from /opt/airflow/dags/create_mart_dag.py
[2026-06-17T14:23:41.439+0000] {processor.py:925} INFO - DAG(s) 'create_analytics_mart' retrieved from /opt/airflow/dags/create_mart_dag.py
[2026-06-17T14:23:41.465+0000] {logging_mixin.py:190} INFO - [2026-06-17T14:23:41.464+0000] {dag.py:3239} INFO - Sync 1 DAGs
[2026-06-17T14:23:41.480+0000] {logging_mixin.py:190} INFO - [2026-06-17T14:23:41.480+0000] {dag.py:4180} INFO - Setting next_dagrun for create_analytics_mart to None, run_after=None
[2026-06-17T14:23:41.501+0000] {processor.py:208} INFO - Processing /opt/airflow/dags/create_mart_dag.py took 0.093 seconds
[2026-06-17T14:24:11.747+0000] {processor.py:186} INFO - Started process (PID=400) to work on /opt/airflow/dags/create_mart_dag.py
[2026-06-17T14:24:11.748+0000] {processor.py:914} INFO - Processing file /opt/airflow/dags/create_mart_dag.py for tasks to queue
[2026-06-17T14:24:11.757+0000] {logging_mixin.py:190} INFO - [2026-06-17T14:24:11.756+0000] {dagbag.py:588} INFO - Filling up the DagBag from /opt/airflow/dags/create_mart_dag.py
[2026-06-17T14:24:11.812+0000] {processor.py:925} INFO - DAG(s) 'create_analytics_mart' retrieved from /opt/airflow/dags/create_mart_dag.py
[2026-06-17T14:24:11.850+0000] {logging_mixin.py:190} INFO - [2026-06-17T14:24:11.850+0000] {dag.py:3239} INFO - Sync 1 DAGs
[2026-06-17T14:24:11.868+0000] {logging_mixin.py:190} INFO - [2026-06-17T14:24:11.868+0000] {dag.py:4180} INFO - Setting next_dagrun for create_analytics_mart to None, run_after=None
[2026-06-17T14:24:11.914+0000] {processor.py:208} INFO - Processing /opt/airflow/dags/create_mart_dag.py took 0.191 seconds
[2026-06-17T14:24:42.096+0000] {processor.py:186} INFO - Started process (PID=414) to work on /opt/airflow/dags/create_mart_dag.py
[2026-06-17T14:24:42.097+0000] {processor.py:914} INFO - Processing file /opt/airflow/dags/create_mart_dag.py for tasks to queue
[2026-06-17T14:24:42.099+0000] {logging_mixin.py:190} INFO - [2026-06-17T14:24:42.099+0000] {dagbag.py:588} INFO - Filling up the DagBag from /opt/airflow/dags/create_mart_dag.py
[2026-06-17T14:24:42.117+0000] {processor.py:925} INFO - DAG(s) 'create_analytics_mart' retrieved from /opt/airflow/dags/create_mart_dag.py
[2026-06-17T14:24:42.145+0000] {logging_mixin.py:190} INFO - [2026-06-17T14:24:42.145+0000] {dag.py:3239} INFO - Sync 1 DAGs
[2026-06-17T14:24:42.160+0000] {logging_mixin.py:190} INFO - [2026-06-17T14:24:42.160+0000] {dag.py:4180} INFO - Setting next_dagrun for create_analytics_mart to None, run_after=None
[2026-06-17T14:24:42.183+0000] {processor.py:208} INFO - Processing /opt/airflow/dags/create_mart_dag.py took 0.094 seconds
[2026-06-17T14:25:12.381+0000] {processor.py:186} INFO - Started process (PID=425) to work on /opt/airflow/dags/create_mart_dag.py
[2026-06-17T14:25:12.382+0000] {processor.py:914} INFO - Processing file /opt/airflow/dags/create_mart_dag.py for tasks to queue
[2026-06-17T14:25:12.384+0000] {logging_mixin.py:190} INFO - [2026-06-17T14:25:12.384+0000] {dagbag.py:588} INFO - Filling up the DagBag from /opt/airflow/dags/create_mart_dag.py
[2026-06-17T14:25:12.402+0000] {processor.py:925} INFO - DAG(s) 'create_analytics_mart' retrieved from /opt/airflow/dags/create_mart_dag.py
[2026-06-17T14:25:12.430+0000] {logging_mixin.py:190} INFO - [2026-06-17T14:25:12.430+0000] {dag.py:3239} INFO - Sync 1 DAGs
[2026-06-17T14:25:12.443+0000] {logging_mixin.py:190} INFO - [2026-06-17T14:25:12.443+0000] {dag.py:4180} INFO - Setting next_dagrun for create_analytics_mart to None, run_after=None
[2026-06-17T14:25:12.468+0000] {processor.py:208} INFO - Processing /opt/airflow/dags/create_mart_dag.py took 0.094 seconds
[2026-06-17T14:25:42.791+0000] {processor.py:186} INFO - Started process (PID=436) to work on /opt/airflow/dags/create_mart_dag.py
[2026-06-17T14:25:42.792+0000] {processor.py:914} INFO - Processing file /opt/airflow/dags/create_mart_dag.py for tasks to queue
[2026-06-17T14:25:42.794+0000] {logging_mixin.py:190} INFO - [2026-06-17T14:25:42.794+0000] {dagbag.py:588} INFO - Filling up the DagBag from /opt/airflow/dags/create_mart_dag.py
[2026-06-17T14:25:42.811+0000] {processor.py:925} INFO - DAG(s) 'create_analytics_mart' retrieved from /opt/airflow/dags/create_mart_dag.py
[2026-06-17T14:25:42.836+0000] {logging_mixin.py:190} INFO - [2026-06-17T14:25:42.836+0000] {dag.py:3239} INFO - Sync 1 DAGs
[2026-06-17T14:25:42.849+0000] {logging_mixin.py:190} INFO - [2026-06-17T14:25:42.849+0000] {dag.py:4180} INFO - Setting next_dagrun for create_analytics_mart to None, run_after=None
[2026-06-17T14:25:42.871+0000] {processor.py:208} INFO - Processing /opt/airflow/dags/create_mart_dag.py took 0.085 seconds
[2026-06-17T14:26:13.074+0000] {processor.py:186} INFO - Started process (PID=447) to work on /opt/airflow/dags/create_mart_dag.py
[2026-06-17T14:26:13.075+0000] {processor.py:914} INFO - Processing file /opt/airflow/dags/create_mart_dag.py for tasks to queue
[2026-06-17T14:26:13.078+0000] {logging_mixin.py:190} INFO - [2026-06-17T14:26:13.078+0000] {dagbag.py:588} INFO - Filling up the DagBag from /opt/airflow/dags/create_mart_dag.py
[2026-06-17T14:26:13.099+0000] {processor.py:925} INFO - DAG(s) 'create_analytics_mart' retrieved from /opt/airflow/dags/create_mart_dag.py
[2026-06-17T14:26:13.124+0000] {logging_mixin.py:190} INFO - [2026-06-17T14:26:13.124+0000] {dag.py:3239} INFO - Sync 1 DAGs
[2026-06-17T14:26:13.137+0000] {logging_mixin.py:190} INFO - [2026-06-17T14:26:13.137+0000] {dag.py:4180} INFO - Setting next_dagrun for create_analytics_mart to None, run_after=None
[2026-06-17T14:26:13.161+0000] {processor.py:208} INFO - Processing /opt/airflow/dags/create_mart_dag.py took 0.093 seconds
[2026-06-17T14:26:43.462+0000] {processor.py:186} INFO - Started process (PID=458) to work on /opt/airflow/dags/create_mart_dag.py
[2026-06-17T14:26:43.463+0000] {processor.py:914} INFO - Processing file /opt/airflow/dags/create_mart_dag.py for tasks to queue
[2026-06-17T14:26:43.466+0000] {logging_mixin.py:190} INFO - [2026-06-17T14:26:43.465+0000] {dagbag.py:588} INFO - Filling up the DagBag from /opt/airflow/dags/create_mart_dag.py
[2026-06-17T14:26:43.484+0000] {processor.py:925} INFO - DAG(s) 'create_analytics_mart' retrieved from /opt/airflow/dags/create_mart_dag.py
[2026-06-17T14:26:43.509+0000] {logging_mixin.py:190} INFO - [2026-06-17T14:26:43.508+0000] {dag.py:3239} INFO - Sync 1 DAGs
[2026-06-17T14:26:43.524+0000] {logging_mixin.py:190} INFO - [2026-06-17T14:26:43.523+0000] {dag.py:4180} INFO - Setting next_dagrun for create_analytics_mart to None, run_after=None
[2026-06-17T14:26:43.547+0000] {processor.py:208} INFO - Processing /opt/airflow/dags/create_mart_dag.py took 0.092 seconds
[2026-06-17T14:27:13.836+0000] {processor.py:186} INFO - Started process (PID=469) to work on /opt/airflow/dags/create_mart_dag.py
[2026-06-17T14:27:13.837+0000] {processor.py:914} INFO - Processing file /opt/airflow/dags/create_mart_dag.py for tasks to queue
[2026-06-17T14:27:13.840+0000] {logging_mixin.py:190} INFO - [2026-06-17T14:27:13.840+0000] {dagbag.py:588} INFO - Filling up the DagBag from /opt/airflow/dags/create_mart_dag.py
[2026-06-17T14:27:13.861+0000] {processor.py:925} INFO - DAG(s) 'create_analytics_mart' retrieved from /opt/airflow/dags/create_mart_dag.py
[2026-06-17T14:27:13.888+0000] {logging_mixin.py:190} INFO - [2026-06-17T14:27:13.888+0000] {dag.py:3239} INFO - Sync 1 DAGs
[2026-06-17T14:27:13.902+0000] {logging_mixin.py:190} INFO - [2026-06-17T14:27:13.902+0000] {dag.py:4180} INFO - Setting next_dagrun for create_analytics_mart to None, run_after=None
[2026-06-17T14:27:13.927+0000] {processor.py:208} INFO - Processing /opt/airflow/dags/create_mart_dag.py took 0.097 seconds
[2026-06-17T14:27:44.159+0000] {processor.py:186} INFO - Started process (PID=480) to work on /opt/airflow/dags/create_mart_dag.py
[2026-06-17T14:27:44.160+0000] {processor.py:914} INFO - Processing file /opt/airflow/dags/create_mart_dag.py for tasks to queue
[2026-06-17T14:27:44.163+0000] {logging_mixin.py:190} INFO - [2026-06-17T14:27:44.163+0000] {dagbag.py:588} INFO - Filling up the DagBag from /opt/airflow/dags/create_mart_dag.py
[2026-06-17T14:27:44.183+0000] {processor.py:925} INFO - DAG(s) 'create_analytics_mart' retrieved from /opt/airflow/dags/create_mart_dag.py
[2026-06-17T14:27:44.213+0000] {logging_mixin.py:190} INFO - [2026-06-17T14:27:44.212+0000] {dag.py:3239} INFO - Sync 1 DAGs
[2026-06-17T14:27:44.230+0000] {logging_mixin.py:190} INFO - [2026-06-17T14:27:44.229+0000] {dag.py:4180} INFO - Setting next_dagrun for create_analytics_mart to None, run_after=None
[2026-06-17T14:27:44.257+0000] {processor.py:208} INFO - Processing /opt/airflow/dags/create_mart_dag.py took 0.103 seconds
[2026-06-17T14:28:14.472+0000] {processor.py:186} INFO - Started process (PID=491) to work on /opt/airflow/dags/create_mart_dag.py
[2026-06-17T14:28:14.473+0000] {processor.py:914} INFO - Processing file /opt/airflow/dags/create_mart_dag.py for tasks to queue
[2026-06-17T14:28:14.476+0000] {logging_mixin.py:190} INFO - [2026-06-17T14:28:14.476+0000] {dagbag.py:588} INFO - Filling up the DagBag from /opt/airflow/dags/create_mart_dag.py
[2026-06-17T14:28:14.498+0000] {processor.py:925} INFO - DAG(s) 'create_analytics_mart' retrieved from /opt/airflow/dags/create_mart_dag.py
[2026-06-17T14:28:14.525+0000] {logging_mixin.py:190} INFO - [2026-06-17T14:28:14.524+0000] {dag.py:3239} INFO - Sync 1 DAGs
[2026-06-17T14:28:14.538+0000] {logging_mixin.py:190} INFO - [2026-06-17T14:28:14.538+0000] {dag.py:4180} INFO - Setting next_dagrun for create_analytics_mart to None, run_after=None
[2026-06-17T14:28:14.559+0000] {processor.py:208} INFO - Processing /opt/airflow/dags/create_mart_dag.py took 0.093 seconds
[2026-06-17T14:28:44.892+0000] {processor.py:186} INFO - Started process (PID=502) to work on /opt/airflow/dags/create_mart_dag.py
[2026-06-17T14:28:44.893+0000] {processor.py:914} INFO - Processing file /opt/airflow/dags/create_mart_dag.py for tasks to queue
[2026-06-17T14:28:44.895+0000] {logging_mixin.py:190} INFO - [2026-06-17T14:28:44.895+0000] {dagbag.py:588} INFO - Filling up the DagBag from /opt/airflow/dags/create_mart_dag.py
[2026-06-17T14:28:44.909+0000] {processor.py:925} INFO - DAG(s) 'create_analytics_mart' retrieved from /opt/airflow/dags/create_mart_dag.py
[2026-06-17T14:28:44.932+0000] {logging_mixin.py:190} INFO - [2026-06-17T14:28:44.932+0000] {dag.py:3239} INFO - Sync 1 DAGs
[2026-06-17T14:28:44.946+0000] {logging_mixin.py:190} INFO - [2026-06-17T14:28:44.946+0000] {dag.py:4180} INFO - Setting next_dagrun for create_analytics_mart to None, run_after=None
[2026-06-17T14:28:44.970+0000] {processor.py:208} INFO - Processing /opt/airflow/dags/create_mart_dag.py took 0.084 seconds
[2026-06-17T14:29:15.232+0000] {processor.py:186} INFO - Started process (PID=513) to work on /opt/airflow/dags/create_mart_dag.py
[2026-06-17T14:29:15.233+0000] {processor.py:914} INFO - Processing file /opt/airflow/dags/create_mart_dag.py for tasks to queue
[2026-06-17T14:29:15.236+0000] {logging_mixin.py:190} INFO - [2026-06-17T14:29:15.236+0000] {dagbag.py:588} INFO - Filling up the DagBag from /opt/airflow/dags/create_mart_dag.py
[2026-06-17T14:29:15.259+0000] {processor.py:925} INFO - DAG(s) 'create_analytics_mart' retrieved from /opt/airflow/dags/create_mart_dag.py
[2026-06-17T14:29:15.284+0000] {logging_mixin.py:190} INFO - [2026-06-17T14:29:15.284+0000] {dag.py:3239} INFO - Sync 1 DAGs
[2026-06-17T14:29:15.299+0000] {logging_mixin.py:190} INFO - [2026-06-17T14:29:15.298+0000] {dag.py:4180} INFO - Setting next_dagrun for create_analytics_mart to None, run_after=None
[2026-06-17T14:29:15.324+0000] {processor.py:208} INFO - Processing /opt/airflow/dags/create_mart_dag.py took 0.097 seconds
[2026-06-17T14:29:45.559+0000] {processor.py:186} INFO - Started process (PID=527) to work on /opt/airflow/dags/create_mart_dag.py
[2026-06-17T14:29:45.560+0000] {processor.py:914} INFO - Processing file /opt/airflow/dags/create_mart_dag.py for tasks to queue
[2026-06-17T14:29:45.563+0000] {logging_mixin.py:190} INFO - [2026-06-17T14:29:45.562+0000] {dagbag.py:588} INFO - Filling up the DagBag from /opt/airflow/dags/create_mart_dag.py
[2026-06-17T14:29:45.581+0000] {processor.py:925} INFO - DAG(s) 'create_analytics_mart' retrieved from /opt/airflow/dags/create_mart_dag.py
[2026-06-17T14:29:45.630+0000] {logging_mixin.py:190} INFO - [2026-06-17T14:29:45.629+0000] {dag.py:3239} INFO - Sync 1 DAGs
[2026-06-17T14:29:45.651+0000] {logging_mixin.py:190} INFO - [2026-06-17T14:29:45.651+0000] {dag.py:4180} INFO - Setting next_dagrun for create_analytics_mart to None, run_after=None
[2026-06-17T14:29:45.678+0000] {processor.py:208} INFO - Processing /opt/airflow/dags/create_mart_dag.py took 0.126 seconds
[2026-06-17T14:30:15.839+0000] {processor.py:186} INFO - Started process (PID=538) to work on /opt/airflow/dags/create_mart_dag.py
[2026-06-17T14:30:15.841+0000] {processor.py:914} INFO - Processing file /opt/airflow/dags/create_mart_dag.py for tasks to queue
[2026-06-17T14:30:15.844+0000] {logging_mixin.py:190} INFO - [2026-06-17T14:30:15.843+0000] {dagbag.py:588} INFO - Filling up the DagBag from /opt/airflow/dags/create_mart_dag.py
[2026-06-17T14:30:15.880+0000] {processor.py:925} INFO - DAG(s) 'create_analytics_mart' retrieved from /opt/airflow/dags/create_mart_dag.py
[2026-06-17T14:30:15.925+0000] {logging_mixin.py:190} INFO - [2026-06-17T14:30:15.924+0000] {dag.py:3239} INFO - Sync 1 DAGs
[2026-06-17T14:30:15.943+0000] {logging_mixin.py:190} INFO - [2026-06-17T14:30:15.943+0000] {dag.py:4180} INFO - Setting next_dagrun for create_analytics_mart to None, run_after=None
[2026-06-17T14:30:15.970+0000] {processor.py:208} INFO - Processing /opt/airflow/dags/create_mart_dag.py took 0.137 seconds
[2026-06-17T14:30:46.199+0000] {processor.py:186} INFO - Started process (PID=549) to work on /opt/airflow/dags/create_mart_dag.py
[2026-06-17T14:30:46.200+0000] {processor.py:914} INFO - Processing file /opt/airflow/dags/create_mart_dag.py for tasks to queue
[2026-06-17T14:30:46.203+0000] {logging_mixin.py:190} INFO - [2026-06-17T14:30:46.202+0000] {dagbag.py:588} INFO - Filling up the DagBag from /opt/airflow/dags/create_mart_dag.py
[2026-06-17T14:30:46.230+0000] {processor.py:925} INFO - DAG(s) 'create_analytics_mart' retrieved from /opt/airflow/dags/create_mart_dag.py
[2026-06-17T14:30:46.255+0000] {logging_mixin.py:190} INFO - [2026-06-17T14:30:46.255+0000] {dag.py:3239} INFO - Sync 1 DAGs
[2026-06-17T14:30:46.269+0000] {logging_mixin.py:190} INFO - [2026-06-17T14:30:46.269+0000] {dag.py:4180} INFO - Setting next_dagrun for create_analytics_mart to None, run_after=None
[2026-06-17T14:30:46.295+0000] {processor.py:208} INFO - Processing /opt/airflow/dags/create_mart_dag.py took 0.103 seconds
[2026-06-17T14:31:16.602+0000] {processor.py:186} INFO - Started process (PID=560) to work on /opt/airflow/dags/create_mart_dag.py
[2026-06-17T14:31:16.603+0000] {processor.py:914} INFO - Processing file /opt/airflow/dags/create_mart_dag.py for tasks to queue
[2026-06-17T14:31:16.609+0000] {logging_mixin.py:190} INFO - [2026-06-17T14:31:16.608+0000] {dagbag.py:588} INFO - Filling up the DagBag from /opt/airflow/dags/create_mart_dag.py
[2026-06-17T14:31:16.631+0000] {processor.py:925} INFO - DAG(s) 'create_analytics_mart' retrieved from /opt/airflow/dags/create_mart_dag.py
[2026-06-17T14:31:16.663+0000] {logging_mixin.py:190} INFO - [2026-06-17T14:31:16.662+0000] {dag.py:3239} INFO - Sync 1 DAGs
[2026-06-17T14:31:16.683+0000] {logging_mixin.py:190} INFO - [2026-06-17T14:31:16.682+0000] {dag.py:4180} INFO - Setting next_dagrun for create_analytics_mart to None, run_after=None
[2026-06-17T14:31:16.710+0000] {processor.py:208} INFO - Processing /opt/airflow/dags/create_mart_dag.py took 0.116 seconds
[2026-06-17T14:31:46.914+0000] {processor.py:186} INFO - Started process (PID=574) to work on /opt/airflow/dags/create_mart_dag.py
[2026-06-17T14:31:46.915+0000] {processor.py:914} INFO - Processing file /opt/airflow/dags/create_mart_dag.py for tasks to queue
[2026-06-17T14:31:46.918+0000] {logging_mixin.py:190} INFO - [2026-06-17T14:31:46.918+0000] {dagbag.py:588} INFO - Filling up the DagBag from /opt/airflow/dags/create_mart_dag.py
[2026-06-17T14:31:46.943+0000] {processor.py:925} INFO - DAG(s) 'create_analytics_mart' retrieved from /opt/airflow/dags/create_mart_dag.py
[2026-06-17T14:31:46.973+0000] {logging_mixin.py:190} INFO - [2026-06-17T14:31:46.973+0000] {dag.py:3239} INFO - Sync 1 DAGs
[2026-06-17T14:31:46.988+0000] {logging_mixin.py:190} INFO - [2026-06-17T14:31:46.988+0000] {dag.py:4180} INFO - Setting next_dagrun for create_analytics_mart to None, run_after=None
[2026-06-17T14:31:47.008+0000] {processor.py:208} INFO - Processing /opt/airflow/dags/create_mart_dag.py took 0.102 seconds
[2026-06-17T14:32:17.287+0000] {processor.py:186} INFO - Started process (PID=585) to work on /opt/airflow/dags/create_mart_dag.py
[2026-06-17T14:32:17.288+0000] {processor.py:914} INFO - Processing file /opt/airflow/dags/create_mart_dag.py for tasks to queue
[2026-06-17T14:32:17.290+0000] {logging_mixin.py:190} INFO - [2026-06-17T14:32:17.290+0000] {dagbag.py:588} INFO - Filling up the DagBag from /opt/airflow/dags/create_mart_dag.py
[2026-06-17T14:32:17.307+0000] {processor.py:925} INFO - DAG(s) 'create_analytics_mart' retrieved from /opt/airflow/dags/create_mart_dag.py
[2026-06-17T14:32:17.334+0000] {logging_mixin.py:190} INFO - [2026-06-17T14:32:17.334+0000] {dag.py:3239} INFO - Sync 1 DAGs
[2026-06-17T14:32:17.350+0000] {logging_mixin.py:190} INFO - [2026-06-17T14:32:17.350+0000] {dag.py:4180} INFO - Setting next_dagrun for create_analytics_mart to None, run_after=None
[2026-06-17T14:32:17.373+0000] {processor.py:208} INFO - Processing /opt/airflow/dags/create_mart_dag.py took 0.092 seconds
[2026-06-17T14:32:47.641+0000] {processor.py:186} INFO - Started process (PID=596) to work on /opt/airflow/dags/create_mart_dag.py
[2026-06-17T14:32:47.642+0000] {processor.py:914} INFO - Processing file /opt/airflow/dags/create_mart_dag.py for tasks to queue
[2026-06-17T14:32:47.645+0000] {logging_mixin.py:190} INFO - [2026-06-17T14:32:47.645+0000] {dagbag.py:588} INFO - Filling up the DagBag from /opt/airflow/dags/create_mart_dag.py
[2026-06-17T14:32:47.671+0000] {processor.py:925} INFO - DAG(s) 'create_analytics_mart' retrieved from /opt/airflow/dags/create_mart_dag.py
[2026-06-17T14:32:47.696+0000] {logging_mixin.py:190} INFO - [2026-06-17T14:32:47.696+0000] {dag.py:3239} INFO - Sync 1 DAGs
[2026-06-17T14:32:47.709+0000] {logging_mixin.py:190} INFO - [2026-06-17T14:32:47.709+0000] {dag.py:4180} INFO - Setting next_dagrun for create_analytics_mart to None, run_after=None
[2026-06-17T14:32:47.731+0000] {processor.py:208} INFO - Processing /opt/airflow/dags/create_mart_dag.py took 0.098 seconds
[2026-06-17T14:33:17.948+0000] {processor.py:186} INFO - Started process (PID=616) to work on /opt/airflow/dags/create_mart_dag.py
[2026-06-17T14:33:17.949+0000] {processor.py:914} INFO - Processing file /opt/airflow/dags/create_mart_dag.py for tasks to queue
[2026-06-17T14:33:17.951+0000] {logging_mixin.py:190} INFO - [2026-06-17T14:33:17.951+0000] {dagbag.py:588} INFO - Filling up the DagBag from /opt/airflow/dags/create_mart_dag.py
[2026-06-17T14:33:17.970+0000] {processor.py:925} INFO - DAG(s) 'create_analytics_mart' retrieved from /opt/airflow/dags/create_mart_dag.py
[2026-06-17T14:33:17.997+0000] {logging_mixin.py:190} INFO - [2026-06-17T14:33:17.997+0000] {dag.py:3239} INFO - Sync 1 DAGs
[2026-06-17T14:33:18.027+0000] {logging_mixin.py:190} INFO - [2026-06-17T14:33:18.027+0000] {dag.py:4180} INFO - Setting next_dagrun for create_analytics_mart to None, run_after=None
[2026-06-17T14:33:18.050+0000] {processor.py:208} INFO - Processing /opt/airflow/dags/create_mart_dag.py took 0.109 seconds
[2026-06-17T14:33:48.469+0000] {processor.py:186} INFO - Started process (PID=628) to work on /opt/airflow/dags/create_mart_dag.py
[2026-06-17T14:33:48.470+0000] {processor.py:914} INFO - Processing file /opt/airflow/dags/create_mart_dag.py for tasks to queue
[2026-06-17T14:33:48.472+0000] {logging_mixin.py:190} INFO - [2026-06-17T14:33:48.472+0000] {dagbag.py:588} INFO - Filling up the DagBag from /opt/airflow/dags/create_mart_dag.py
[2026-06-17T14:33:48.489+0000] {processor.py:925} INFO - DAG(s) 'create_analytics_mart' retrieved from /opt/airflow/dags/create_mart_dag.py
[2026-06-17T14:33:48.513+0000] {logging_mixin.py:190} INFO - [2026-06-17T14:33:48.513+0000] {dag.py:3239} INFO - Sync 1 DAGs
[2026-06-17T14:33:48.526+0000] {logging_mixin.py:190} INFO - [2026-06-17T14:33:48.526+0000] {dag.py:4180} INFO - Setting next_dagrun for create_analytics_mart to None, run_after=None
[2026-06-17T14:33:48.548+0000] {processor.py:208} INFO - Processing /opt/airflow/dags/create_mart_dag.py took 0.084 seconds
[2026-06-17T14:34:18.824+0000] {processor.py:186} INFO - Started process (PID=639) to work on /opt/airflow/dags/create_mart_dag.py
[2026-06-17T14:34:18.825+0000] {processor.py:914} INFO - Processing file /opt/airflow/dags/create_mart_dag.py for tasks to queue
[2026-06-17T14:34:18.829+0000] {logging_mixin.py:190} INFO - [2026-06-17T14:34:18.828+0000] {dagbag.py:588} INFO - Filling up the DagBag from /opt/airflow/dags/create_mart_dag.py
[2026-06-17T14:34:18.849+0000] {processor.py:925} INFO - DAG(s) 'create_analytics_mart' retrieved from /opt/airflow/dags/create_mart_dag.py
[2026-06-17T14:34:18.873+0000] {logging_mixin.py:190} INFO - [2026-06-17T14:34:18.872+0000] {dag.py:3239} INFO - Sync 1 DAGs
[2026-06-17T14:34:18.887+0000] {logging_mixin.py:190} INFO - [2026-06-17T14:34:18.887+0000] {dag.py:4180} INFO - Setting next_dagrun for create_analytics_mart to None, run_after=None
[2026-06-17T14:34:18.909+0000] {processor.py:208} INFO - Processing /opt/airflow/dags/create_mart_dag.py took 0.090 seconds
[2026-06-17T14:34:49.110+0000] {processor.py:186} INFO - Started process (PID=650) to work on /opt/airflow/dags/create_mart_dag.py
[2026-06-17T14:34:49.111+0000] {processor.py:914} INFO - Processing file /opt/airflow/dags/create_mart_dag.py for tasks to queue
[2026-06-17T14:34:49.113+0000] {logging_mixin.py:190} INFO - [2026-06-17T14:34:49.113+0000] {dagbag.py:588} INFO - Filling up the DagBag from /opt/airflow/dags/create_mart_dag.py
[2026-06-17T14:34:49.134+0000] {processor.py:925} INFO - DAG(s) 'create_analytics_mart' retrieved from /opt/airflow/dags/create_mart_dag.py
[2026-06-17T14:34:49.161+0000] {logging_mixin.py:190} INFO - [2026-06-17T14:34:49.161+0000] {dag.py:3239} INFO - Sync 1 DAGs
[2026-06-17T14:34:49.175+0000] {logging_mixin.py:190} INFO - [2026-06-17T14:34:49.175+0000] {dag.py:4180} INFO - Setting next_dagrun for create_analytics_mart to None, run_after=None
[2026-06-17T14:34:49.196+0000] {processor.py:208} INFO - Processing /opt/airflow/dags/create_mart_dag.py took 0.092 seconds
[2026-06-17T14:35:19.525+0000] {processor.py:186} INFO - Started process (PID=661) to work on /opt/airflow/dags/create_mart_dag.py
[2026-06-17T14:35:19.526+0000] {processor.py:914} INFO - Processing file /opt/airflow/dags/create_mart_dag.py for tasks to queue
[2026-06-17T14:35:19.529+0000] {logging_mixin.py:190} INFO - [2026-06-17T14:35:19.528+0000] {dagbag.py:588} INFO - Filling up the DagBag from /opt/airflow/dags/create_mart_dag.py
[2026-06-17T14:35:19.546+0000] {processor.py:925} INFO - DAG(s) 'create_analytics_mart' retrieved from /opt/airflow/dags/create_mart_dag.py
[2026-06-17T14:35:19.570+0000] {logging_mixin.py:190} INFO - [2026-06-17T14:35:19.570+0000] {dag.py:3239} INFO - Sync 1 DAGs
[2026-06-17T14:35:19.585+0000] {logging_mixin.py:190} INFO - [2026-06-17T14:35:19.585+0000] {dag.py:4180} INFO - Setting next_dagrun for create_analytics_mart to None, run_after=None
[2026-06-17T14:35:19.608+0000] {processor.py:208} INFO - Processing /opt/airflow/dags/create_mart_dag.py took 0.089 seconds
[2026-06-17T14:35:49.777+0000] {processor.py:186} INFO - Started process (PID=672) to work on /opt/airflow/dags/create_mart_dag.py
[2026-06-17T14:35:49.778+0000] {processor.py:914} INFO - Processing file /opt/airflow/dags/create_mart_dag.py for tasks to queue
[2026-06-17T14:35:49.782+0000] {logging_mixin.py:190} INFO - [2026-06-17T14:35:49.782+0000] {dagbag.py:588} INFO - Filling up the DagBag from /opt/airflow/dags/create_mart_dag.py
[2026-06-17T14:35:49.800+0000] {processor.py:925} INFO - DAG(s) 'create_analytics_mart' retrieved from /opt/airflow/dags/create_mart_dag.py
[2026-06-17T14:35:49.834+0000] {logging_mixin.py:190} INFO - [2026-06-17T14:35:49.833+0000] {dag.py:3239} INFO - Sync 1 DAGs
[2026-06-17T14:35:49.852+0000] {logging_mixin.py:190} INFO - [2026-06-17T14:35:49.852+0000] {dag.py:4180} INFO - Setting next_dagrun for create_analytics_mart to None, run_after=None
[2026-06-17T14:35:49.879+0000] {processor.py:208} INFO - Processing /opt/airflow/dags/create_mart_dag.py took 0.108 seconds
[2026-06-17T14:36:20.176+0000] {processor.py:186} INFO - Started process (PID=683) to work on /opt/airflow/dags/create_mart_dag.py
[2026-06-17T14:36:20.177+0000] {processor.py:914} INFO - Processing file /opt/airflow/dags/create_mart_dag.py for tasks to queue
[2026-06-17T14:36:20.182+0000] {logging_mixin.py:190} INFO - [2026-06-17T14:36:20.181+0000] {dagbag.py:588} INFO - Filling up the DagBag from /opt/airflow/dags/create_mart_dag.py
[2026-06-17T14:36:20.208+0000] {processor.py:925} INFO - DAG(s) 'create_analytics_mart' retrieved from /opt/airflow/dags/create_mart_dag.py
[2026-06-17T14:36:20.243+0000] {logging_mixin.py:190} INFO - [2026-06-17T14:36:20.243+0000] {dag.py:3239} INFO - Sync 1 DAGs
[2026-06-17T14:36:20.264+0000] {logging_mixin.py:190} INFO - [2026-06-17T14:36:20.263+0000] {dag.py:4180} INFO - Setting next_dagrun for create_analytics_mart to None, run_after=None
[2026-06-17T14:36:20.303+0000] {processor.py:208} INFO - Processing /opt/airflow/dags/create_mart_dag.py took 0.135 seconds
[2026-06-17T14:36:50.451+0000] {processor.py:186} INFO - Started process (PID=697) to work on /opt/airflow/dags/create_mart_dag.py
[2026-06-17T14:36:50.452+0000] {processor.py:914} INFO - Processing file /opt/airflow/dags/create_mart_dag.py for tasks to queue
[2026-06-17T14:36:50.454+0000] {logging_mixin.py:190} INFO - [2026-06-17T14:36:50.454+0000] {dagbag.py:588} INFO - Filling up the DagBag from /opt/airflow/dags/create_mart_dag.py
[2026-06-17T14:36:50.470+0000] {processor.py:925} INFO - DAG(s) 'create_analytics_mart' retrieved from /opt/airflow/dags/create_mart_dag.py
[2026-06-17T14:36:50.494+0000] {logging_mixin.py:190} INFO - [2026-06-17T14:36:50.494+0000] {dag.py:3239} INFO - Sync 1 DAGs
[2026-06-17T14:36:50.508+0000] {logging_mixin.py:190} INFO - [2026-06-17T14:36:50.507+0000] {dag.py:4180} INFO - Setting next_dagrun for create_analytics_mart to None, run_after=None
[2026-06-17T14:36:50.532+0000] {processor.py:208} INFO - Processing /opt/airflow/dags/create_mart_dag.py took 0.087 seconds
[2026-06-17T14:37:20.783+0000] {processor.py:186} INFO - Started process (PID=709) to work on /opt/airflow/dags/create_mart_dag.py
[2026-06-17T14:37:20.784+0000] {processor.py:914} INFO - Processing file /opt/airflow/dags/create_mart_dag.py for tasks to queue
[2026-06-17T14:37:20.786+0000] {logging_mixin.py:190} INFO - [2026-06-17T14:37:20.786+0000] {dagbag.py:588} INFO - Filling up the DagBag from /opt/airflow/dags/create_mart_dag.py
[2026-06-17T14:37:20.803+0000] {processor.py:925} INFO - DAG(s) 'create_analytics_mart' retrieved from /opt/airflow/dags/create_mart_dag.py
[2026-06-17T14:37:20.829+0000] {logging_mixin.py:190} INFO - [2026-06-17T14:37:20.829+0000] {dag.py:3239} INFO - Sync 1 DAGs
[2026-06-17T14:37:20.845+0000] {logging_mixin.py:190} INFO - [2026-06-17T14:37:20.844+0000] {dag.py:4180} INFO - Setting next_dagrun for create_analytics_mart to None, run_after=None
[2026-06-17T14:37:20.872+0000] {processor.py:208} INFO - Processing /opt/airflow/dags/create_mart_dag.py took 0.097 seconds
[2026-06-17T14:37:51.119+0000] {processor.py:186} INFO - Started process (PID=720) to work on /opt/airflow/dags/create_mart_dag.py
[2026-06-17T14:37:51.120+0000] {processor.py:914} INFO - Processing file /opt/airflow/dags/create_mart_dag.py for tasks to queue
[2026-06-17T14:37:51.123+0000] {logging_mixin.py:190} INFO - [2026-06-17T14:37:51.122+0000] {dagbag.py:588} INFO - Filling up the DagBag from /opt/airflow/dags/create_mart_dag.py
[2026-06-17T14:37:51.138+0000] {processor.py:925} INFO - DAG(s) 'create_analytics_mart' retrieved from /opt/airflow/dags/create_mart_dag.py
[2026-06-17T14:37:51.164+0000] {logging_mixin.py:190} INFO - [2026-06-17T14:37:51.164+0000] {dag.py:3239} INFO - Sync 1 DAGs
[2026-06-17T14:37:51.179+0000] {logging_mixin.py:190} INFO - [2026-06-17T14:37:51.179+0000] {dag.py:4180} INFO - Setting next_dagrun for create_analytics_mart to None, run_after=None
[2026-06-17T14:37:51.201+0000] {processor.py:208} INFO - Processing /opt/airflow/dags/create_mart_dag.py took 0.087 seconds
[2026-06-17T14:38:21.446+0000] {processor.py:186} INFO - Started process (PID=734) to work on /opt/airflow/dags/create_mart_dag.py
[2026-06-17T14:38:21.447+0000] {processor.py:914} INFO - Processing file /opt/airflow/dags/create_mart_dag.py for tasks to queue
[2026-06-17T14:38:21.449+0000] {logging_mixin.py:190} INFO - [2026-06-17T14:38:21.449+0000] {dagbag.py:588} INFO - Filling up the DagBag from /opt/airflow/dags/create_mart_dag.py
[2026-06-17T14:38:21.466+0000] {processor.py:925} INFO - DAG(s) 'create_analytics_mart' retrieved from /opt/airflow/dags/create_mart_dag.py
[2026-06-17T14:38:21.492+0000] {logging_mixin.py:190} INFO - [2026-06-17T14:38:21.492+0000] {dag.py:3239} INFO - Sync 1 DAGs
[2026-06-17T14:38:21.507+0000] {logging_mixin.py:190} INFO - [2026-06-17T14:38:21.507+0000] {dag.py:4180} INFO - Setting next_dagrun for create_analytics_mart to None, run_after=None
[2026-06-17T14:38:21.533+0000] {processor.py:208} INFO - Processing /opt/airflow/dags/create_mart_dag.py took 0.094 seconds
[2026-06-17T14:38:41.801+0000] {processor.py:186} INFO - Started process (PID=739) to work on /opt/airflow/dags/create_mart_dag.py
[2026-06-17T14:38:41.802+0000] {processor.py:914} INFO - Processing file /opt/airflow/dags/create_mart_dag.py for tasks to queue
[2026-06-17T14:38:41.805+0000] {logging_mixin.py:190} INFO - [2026-06-17T14:38:41.805+0000] {dagbag.py:588} INFO - Filling up the DagBag from /opt/airflow/dags/create_mart_dag.py
[2026-06-17T14:38:41.836+0000] {logging_mixin.py:190} INFO - [2026-06-17T14:38:41.830+0000] {dagbag.py:387} ERROR - Failed to import: /opt/airflow/dags/create_mart_dag.py
Traceback (most recent call last):
  File "/home/airflow/.local/lib/python3.12/site-packages/airflow/models/dagbag.py", line 383, in parse
    loader.exec_module(new_module)
  File "<frozen importlib._bootstrap_external>", line 999, in exec_module
  File "<frozen importlib._bootstrap>", line 488, in _call_with_frames_removed
  File "/opt/airflow/dags/create_mart_dag.py", line 9, in <module>
    from main import main as run_student_performance_etl
ModuleNotFoundError: No module named 'main'
[2026-06-17T14:38:41.839+0000] {processor.py:927} WARNING - No viable dags retrieved from /opt/airflow/dags/create_mart_dag.py
[2026-06-17T14:38:41.872+0000] {processor.py:208} INFO - Processing /opt/airflow/dags/create_mart_dag.py took 0.077 seconds
[2026-06-17T14:39:12.070+0000] {processor.py:186} INFO - Started process (PID=750) to work on /opt/airflow/dags/create_mart_dag.py
[2026-06-17T14:39:12.072+0000] {processor.py:914} INFO - Processing file /opt/airflow/dags/create_mart_dag.py for tasks to queue
[2026-06-17T14:39:12.074+0000] {logging_mixin.py:190} INFO - [2026-06-17T14:39:12.074+0000] {dagbag.py:588} INFO - Filling up the DagBag from /opt/airflow/dags/create_mart_dag.py
[2026-06-17T14:39:12.089+0000] {logging_mixin.py:190} INFO - [2026-06-17T14:39:12.087+0000] {dagbag.py:387} ERROR - Failed to import: /opt/airflow/dags/create_mart_dag.py
Traceback (most recent call last):
  File "/home/airflow/.local/lib/python3.12/site-packages/airflow/models/dagbag.py", line 383, in parse
    loader.exec_module(new_module)
  File "<frozen importlib._bootstrap_external>", line 999, in exec_module
  File "<frozen importlib._bootstrap>", line 488, in _call_with_frames_removed
  File "/opt/airflow/dags/create_mart_dag.py", line 9, in <module>
    from main import main as run_student_performance_etl
ModuleNotFoundError: No module named 'main'
[2026-06-17T14:39:12.090+0000] {processor.py:927} WARNING - No viable dags retrieved from /opt/airflow/dags/create_mart_dag.py
[2026-06-17T14:39:12.112+0000] {processor.py:208} INFO - Processing /opt/airflow/dags/create_mart_dag.py took 0.047 seconds
[2026-06-17T14:39:36.289+0000] {processor.py:186} INFO - Started process (PID=761) to work on /opt/airflow/dags/create_mart_dag.py
[2026-06-17T14:39:36.290+0000] {processor.py:914} INFO - Processing file /opt/airflow/dags/create_mart_dag.py for tasks to queue
[2026-06-17T14:39:36.294+0000] {logging_mixin.py:190} INFO - [2026-06-17T14:39:36.294+0000] {dagbag.py:588} INFO - Filling up the DagBag from /opt/airflow/dags/create_mart_dag.py
[2026-06-17T14:39:36.342+0000] {processor.py:925} INFO - DAG(s) 'create_analytics_mart' retrieved from /opt/airflow/dags/create_mart_dag.py
[2026-06-17T14:39:36.398+0000] {logging_mixin.py:190} INFO - [2026-06-17T14:39:36.397+0000] {dag.py:3239} INFO - Sync 1 DAGs
[2026-06-17T14:39:36.442+0000] {logging_mixin.py:190} INFO - [2026-06-17T14:39:36.442+0000] {dag.py:4180} INFO - Setting next_dagrun for create_analytics_mart to None, run_after=None
[2026-06-17T14:39:36.542+0000] {processor.py:208} INFO - Processing /opt/airflow/dags/create_mart_dag.py took 0.268 seconds
[2026-06-17T14:40:06.829+0000] {processor.py:186} INFO - Started process (PID=775) to work on /opt/airflow/dags/create_mart_dag.py
[2026-06-17T14:40:06.831+0000] {processor.py:914} INFO - Processing file /opt/airflow/dags/create_mart_dag.py for tasks to queue
[2026-06-17T14:40:06.834+0000] {logging_mixin.py:190} INFO - [2026-06-17T14:40:06.833+0000] {dagbag.py:588} INFO - Filling up the DagBag from /opt/airflow/dags/create_mart_dag.py
[2026-06-17T14:40:06.854+0000] {processor.py:925} INFO - DAG(s) 'create_analytics_mart' retrieved from /opt/airflow/dags/create_mart_dag.py
[2026-06-17T14:40:06.882+0000] {logging_mixin.py:190} INFO - [2026-06-17T14:40:06.882+0000] {dag.py:3239} INFO - Sync 1 DAGs
[2026-06-17T14:40:06.896+0000] {logging_mixin.py:190} INFO - [2026-06-17T14:40:06.896+0000] {dag.py:4180} INFO - Setting next_dagrun for create_analytics_mart to None, run_after=None
[2026-06-17T14:40:06.920+0000] {processor.py:208} INFO - Processing /opt/airflow/dags/create_mart_dag.py took 0.098 seconds
[2026-06-17T14:40:08.984+0000] {processor.py:186} INFO - Started process (PID=780) to work on /opt/airflow/dags/create_mart_dag.py
[2026-06-17T14:40:08.984+0000] {processor.py:914} INFO - Processing file /opt/airflow/dags/create_mart_dag.py for tasks to queue
[2026-06-17T14:40:08.986+0000] {logging_mixin.py:190} INFO - [2026-06-17T14:40:08.986+0000] {dagbag.py:588} INFO - Filling up the DagBag from /opt/airflow/dags/create_mart_dag.py
[2026-06-17T14:40:09.005+0000] {logging_mixin.py:190} INFO - [2026-06-17T14:40:09.002+0000] {dagbag.py:387} ERROR - Failed to import: /opt/airflow/dags/create_mart_dag.py
Traceback (most recent call last):
  File "/home/airflow/.local/lib/python3.12/site-packages/airflow/models/dagbag.py", line 383, in parse
    loader.exec_module(new_module)
  File "<frozen importlib._bootstrap_external>", line 999, in exec_module
  File "<frozen importlib._bootstrap>", line 488, in _call_with_frames_removed
  File "/opt/airflow/dags/create_mart_dag.py", line 9, in <module>
    from main import main as run_student_performance_etl
ModuleNotFoundError: No module named 'main'
[2026-06-17T14:40:09.006+0000] {processor.py:927} WARNING - No viable dags retrieved from /opt/airflow/dags/create_mart_dag.py
[2026-06-17T14:40:09.026+0000] {processor.py:208} INFO - Processing /opt/airflow/dags/create_mart_dag.py took 0.048 seconds
[2026-06-17T14:40:39.228+0000] {processor.py:186} INFO - Started process (PID=791) to work on /opt/airflow/dags/create_mart_dag.py
[2026-06-17T14:40:39.229+0000] {processor.py:914} INFO - Processing file /opt/airflow/dags/create_mart_dag.py for tasks to queue
[2026-06-17T14:40:39.231+0000] {logging_mixin.py:190} INFO - [2026-06-17T14:40:39.231+0000] {dagbag.py:588} INFO - Filling up the DagBag from /opt/airflow/dags/create_mart_dag.py
[2026-06-17T14:40:39.243+0000] {logging_mixin.py:190} INFO - [2026-06-17T14:40:39.241+0000] {dagbag.py:387} ERROR - Failed to import: /opt/airflow/dags/create_mart_dag.py
Traceback (most recent call last):
  File "/home/airflow/.local/lib/python3.12/site-packages/airflow/models/dagbag.py", line 383, in parse
    loader.exec_module(new_module)
  File "<frozen importlib._bootstrap_external>", line 999, in exec_module
  File "<frozen importlib._bootstrap>", line 488, in _call_with_frames_removed
  File "/opt/airflow/dags/create_mart_dag.py", line 9, in <module>
    from main import main as run_student_performance_etl
ModuleNotFoundError: No module named 'main'
[2026-06-17T14:40:39.245+0000] {processor.py:927} WARNING - No viable dags retrieved from /opt/airflow/dags/create_mart_dag.py
[2026-06-17T14:40:39.264+0000] {processor.py:208} INFO - Processing /opt/airflow/dags/create_mart_dag.py took 0.043 seconds
[2026-06-17T14:41:09.517+0000] {processor.py:186} INFO - Started process (PID=802) to work on /opt/airflow/dags/create_mart_dag.py
[2026-06-17T14:41:09.518+0000] {processor.py:914} INFO - Processing file /opt/airflow/dags/create_mart_dag.py for tasks to queue
[2026-06-17T14:41:09.521+0000] {logging_mixin.py:190} INFO - [2026-06-17T14:41:09.521+0000] {dagbag.py:588} INFO - Filling up the DagBag from /opt/airflow/dags/create_mart_dag.py
[2026-06-17T14:41:09.539+0000] {logging_mixin.py:190} INFO - [2026-06-17T14:41:09.536+0000] {dagbag.py:387} ERROR - Failed to import: /opt/airflow/dags/create_mart_dag.py
Traceback (most recent call last):
  File "/home/airflow/.local/lib/python3.12/site-packages/airflow/models/dagbag.py", line 383, in parse
    loader.exec_module(new_module)
  File "<frozen importlib._bootstrap_external>", line 999, in exec_module
  File "<frozen importlib._bootstrap>", line 488, in _call_with_frames_removed
  File "/opt/airflow/dags/create_mart_dag.py", line 9, in <module>
    from main import main as run_student_performance_etl
ModuleNotFoundError: No module named 'main'
[2026-06-17T14:41:09.540+0000] {processor.py:927} WARNING - No viable dags retrieved from /opt/airflow/dags/create_mart_dag.py
[2026-06-17T14:41:09.559+0000] {processor.py:208} INFO - Processing /opt/airflow/dags/create_mart_dag.py took 0.048 seconds
[2026-06-17T14:41:39.838+0000] {processor.py:186} INFO - Started process (PID=813) to work on /opt/airflow/dags/create_mart_dag.py
[2026-06-17T14:41:39.839+0000] {processor.py:914} INFO - Processing file /opt/airflow/dags/create_mart_dag.py for tasks to queue
[2026-06-17T14:41:39.841+0000] {logging_mixin.py:190} INFO - [2026-06-17T14:41:39.841+0000] {dagbag.py:588} INFO - Filling up the DagBag from /opt/airflow/dags/create_mart_dag.py
[2026-06-17T14:41:39.854+0000] {logging_mixin.py:190} INFO - [2026-06-17T14:41:39.850+0000] {dagbag.py:387} ERROR - Failed to import: /opt/airflow/dags/create_mart_dag.py
Traceback (most recent call last):
  File "/home/airflow/.local/lib/python3.12/site-packages/airflow/models/dagbag.py", line 383, in parse
    loader.exec_module(new_module)
  File "<frozen importlib._bootstrap_external>", line 999, in exec_module
  File "<frozen importlib._bootstrap>", line 488, in _call_with_frames_removed
  File "/opt/airflow/dags/create_mart_dag.py", line 9, in <module>
    from main import main as run_student_performance_etl
ModuleNotFoundError: No module named 'main'
[2026-06-17T14:41:39.856+0000] {processor.py:927} WARNING - No viable dags retrieved from /opt/airflow/dags/create_mart_dag.py
[2026-06-17T14:41:39.878+0000] {processor.py:208} INFO - Processing /opt/airflow/dags/create_mart_dag.py took 0.046 seconds
[2026-06-17T14:42:10.162+0000] {processor.py:186} INFO - Started process (PID=824) to work on /opt/airflow/dags/create_mart_dag.py
[2026-06-17T14:42:10.163+0000] {processor.py:914} INFO - Processing file /opt/airflow/dags/create_mart_dag.py for tasks to queue
[2026-06-17T14:42:10.164+0000] {logging_mixin.py:190} INFO - [2026-06-17T14:42:10.164+0000] {dagbag.py:588} INFO - Filling up the DagBag from /opt/airflow/dags/create_mart_dag.py
[2026-06-17T14:42:10.177+0000] {logging_mixin.py:190} INFO - [2026-06-17T14:42:10.174+0000] {dagbag.py:387} ERROR - Failed to import: /opt/airflow/dags/create_mart_dag.py
Traceback (most recent call last):
  File "/home/airflow/.local/lib/python3.12/site-packages/airflow/models/dagbag.py", line 383, in parse
    loader.exec_module(new_module)
  File "<frozen importlib._bootstrap_external>", line 999, in exec_module
  File "<frozen importlib._bootstrap>", line 488, in _call_with_frames_removed
  File "/opt/airflow/dags/create_mart_dag.py", line 9, in <module>
    from main import main as run_student_performance_etl
ModuleNotFoundError: No module named 'main'
[2026-06-17T14:42:10.178+0000] {processor.py:927} WARNING - No viable dags retrieved from /opt/airflow/dags/create_mart_dag.py
[2026-06-17T14:42:10.196+0000] {processor.py:208} INFO - Processing /opt/airflow/dags/create_mart_dag.py took 0.041 seconds
[2026-06-17T14:42:40.458+0000] {processor.py:186} INFO - Started process (PID=835) to work on /opt/airflow/dags/create_mart_dag.py
[2026-06-17T14:42:40.459+0000] {processor.py:914} INFO - Processing file /opt/airflow/dags/create_mart_dag.py for tasks to queue
[2026-06-17T14:42:40.461+0000] {logging_mixin.py:190} INFO - [2026-06-17T14:42:40.460+0000] {dagbag.py:588} INFO - Filling up the DagBag from /opt/airflow/dags/create_mart_dag.py
[2026-06-17T14:42:40.472+0000] {logging_mixin.py:190} INFO - [2026-06-17T14:42:40.469+0000] {dagbag.py:387} ERROR - Failed to import: /opt/airflow/dags/create_mart_dag.py
Traceback (most recent call last):
  File "/home/airflow/.local/lib/python3.12/site-packages/airflow/models/dagbag.py", line 383, in parse
    loader.exec_module(new_module)
  File "<frozen importlib._bootstrap_external>", line 999, in exec_module
  File "<frozen importlib._bootstrap>", line 488, in _call_with_frames_removed
  File "/opt/airflow/dags/create_mart_dag.py", line 9, in <module>
    from main import main as run_student_performance_etl
ModuleNotFoundError: No module named 'main'
[2026-06-17T14:42:40.473+0000] {processor.py:927} WARNING - No viable dags retrieved from /opt/airflow/dags/create_mart_dag.py
[2026-06-17T14:42:40.495+0000] {processor.py:208} INFO - Processing /opt/airflow/dags/create_mart_dag.py took 0.043 seconds
[2026-06-17T14:43:10.785+0000] {processor.py:186} INFO - Started process (PID=846) to work on /opt/airflow/dags/create_mart_dag.py
[2026-06-17T14:43:10.787+0000] {processor.py:914} INFO - Processing file /opt/airflow/dags/create_mart_dag.py for tasks to queue
[2026-06-17T14:43:10.789+0000] {logging_mixin.py:190} INFO - [2026-06-17T14:43:10.789+0000] {dagbag.py:588} INFO - Filling up the DagBag from /opt/airflow/dags/create_mart_dag.py
[2026-06-17T14:43:10.809+0000] {logging_mixin.py:190} INFO - [2026-06-17T14:43:10.806+0000] {dagbag.py:387} ERROR - Failed to import: /opt/airflow/dags/create_mart_dag.py
Traceback (most recent call last):
  File "/home/airflow/.local/lib/python3.12/site-packages/airflow/models/dagbag.py", line 383, in parse
    loader.exec_module(new_module)
  File "<frozen importlib._bootstrap_external>", line 999, in exec_module
  File "<frozen importlib._bootstrap>", line 488, in _call_with_frames_removed
  File "/opt/airflow/dags/create_mart_dag.py", line 9, in <module>
    from main import main as run_student_performance_etl
ModuleNotFoundError: No module named 'main'
[2026-06-17T14:43:10.811+0000] {processor.py:927} WARNING - No viable dags retrieved from /opt/airflow/dags/create_mart_dag.py
[2026-06-17T14:43:10.838+0000] {processor.py:208} INFO - Processing /opt/airflow/dags/create_mart_dag.py took 0.064 seconds
[2026-06-17T14:43:33.095+0000] {processor.py:186} INFO - Started process (PID=857) to work on /opt/airflow/dags/create_mart_dag.py
[2026-06-17T14:43:33.097+0000] {processor.py:914} INFO - Processing file /opt/airflow/dags/create_mart_dag.py for tasks to queue
[2026-06-17T14:43:33.099+0000] {logging_mixin.py:190} INFO - [2026-06-17T14:43:33.098+0000] {dagbag.py:588} INFO - Filling up the DagBag from /opt/airflow/dags/create_mart_dag.py
[2026-06-17T14:43:33.130+0000] {processor.py:925} INFO - DAG(s) 'create_analytics_mart' retrieved from /opt/airflow/dags/create_mart_dag.py
[2026-06-17T14:43:34.357+0000] {logging_mixin.py:190} INFO - [2026-06-17T14:43:34.357+0000] {dag.py:3239} INFO - Sync 1 DAGs
[2026-06-17T14:43:34.370+0000] {logging_mixin.py:190} INFO - [2026-06-17T14:43:34.370+0000] {dag.py:4180} INFO - Setting next_dagrun for create_analytics_mart to None, run_after=None
[2026-06-17T14:43:34.402+0000] {processor.py:208} INFO - Processing /opt/airflow/dags/create_mart_dag.py took 1.313 seconds
[2026-06-17T14:44:04.691+0000] {processor.py:186} INFO - Started process (PID=868) to work on /opt/airflow/dags/create_mart_dag.py
[2026-06-17T14:44:04.692+0000] {processor.py:914} INFO - Processing file /opt/airflow/dags/create_mart_dag.py for tasks to queue
[2026-06-17T14:44:04.694+0000] {logging_mixin.py:190} INFO - [2026-06-17T14:44:04.693+0000] {dagbag.py:588} INFO - Filling up the DagBag from /opt/airflow/dags/create_mart_dag.py
[2026-06-17T14:44:04.713+0000] {processor.py:925} INFO - DAG(s) 'create_analytics_mart' retrieved from /opt/airflow/dags/create_mart_dag.py
[2026-06-17T14:44:04.740+0000] {logging_mixin.py:190} INFO - [2026-06-17T14:44:04.739+0000] {dag.py:3239} INFO - Sync 1 DAGs
[2026-06-17T14:44:04.754+0000] {logging_mixin.py:190} INFO - [2026-06-17T14:44:04.754+0000] {dag.py:4180} INFO - Setting next_dagrun for create_analytics_mart to None, run_after=None
[2026-06-17T14:44:04.778+0000] {processor.py:208} INFO - Processing /opt/airflow/dags/create_mart_dag.py took 0.093 seconds
[2026-06-17T14:44:35.021+0000] {processor.py:186} INFO - Started process (PID=879) to work on /opt/airflow/dags/create_mart_dag.py
[2026-06-17T14:44:35.022+0000] {processor.py:914} INFO - Processing file /opt/airflow/dags/create_mart_dag.py for tasks to queue
[2026-06-17T14:44:35.024+0000] {logging_mixin.py:190} INFO - [2026-06-17T14:44:35.023+0000] {dagbag.py:588} INFO - Filling up the DagBag from /opt/airflow/dags/create_mart_dag.py
[2026-06-17T14:44:35.041+0000] {processor.py:925} INFO - DAG(s) 'create_analytics_mart' retrieved from /opt/airflow/dags/create_mart_dag.py
[2026-06-17T14:44:35.067+0000] {logging_mixin.py:190} INFO - [2026-06-17T14:44:35.067+0000] {dag.py:3239} INFO - Sync 1 DAGs
[2026-06-17T14:44:35.082+0000] {logging_mixin.py:190} INFO - [2026-06-17T14:44:35.082+0000] {dag.py:4180} INFO - Setting next_dagrun for create_analytics_mart to None, run_after=None
[2026-06-17T14:44:35.104+0000] {processor.py:208} INFO - Processing /opt/airflow/dags/create_mart_dag.py took 0.089 seconds
[2026-06-17T14:45:05.464+0000] {processor.py:186} INFO - Started process (PID=893) to work on /opt/airflow/dags/create_mart_dag.py
[2026-06-17T14:45:05.465+0000] {processor.py:914} INFO - Processing file /opt/airflow/dags/create_mart_dag.py for tasks to queue
[2026-06-17T14:45:05.466+0000] {logging_mixin.py:190} INFO - [2026-06-17T14:45:05.466+0000] {dagbag.py:588} INFO - Filling up the DagBag from /opt/airflow/dags/create_mart_dag.py
[2026-06-17T14:45:05.484+0000] {processor.py:925} INFO - DAG(s) 'create_analytics_mart' retrieved from /opt/airflow/dags/create_mart_dag.py
[2026-06-17T14:45:05.507+0000] {logging_mixin.py:190} INFO - [2026-06-17T14:45:05.507+0000] {dag.py:3239} INFO - Sync 1 DAGs
[2026-06-17T14:45:05.521+0000] {logging_mixin.py:190} INFO - [2026-06-17T14:45:05.521+0000] {dag.py:4180} INFO - Setting next_dagrun for create_analytics_mart to None, run_after=None
[2026-06-17T14:45:05.546+0000] {processor.py:208} INFO - Processing /opt/airflow/dags/create_mart_dag.py took 0.088 seconds
[2026-06-17T14:45:35.774+0000] {processor.py:186} INFO - Started process (PID=904) to work on /opt/airflow/dags/create_mart_dag.py
[2026-06-17T14:45:35.775+0000] {processor.py:914} INFO - Processing file /opt/airflow/dags/create_mart_dag.py for tasks to queue
[2026-06-17T14:45:35.777+0000] {logging_mixin.py:190} INFO - [2026-06-17T14:45:35.776+0000] {dagbag.py:588} INFO - Filling up the DagBag from /opt/airflow/dags/create_mart_dag.py
[2026-06-17T14:45:35.794+0000] {processor.py:925} INFO - DAG(s) 'create_analytics_mart' retrieved from /opt/airflow/dags/create_mart_dag.py
[2026-06-17T14:45:35.825+0000] {logging_mixin.py:190} INFO - [2026-06-17T14:45:35.824+0000] {dag.py:3239} INFO - Sync 1 DAGs
[2026-06-17T14:45:35.844+0000] {logging_mixin.py:190} INFO - [2026-06-17T14:45:35.843+0000] {dag.py:4180} INFO - Setting next_dagrun for create_analytics_mart to None, run_after=None
[2026-06-17T14:45:35.868+0000] {processor.py:208} INFO - Processing /opt/airflow/dags/create_mart_dag.py took 0.100 seconds
[2026-06-17T14:46:06.116+0000] {processor.py:186} INFO - Started process (PID=915) to work on /opt/airflow/dags/create_mart_dag.py
[2026-06-17T14:46:06.117+0000] {processor.py:914} INFO - Processing file /opt/airflow/dags/create_mart_dag.py for tasks to queue
[2026-06-17T14:46:06.118+0000] {logging_mixin.py:190} INFO - [2026-06-17T14:46:06.118+0000] {dagbag.py:588} INFO - Filling up the DagBag from /opt/airflow/dags/create_mart_dag.py
[2026-06-17T14:46:06.135+0000] {processor.py:925} INFO - DAG(s) 'create_analytics_mart' retrieved from /opt/airflow/dags/create_mart_dag.py
[2026-06-17T14:46:06.160+0000] {logging_mixin.py:190} INFO - [2026-06-17T14:46:06.160+0000] {dag.py:3239} INFO - Sync 1 DAGs
[2026-06-17T14:46:06.183+0000] {logging_mixin.py:190} INFO - [2026-06-17T14:46:06.182+0000] {dag.py:4180} INFO - Setting next_dagrun for create_analytics_mart to None, run_after=None
[2026-06-17T14:46:06.205+0000] {processor.py:208} INFO - Processing /opt/airflow/dags/create_mart_dag.py took 0.099 seconds
[2026-06-17T14:46:36.484+0000] {processor.py:186} INFO - Started process (PID=926) to work on /opt/airflow/dags/create_mart_dag.py
[2026-06-17T14:46:36.485+0000] {processor.py:914} INFO - Processing file /opt/airflow/dags/create_mart_dag.py for tasks to queue
[2026-06-17T14:46:36.487+0000] {logging_mixin.py:190} INFO - [2026-06-17T14:46:36.486+0000] {dagbag.py:588} INFO - Filling up the DagBag from /opt/airflow/dags/create_mart_dag.py
[2026-06-17T14:46:36.511+0000] {processor.py:925} INFO - DAG(s) 'create_analytics_mart' retrieved from /opt/airflow/dags/create_mart_dag.py
[2026-06-17T14:46:36.544+0000] {logging_mixin.py:190} INFO - [2026-06-17T14:46:36.544+0000] {dag.py:3239} INFO - Sync 1 DAGs
[2026-06-17T14:46:36.562+0000] {logging_mixin.py:190} INFO - [2026-06-17T14:46:36.561+0000] {dag.py:4180} INFO - Setting next_dagrun for create_analytics_mart to None, run_after=None
[2026-06-17T14:46:36.583+0000] {processor.py:208} INFO - Processing /opt/airflow/dags/create_mart_dag.py took 0.104 seconds
[2026-06-17T14:47:06.853+0000] {processor.py:186} INFO - Started process (PID=937) to work on /opt/airflow/dags/create_mart_dag.py
[2026-06-17T14:47:06.854+0000] {processor.py:914} INFO - Processing file /opt/airflow/dags/create_mart_dag.py for tasks to queue
[2026-06-17T14:47:06.857+0000] {logging_mixin.py:190} INFO - [2026-06-17T14:47:06.856+0000] {dagbag.py:588} INFO - Filling up the DagBag from /opt/airflow/dags/create_mart_dag.py
[2026-06-17T14:47:06.888+0000] {processor.py:925} INFO - DAG(s) 'create_analytics_mart' retrieved from /opt/airflow/dags/create_mart_dag.py
[2026-06-17T14:47:06.918+0000] {logging_mixin.py:190} INFO - [2026-06-17T14:47:06.918+0000] {dag.py:3239} INFO - Sync 1 DAGs
[2026-06-17T14:47:06.935+0000] {logging_mixin.py:190} INFO - [2026-06-17T14:47:06.934+0000] {dag.py:4180} INFO - Setting next_dagrun for create_analytics_mart to None, run_after=None
[2026-06-17T14:47:06.959+0000] {processor.py:208} INFO - Processing /opt/airflow/dags/create_mart_dag.py took 0.111 seconds
[2026-06-17T14:47:37.165+0000] {processor.py:186} INFO - Started process (PID=948) to work on /opt/airflow/dags/create_mart_dag.py
[2026-06-17T14:47:37.167+0000] {processor.py:914} INFO - Processing file /opt/airflow/dags/create_mart_dag.py for tasks to queue
[2026-06-17T14:47:37.169+0000] {logging_mixin.py:190} INFO - [2026-06-17T14:47:37.168+0000] {dagbag.py:588} INFO - Filling up the DagBag from /opt/airflow/dags/create_mart_dag.py
[2026-06-17T14:47:37.188+0000] {processor.py:925} INFO - DAG(s) 'create_analytics_mart' retrieved from /opt/airflow/dags/create_mart_dag.py
[2026-06-17T14:47:37.223+0000] {logging_mixin.py:190} INFO - [2026-06-17T14:47:37.223+0000] {dag.py:3239} INFO - Sync 1 DAGs
[2026-06-17T14:47:37.239+0000] {logging_mixin.py:190} INFO - [2026-06-17T14:47:37.238+0000] {dag.py:4180} INFO - Setting next_dagrun for create_analytics_mart to None, run_after=None
[2026-06-17T14:47:37.260+0000] {processor.py:208} INFO - Processing /opt/airflow/dags/create_mart_dag.py took 0.101 seconds
[2026-06-17T14:48:07.462+0000] {processor.py:186} INFO - Started process (PID=959) to work on /opt/airflow/dags/create_mart_dag.py
[2026-06-17T14:48:07.463+0000] {processor.py:914} INFO - Processing file /opt/airflow/dags/create_mart_dag.py for tasks to queue
[2026-06-17T14:48:07.465+0000] {logging_mixin.py:190} INFO - [2026-06-17T14:48:07.465+0000] {dagbag.py:588} INFO - Filling up the DagBag from /opt/airflow/dags/create_mart_dag.py
[2026-06-17T14:48:07.480+0000] {processor.py:925} INFO - DAG(s) 'create_analytics_mart' retrieved from /opt/airflow/dags/create_mart_dag.py
[2026-06-17T14:48:07.505+0000] {logging_mixin.py:190} INFO - [2026-06-17T14:48:07.504+0000] {dag.py:3239} INFO - Sync 1 DAGs
[2026-06-17T14:48:07.520+0000] {logging_mixin.py:190} INFO - [2026-06-17T14:48:07.520+0000] {dag.py:4180} INFO - Setting next_dagrun for create_analytics_mart to None, run_after=None
[2026-06-17T14:48:07.542+0000] {processor.py:208} INFO - Processing /opt/airflow/dags/create_mart_dag.py took 0.086 seconds
[2026-06-17T14:48:37.795+0000] {processor.py:186} INFO - Started process (PID=970) to work on /opt/airflow/dags/create_mart_dag.py
[2026-06-17T14:48:37.796+0000] {processor.py:914} INFO - Processing file /opt/airflow/dags/create_mart_dag.py for tasks to queue
[2026-06-17T14:48:37.798+0000] {logging_mixin.py:190} INFO - [2026-06-17T14:48:37.798+0000] {dagbag.py:588} INFO - Filling up the DagBag from /opt/airflow/dags/create_mart_dag.py
[2026-06-17T14:48:37.816+0000] {processor.py:925} INFO - DAG(s) 'create_analytics_mart' retrieved from /opt/airflow/dags/create_mart_dag.py
[2026-06-17T14:48:37.850+0000] {logging_mixin.py:190} INFO - [2026-06-17T14:48:37.849+0000] {dag.py:3239} INFO - Sync 1 DAGs
[2026-06-17T14:48:37.870+0000] {logging_mixin.py:190} INFO - [2026-06-17T14:48:37.869+0000] {dag.py:4180} INFO - Setting next_dagrun for create_analytics_mart to None, run_after=None
[2026-06-17T14:48:37.892+0000] {processor.py:208} INFO - Processing /opt/airflow/dags/create_mart_dag.py took 0.103 seconds
[2026-06-17T14:48:59.016+0000] {processor.py:186} INFO - Started process (PID=981) to work on /opt/airflow/dags/create_mart_dag.py
[2026-06-17T14:48:59.017+0000] {processor.py:914} INFO - Processing file /opt/airflow/dags/create_mart_dag.py for tasks to queue
[2026-06-17T14:48:59.019+0000] {logging_mixin.py:190} INFO - [2026-06-17T14:48:59.018+0000] {dagbag.py:588} INFO - Filling up the DagBag from /opt/airflow/dags/create_mart_dag.py
[2026-06-17T14:48:59.069+0000] {processor.py:925} INFO - DAG(s) 'create_analytics_mart' retrieved from /opt/airflow/dags/create_mart_dag.py
[2026-06-17T14:48:59.382+0000] {logging_mixin.py:190} INFO - [2026-06-17T14:48:59.382+0000] {dag.py:3239} INFO - Sync 1 DAGs
[2026-06-17T14:48:59.406+0000] {logging_mixin.py:190} INFO - [2026-06-17T14:48:59.405+0000] {dag.py:4180} INFO - Setting next_dagrun for create_analytics_mart to 2026-06-16 02:00:00+00:00, run_after=2026-06-17 02:00:00+00:00
[2026-06-17T14:48:59.431+0000] {processor.py:208} INFO - Processing /opt/airflow/dags/create_mart_dag.py took 0.422 seconds
[2026-06-17T14:49:04.087+0000] {processor.py:186} INFO - Started process (PID=989) to work on /opt/airflow/dags/create_mart_dag.py
[2026-06-17T14:49:04.088+0000] {processor.py:914} INFO - Processing file /opt/airflow/dags/create_mart_dag.py for tasks to queue
[2026-06-17T14:49:04.089+0000] {logging_mixin.py:190} INFO - [2026-06-17T14:49:04.089+0000] {dagbag.py:588} INFO - Filling up the DagBag from /opt/airflow/dags/create_mart_dag.py
[2026-06-17T14:49:04.107+0000] {logging_mixin.py:190} INFO - [2026-06-17T14:49:04.104+0000] {dagbag.py:387} ERROR - Failed to import: /opt/airflow/dags/create_mart_dag.py
Traceback (most recent call last):
  File "/home/airflow/.local/lib/python3.12/site-packages/airflow/models/dagbag.py", line 383, in parse
    loader.exec_module(new_module)
  File "<frozen importlib._bootstrap_external>", line 999, in exec_module
  File "<frozen importlib._bootstrap>", line 488, in _call_with_frames_removed
  File "/opt/airflow/dags/create_mart_dag.py", line 11, in <module>
    from build_mart import create_mart as run_analytics_calculation
ModuleNotFoundError: No module named 'build_mart'
[2026-06-17T14:49:04.109+0000] {processor.py:927} WARNING - No viable dags retrieved from /opt/airflow/dags/create_mart_dag.py
[2026-06-17T14:49:04.129+0000] {processor.py:208} INFO - Processing /opt/airflow/dags/create_mart_dag.py took 0.048 seconds
[2026-06-17T14:49:34.336+0000] {processor.py:186} INFO - Started process (PID=1000) to work on /opt/airflow/dags/create_mart_dag.py
[2026-06-17T14:49:34.337+0000] {processor.py:914} INFO - Processing file /opt/airflow/dags/create_mart_dag.py for tasks to queue
[2026-06-17T14:49:34.338+0000] {logging_mixin.py:190} INFO - [2026-06-17T14:49:34.338+0000] {dagbag.py:588} INFO - Filling up the DagBag from /opt/airflow/dags/create_mart_dag.py
[2026-06-17T14:49:34.350+0000] {logging_mixin.py:190} INFO - [2026-06-17T14:49:34.347+0000] {dagbag.py:387} ERROR - Failed to import: /opt/airflow/dags/create_mart_dag.py
Traceback (most recent call last):
  File "/home/airflow/.local/lib/python3.12/site-packages/airflow/models/dagbag.py", line 383, in parse
    loader.exec_module(new_module)
  File "<frozen importlib._bootstrap_external>", line 999, in exec_module
  File "<frozen importlib._bootstrap>", line 488, in _call_with_frames_removed
  File "/opt/airflow/dags/create_mart_dag.py", line 11, in <module>
    from build_mart import create_mart as run_analytics_calculation
ModuleNotFoundError: No module named 'build_mart'
[2026-06-17T14:49:34.351+0000] {processor.py:927} WARNING - No viable dags retrieved from /opt/airflow/dags/create_mart_dag.py
[2026-06-17T14:49:34.371+0000] {processor.py:208} INFO - Processing /opt/airflow/dags/create_mart_dag.py took 0.042 seconds
[2026-06-17T14:50:04.573+0000] {processor.py:186} INFO - Started process (PID=1011) to work on /opt/airflow/dags/create_mart_dag.py
[2026-06-17T14:50:04.574+0000] {processor.py:914} INFO - Processing file /opt/airflow/dags/create_mart_dag.py for tasks to queue
[2026-06-17T14:50:04.576+0000] {logging_mixin.py:190} INFO - [2026-06-17T14:50:04.575+0000] {dagbag.py:588} INFO - Filling up the DagBag from /opt/airflow/dags/create_mart_dag.py
[2026-06-17T14:50:04.588+0000] {logging_mixin.py:190} INFO - [2026-06-17T14:50:04.585+0000] {dagbag.py:387} ERROR - Failed to import: /opt/airflow/dags/create_mart_dag.py
Traceback (most recent call last):
  File "/home/airflow/.local/lib/python3.12/site-packages/airflow/models/dagbag.py", line 383, in parse
    loader.exec_module(new_module)
  File "<frozen importlib._bootstrap_external>", line 999, in exec_module
  File "<frozen importlib._bootstrap>", line 488, in _call_with_frames_removed
  File "/opt/airflow/dags/create_mart_dag.py", line 11, in <module>
    from build_mart import create_mart as run_analytics_calculation
ModuleNotFoundError: No module named 'build_mart'
[2026-06-17T14:50:04.589+0000] {processor.py:927} WARNING - No viable dags retrieved from /opt/airflow/dags/create_mart_dag.py
[2026-06-17T14:50:04.608+0000] {processor.py:208} INFO - Processing /opt/airflow/dags/create_mart_dag.py took 0.041 seconds
[2026-06-17T14:53:38.267+0000] {processor.py:186} INFO - Started process (PID=1059) to work on /opt/airflow/dags/create_mart_dag.py
[2026-06-17T14:53:38.270+0000] {processor.py:914} INFO - Processing file /opt/airflow/dags/create_mart_dag.py for tasks to queue
[2026-06-17T14:53:38.274+0000] {logging_mixin.py:190} INFO - [2026-06-17T14:53:38.272+0000] {dagbag.py:588} INFO - Filling up the DagBag from /opt/airflow/dags/create_mart_dag.py
[2026-06-17T14:53:38.369+0000] {processor.py:925} INFO - DAG(s) 'create_analytics_mart' retrieved from /opt/airflow/dags/create_mart_dag.py
[2026-06-17T14:53:38.703+0000] {logging_mixin.py:190} INFO - [2026-06-17T14:53:38.702+0000] {dag.py:3239} INFO - Sync 1 DAGs
[2026-06-17T14:53:39.471+0000] {logging_mixin.py:190} INFO - [2026-06-17T14:53:39.471+0000] {dag.py:4180} INFO - Setting next_dagrun for create_analytics_mart to None, run_after=None
[2026-06-17T14:53:39.506+0000] {processor.py:208} INFO - Processing /opt/airflow/dags/create_mart_dag.py took 1.259 seconds
[2026-06-17T14:54:09.559+0000] {processor.py:186} INFO - Started process (PID=1076) to work on /opt/airflow/dags/create_mart_dag.py
[2026-06-17T14:54:09.560+0000] {processor.py:914} INFO - Processing file /opt/airflow/dags/create_mart_dag.py for tasks to queue
[2026-06-17T14:54:09.562+0000] {logging_mixin.py:190} INFO - [2026-06-17T14:54:09.562+0000] {dagbag.py:588} INFO - Filling up the DagBag from /opt/airflow/dags/create_mart_dag.py
[2026-06-17T14:54:09.587+0000] {processor.py:925} INFO - DAG(s) 'create_analytics_mart' retrieved from /opt/airflow/dags/create_mart_dag.py
[2026-06-17T14:54:09.621+0000] {logging_mixin.py:190} INFO - [2026-06-17T14:54:09.620+0000] {dag.py:3239} INFO - Sync 1 DAGs
[2026-06-17T14:54:09.639+0000] {logging_mixin.py:190} INFO - [2026-06-17T14:54:09.639+0000] {dag.py:4180} INFO - Setting next_dagrun for create_analytics_mart to None, run_after=None
[2026-06-17T14:54:09.664+0000] {processor.py:208} INFO - Processing /opt/airflow/dags/create_mart_dag.py took 0.115 seconds
[2026-06-17T14:54:39.849+0000] {processor.py:186} INFO - Started process (PID=1087) to work on /opt/airflow/dags/create_mart_dag.py
[2026-06-17T14:54:39.850+0000] {processor.py:914} INFO - Processing file /opt/airflow/dags/create_mart_dag.py for tasks to queue
[2026-06-17T14:54:39.852+0000] {logging_mixin.py:190} INFO - [2026-06-17T14:54:39.851+0000] {dagbag.py:588} INFO - Filling up the DagBag from /opt/airflow/dags/create_mart_dag.py
[2026-06-17T14:54:39.875+0000] {processor.py:925} INFO - DAG(s) 'create_analytics_mart' retrieved from /opt/airflow/dags/create_mart_dag.py
[2026-06-17T14:54:39.903+0000] {logging_mixin.py:190} INFO - [2026-06-17T14:54:39.902+0000] {dag.py:3239} INFO - Sync 1 DAGs
[2026-06-17T14:54:39.919+0000] {logging_mixin.py:190} INFO - [2026-06-17T14:54:39.919+0000] {dag.py:4180} INFO - Setting next_dagrun for create_analytics_mart to None, run_after=None
[2026-06-17T14:54:39.943+0000] {processor.py:208} INFO - Processing /opt/airflow/dags/create_mart_dag.py took 0.100 seconds
[2026-06-17T14:55:10.235+0000] {processor.py:186} INFO - Started process (PID=1098) to work on /opt/airflow/dags/create_mart_dag.py
[2026-06-17T14:55:10.237+0000] {processor.py:914} INFO - Processing file /opt/airflow/dags/create_mart_dag.py for tasks to queue
[2026-06-17T14:55:10.239+0000] {logging_mixin.py:190} INFO - [2026-06-17T14:55:10.239+0000] {dagbag.py:588} INFO - Filling up the DagBag from /opt/airflow/dags/create_mart_dag.py
[2026-06-17T14:55:10.267+0000] {processor.py:925} INFO - DAG(s) 'create_analytics_mart' retrieved from /opt/airflow/dags/create_mart_dag.py
[2026-06-17T14:55:10.300+0000] {logging_mixin.py:190} INFO - [2026-06-17T14:55:10.300+0000] {dag.py:3239} INFO - Sync 1 DAGs
[2026-06-17T14:55:10.330+0000] {logging_mixin.py:190} INFO - [2026-06-17T14:55:10.330+0000] {dag.py:4180} INFO - Setting next_dagrun for create_analytics_mart to None, run_after=None
[2026-06-17T14:55:10.354+0000] {processor.py:208} INFO - Processing /opt/airflow/dags/create_mart_dag.py took 0.126 seconds
[2026-06-17T14:55:40.477+0000] {processor.py:186} INFO - Started process (PID=1109) to work on /opt/airflow/dags/create_mart_dag.py
[2026-06-17T14:55:40.478+0000] {processor.py:914} INFO - Processing file /opt/airflow/dags/create_mart_dag.py for tasks to queue
[2026-06-17T14:55:40.480+0000] {logging_mixin.py:190} INFO - [2026-06-17T14:55:40.479+0000] {dagbag.py:588} INFO - Filling up the DagBag from /opt/airflow/dags/create_mart_dag.py
[2026-06-17T14:55:40.503+0000] {processor.py:925} INFO - DAG(s) 'create_analytics_mart' retrieved from /opt/airflow/dags/create_mart_dag.py
[2026-06-17T14:55:40.531+0000] {logging_mixin.py:190} INFO - [2026-06-17T14:55:40.531+0000] {dag.py:3239} INFO - Sync 1 DAGs
[2026-06-17T14:55:40.549+0000] {logging_mixin.py:190} INFO - [2026-06-17T14:55:40.548+0000] {dag.py:4180} INFO - Setting next_dagrun for create_analytics_mart to None, run_after=None
[2026-06-17T14:55:40.572+0000] {processor.py:208} INFO - Processing /opt/airflow/dags/create_mart_dag.py took 0.103 seconds
[2026-06-17T14:56:10.738+0000] {processor.py:186} INFO - Started process (PID=1120) to work on /opt/airflow/dags/create_mart_dag.py
[2026-06-17T14:56:10.739+0000] {processor.py:914} INFO - Processing file /opt/airflow/dags/create_mart_dag.py for tasks to queue
[2026-06-17T14:56:10.741+0000] {logging_mixin.py:190} INFO - [2026-06-17T14:56:10.740+0000] {dagbag.py:588} INFO - Filling up the DagBag from /opt/airflow/dags/create_mart_dag.py
[2026-06-17T14:56:10.768+0000] {processor.py:925} INFO - DAG(s) 'create_analytics_mart' retrieved from /opt/airflow/dags/create_mart_dag.py
[2026-06-17T14:56:10.799+0000] {logging_mixin.py:190} INFO - [2026-06-17T14:56:10.799+0000] {dag.py:3239} INFO - Sync 1 DAGs
[2026-06-17T14:56:10.824+0000] {logging_mixin.py:190} INFO - [2026-06-17T14:56:10.824+0000] {dag.py:4180} INFO - Setting next_dagrun for create_analytics_mart to None, run_after=None
[2026-06-17T14:56:10.846+0000] {processor.py:208} INFO - Processing /opt/airflow/dags/create_mart_dag.py took 0.114 seconds
[2026-06-17T14:56:41.143+0000] {processor.py:186} INFO - Started process (PID=1135) to work on /opt/airflow/dags/create_mart_dag.py
[2026-06-17T14:56:41.145+0000] {processor.py:914} INFO - Processing file /opt/airflow/dags/create_mart_dag.py for tasks to queue
[2026-06-17T14:56:41.146+0000] {logging_mixin.py:190} INFO - [2026-06-17T14:56:41.146+0000] {dagbag.py:588} INFO - Filling up the DagBag from /opt/airflow/dags/create_mart_dag.py
[2026-06-17T14:56:41.168+0000] {processor.py:925} INFO - DAG(s) 'create_analytics_mart' retrieved from /opt/airflow/dags/create_mart_dag.py
[2026-06-17T14:56:41.194+0000] {logging_mixin.py:190} INFO - [2026-06-17T14:56:41.193+0000] {dag.py:3239} INFO - Sync 1 DAGs
[2026-06-17T14:56:41.210+0000] {logging_mixin.py:190} INFO - [2026-06-17T14:56:41.210+0000] {dag.py:4180} INFO - Setting next_dagrun for create_analytics_mart to None, run_after=None
[2026-06-17T14:56:41.232+0000] {processor.py:208} INFO - Processing /opt/airflow/dags/create_mart_dag.py took 0.095 seconds
[2026-06-17T14:57:11.532+0000] {processor.py:186} INFO - Started process (PID=1146) to work on /opt/airflow/dags/create_mart_dag.py
[2026-06-17T14:57:11.533+0000] {processor.py:914} INFO - Processing file /opt/airflow/dags/create_mart_dag.py for tasks to queue
[2026-06-17T14:57:11.535+0000] {logging_mixin.py:190} INFO - [2026-06-17T14:57:11.534+0000] {dagbag.py:588} INFO - Filling up the DagBag from /opt/airflow/dags/create_mart_dag.py
[2026-06-17T14:57:11.556+0000] {processor.py:925} INFO - DAG(s) 'create_analytics_mart' retrieved from /opt/airflow/dags/create_mart_dag.py
[2026-06-17T14:57:11.581+0000] {logging_mixin.py:190} INFO - [2026-06-17T14:57:11.580+0000] {dag.py:3239} INFO - Sync 1 DAGs
[2026-06-17T14:57:11.597+0000] {logging_mixin.py:190} INFO - [2026-06-17T14:57:11.597+0000] {dag.py:4180} INFO - Setting next_dagrun for create_analytics_mart to None, run_after=None
[2026-06-17T14:57:11.621+0000] {processor.py:208} INFO - Processing /opt/airflow/dags/create_mart_dag.py took 0.095 seconds
[2026-06-17T14:57:41.839+0000] {processor.py:186} INFO - Started process (PID=1163) to work on /opt/airflow/dags/create_mart_dag.py
[2026-06-17T14:57:41.840+0000] {processor.py:914} INFO - Processing file /opt/airflow/dags/create_mart_dag.py for tasks to queue
[2026-06-17T14:57:41.842+0000] {logging_mixin.py:190} INFO - [2026-06-17T14:57:41.842+0000] {dagbag.py:588} INFO - Filling up the DagBag from /opt/airflow/dags/create_mart_dag.py
[2026-06-17T14:57:41.866+0000] {processor.py:925} INFO - DAG(s) 'create_analytics_mart' retrieved from /opt/airflow/dags/create_mart_dag.py
[2026-06-17T14:57:41.889+0000] {logging_mixin.py:190} INFO - [2026-06-17T14:57:41.889+0000] {dag.py:3239} INFO - Sync 1 DAGs
[2026-06-17T14:57:41.903+0000] {logging_mixin.py:190} INFO - [2026-06-17T14:57:41.903+0000] {dag.py:4180} INFO - Setting next_dagrun for create_analytics_mart to None, run_after=None
[2026-06-17T14:57:41.926+0000] {processor.py:208} INFO - Processing /opt/airflow/dags/create_mart_dag.py took 0.093 seconds
[2026-06-17T14:58:12.146+0000] {processor.py:186} INFO - Started process (PID=1174) to work on /opt/airflow/dags/create_mart_dag.py
[2026-06-17T14:58:12.147+0000] {processor.py:914} INFO - Processing file /opt/airflow/dags/create_mart_dag.py for tasks to queue
[2026-06-17T14:58:12.148+0000] {logging_mixin.py:190} INFO - [2026-06-17T14:58:12.148+0000] {dagbag.py:588} INFO - Filling up the DagBag from /opt/airflow/dags/create_mart_dag.py
[2026-06-17T14:58:12.169+0000] {processor.py:925} INFO - DAG(s) 'create_analytics_mart' retrieved from /opt/airflow/dags/create_mart_dag.py
[2026-06-17T14:58:12.197+0000] {logging_mixin.py:190} INFO - [2026-06-17T14:58:12.196+0000] {dag.py:3239} INFO - Sync 1 DAGs
[2026-06-17T14:58:12.213+0000] {logging_mixin.py:190} INFO - [2026-06-17T14:58:12.213+0000] {dag.py:4180} INFO - Setting next_dagrun for create_analytics_mart to None, run_after=None
[2026-06-17T14:58:12.237+0000] {processor.py:208} INFO - Processing /opt/airflow/dags/create_mart_dag.py took 0.098 seconds
[2026-06-17T14:58:42.576+0000] {processor.py:186} INFO - Started process (PID=1188) to work on /opt/airflow/dags/create_mart_dag.py
[2026-06-17T14:58:42.577+0000] {processor.py:914} INFO - Processing file /opt/airflow/dags/create_mart_dag.py for tasks to queue
[2026-06-17T14:58:42.579+0000] {logging_mixin.py:190} INFO - [2026-06-17T14:58:42.578+0000] {dagbag.py:588} INFO - Filling up the DagBag from /opt/airflow/dags/create_mart_dag.py
[2026-06-17T14:58:42.606+0000] {processor.py:925} INFO - DAG(s) 'create_analytics_mart' retrieved from /opt/airflow/dags/create_mart_dag.py
[2026-06-17T14:58:42.629+0000] {logging_mixin.py:190} INFO - [2026-06-17T14:58:42.629+0000] {dag.py:3239} INFO - Sync 1 DAGs
[2026-06-17T14:58:42.644+0000] {logging_mixin.py:190} INFO - [2026-06-17T14:58:42.643+0000] {dag.py:4180} INFO - Setting next_dagrun for create_analytics_mart to None, run_after=None
[2026-06-17T14:58:43.137+0000] {processor.py:208} INFO - Processing /opt/airflow/dags/create_mart_dag.py took 0.566 seconds
[2026-06-17T14:59:13.427+0000] {processor.py:186} INFO - Started process (PID=1202) to work on /opt/airflow/dags/create_mart_dag.py
[2026-06-17T14:59:13.428+0000] {processor.py:914} INFO - Processing file /opt/airflow/dags/create_mart_dag.py for tasks to queue
[2026-06-17T14:59:13.430+0000] {logging_mixin.py:190} INFO - [2026-06-17T14:59:13.430+0000] {dagbag.py:588} INFO - Filling up the DagBag from /opt/airflow/dags/create_mart_dag.py
[2026-06-17T14:59:13.457+0000] {processor.py:925} INFO - DAG(s) 'create_analytics_mart' retrieved from /opt/airflow/dags/create_mart_dag.py
[2026-06-17T14:59:13.482+0000] {logging_mixin.py:190} INFO - [2026-06-17T14:59:13.482+0000] {dag.py:3239} INFO - Sync 1 DAGs
[2026-06-17T14:59:13.497+0000] {logging_mixin.py:190} INFO - [2026-06-17T14:59:13.496+0000] {dag.py:4180} INFO - Setting next_dagrun for create_analytics_mart to None, run_after=None
[2026-06-17T14:59:13.519+0000] {processor.py:208} INFO - Processing /opt/airflow/dags/create_mart_dag.py took 0.098 seconds
[2026-06-17T14:59:43.742+0000] {processor.py:186} INFO - Started process (PID=1213) to work on /opt/airflow/dags/create_mart_dag.py
[2026-06-17T14:59:43.743+0000] {processor.py:914} INFO - Processing file /opt/airflow/dags/create_mart_dag.py for tasks to queue
[2026-06-17T14:59:43.744+0000] {logging_mixin.py:190} INFO - [2026-06-17T14:59:43.744+0000] {dagbag.py:588} INFO - Filling up the DagBag from /opt/airflow/dags/create_mart_dag.py
[2026-06-17T14:59:43.767+0000] {processor.py:925} INFO - DAG(s) 'create_analytics_mart' retrieved from /opt/airflow/dags/create_mart_dag.py
[2026-06-17T14:59:43.791+0000] {logging_mixin.py:190} INFO - [2026-06-17T14:59:43.791+0000] {dag.py:3239} INFO - Sync 1 DAGs
[2026-06-17T14:59:43.805+0000] {logging_mixin.py:190} INFO - [2026-06-17T14:59:43.805+0000] {dag.py:4180} INFO - Setting next_dagrun for create_analytics_mart to None, run_after=None
[2026-06-17T14:59:43.827+0000] {processor.py:208} INFO - Processing /opt/airflow/dags/create_mart_dag.py took 0.091 seconds
[2026-06-17T15:00:14.111+0000] {processor.py:186} INFO - Started process (PID=1227) to work on /opt/airflow/dags/create_mart_dag.py
[2026-06-17T15:00:14.112+0000] {processor.py:914} INFO - Processing file /opt/airflow/dags/create_mart_dag.py for tasks to queue
[2026-06-17T15:00:14.113+0000] {logging_mixin.py:190} INFO - [2026-06-17T15:00:14.113+0000] {dagbag.py:588} INFO - Filling up the DagBag from /opt/airflow/dags/create_mart_dag.py
[2026-06-17T15:00:14.134+0000] {processor.py:925} INFO - DAG(s) 'create_analytics_mart' retrieved from /opt/airflow/dags/create_mart_dag.py
[2026-06-17T15:00:14.159+0000] {logging_mixin.py:190} INFO - [2026-06-17T15:00:14.159+0000] {dag.py:3239} INFO - Sync 1 DAGs
[2026-06-17T15:00:14.175+0000] {logging_mixin.py:190} INFO - [2026-06-17T15:00:14.175+0000] {dag.py:4180} INFO - Setting next_dagrun for create_analytics_mart to None, run_after=None
[2026-06-17T15:00:14.198+0000] {processor.py:208} INFO - Processing /opt/airflow/dags/create_mart_dag.py took 0.093 seconds
[2026-06-17T15:00:44.464+0000] {processor.py:186} INFO - Started process (PID=1238) to work on /opt/airflow/dags/create_mart_dag.py
[2026-06-17T15:00:44.466+0000] {processor.py:914} INFO - Processing file /opt/airflow/dags/create_mart_dag.py for tasks to queue
[2026-06-17T15:00:44.467+0000] {logging_mixin.py:190} INFO - [2026-06-17T15:00:44.467+0000] {dagbag.py:588} INFO - Filling up the DagBag from /opt/airflow/dags/create_mart_dag.py
[2026-06-17T15:00:44.489+0000] {processor.py:925} INFO - DAG(s) 'create_analytics_mart' retrieved from /opt/airflow/dags/create_mart_dag.py
[2026-06-17T15:00:44.516+0000] {logging_mixin.py:190} INFO - [2026-06-17T15:00:44.516+0000] {dag.py:3239} INFO - Sync 1 DAGs
[2026-06-17T15:00:44.544+0000] {logging_mixin.py:190} INFO - [2026-06-17T15:00:44.544+0000] {dag.py:4180} INFO - Setting next_dagrun for create_analytics_mart to None, run_after=None
[2026-06-17T15:00:44.569+0000] {processor.py:208} INFO - Processing /opt/airflow/dags/create_mart_dag.py took 0.112 seconds
[2026-06-17T15:01:14.819+0000] {processor.py:186} INFO - Started process (PID=1249) to work on /opt/airflow/dags/create_mart_dag.py
[2026-06-17T15:01:14.821+0000] {processor.py:914} INFO - Processing file /opt/airflow/dags/create_mart_dag.py for tasks to queue
[2026-06-17T15:01:14.823+0000] {logging_mixin.py:190} INFO - [2026-06-17T15:01:14.822+0000] {dagbag.py:588} INFO - Filling up the DagBag from /opt/airflow/dags/create_mart_dag.py
[2026-06-17T15:01:14.844+0000] {processor.py:925} INFO - DAG(s) 'create_analytics_mart' retrieved from /opt/airflow/dags/create_mart_dag.py
[2026-06-17T15:01:14.870+0000] {logging_mixin.py:190} INFO - [2026-06-17T15:01:14.870+0000] {dag.py:3239} INFO - Sync 1 DAGs
[2026-06-17T15:01:14.887+0000] {logging_mixin.py:190} INFO - [2026-06-17T15:01:14.887+0000] {dag.py:4180} INFO - Setting next_dagrun for create_analytics_mart to None, run_after=None
[2026-06-17T15:01:14.916+0000] {processor.py:208} INFO - Processing /opt/airflow/dags/create_mart_dag.py took 0.103 seconds
[2026-06-17T15:01:45.143+0000] {processor.py:186} INFO - Started process (PID=1263) to work on /opt/airflow/dags/create_mart_dag.py
[2026-06-17T15:01:45.144+0000] {processor.py:914} INFO - Processing file /opt/airflow/dags/create_mart_dag.py for tasks to queue
[2026-06-17T15:01:45.146+0000] {logging_mixin.py:190} INFO - [2026-06-17T15:01:45.145+0000] {dagbag.py:588} INFO - Filling up the DagBag from /opt/airflow/dags/create_mart_dag.py
[2026-06-17T15:01:45.166+0000] {processor.py:925} INFO - DAG(s) 'create_analytics_mart' retrieved from /opt/airflow/dags/create_mart_dag.py
[2026-06-17T15:01:45.191+0000] {logging_mixin.py:190} INFO - [2026-06-17T15:01:45.190+0000] {dag.py:3239} INFO - Sync 1 DAGs
[2026-06-17T15:01:45.207+0000] {logging_mixin.py:190} INFO - [2026-06-17T15:01:45.207+0000] {dag.py:4180} INFO - Setting next_dagrun for create_analytics_mart to None, run_after=None
[2026-06-17T15:01:45.473+0000] {processor.py:208} INFO - Processing /opt/airflow/dags/create_mart_dag.py took 0.336 seconds
[2026-06-17T15:02:15.777+0000] {processor.py:186} INFO - Started process (PID=1274) to work on /opt/airflow/dags/create_mart_dag.py
[2026-06-17T15:02:15.778+0000] {processor.py:914} INFO - Processing file /opt/airflow/dags/create_mart_dag.py for tasks to queue
[2026-06-17T15:02:15.780+0000] {logging_mixin.py:190} INFO - [2026-06-17T15:02:15.779+0000] {dagbag.py:588} INFO - Filling up the DagBag from /opt/airflow/dags/create_mart_dag.py
[2026-06-17T15:02:15.804+0000] {processor.py:925} INFO - DAG(s) 'create_analytics_mart' retrieved from /opt/airflow/dags/create_mart_dag.py
[2026-06-17T15:02:15.830+0000] {logging_mixin.py:190} INFO - [2026-06-17T15:02:15.830+0000] {dag.py:3239} INFO - Sync 1 DAGs
[2026-06-17T15:02:15.846+0000] {logging_mixin.py:190} INFO - [2026-06-17T15:02:15.846+0000] {dag.py:4180} INFO - Setting next_dagrun for create_analytics_mart to None, run_after=None
[2026-06-17T15:02:15.870+0000] {processor.py:208} INFO - Processing /opt/airflow/dags/create_mart_dag.py took 0.099 seconds
[2026-06-17T15:02:46.038+0000] {processor.py:186} INFO - Started process (PID=1294) to work on /opt/airflow/dags/create_mart_dag.py
[2026-06-17T15:02:46.040+0000] {processor.py:914} INFO - Processing file /opt/airflow/dags/create_mart_dag.py for tasks to queue
[2026-06-17T15:02:46.041+0000] {logging_mixin.py:190} INFO - [2026-06-17T15:02:46.040+0000] {dagbag.py:588} INFO - Filling up the DagBag from /opt/airflow/dags/create_mart_dag.py
[2026-06-17T15:02:46.067+0000] {processor.py:925} INFO - DAG(s) 'create_analytics_mart' retrieved from /opt/airflow/dags/create_mart_dag.py
[2026-06-17T15:02:46.111+0000] {logging_mixin.py:190} INFO - [2026-06-17T15:02:46.111+0000] {dag.py:3239} INFO - Sync 1 DAGs
[2026-06-17T15:02:46.128+0000] {logging_mixin.py:190} INFO - [2026-06-17T15:02:46.127+0000] {dag.py:4180} INFO - Setting next_dagrun for create_analytics_mart to None, run_after=None
[2026-06-17T15:02:46.155+0000] {processor.py:208} INFO - Processing /opt/airflow/dags/create_mart_dag.py took 0.123 seconds
[2026-06-17T15:03:16.396+0000] {processor.py:186} INFO - Started process (PID=1305) to work on /opt/airflow/dags/create_mart_dag.py
[2026-06-17T15:03:16.397+0000] {processor.py:914} INFO - Processing file /opt/airflow/dags/create_mart_dag.py for tasks to queue
[2026-06-17T15:03:16.398+0000] {logging_mixin.py:190} INFO - [2026-06-17T15:03:16.398+0000] {dagbag.py:588} INFO - Filling up the DagBag from /opt/airflow/dags/create_mart_dag.py
[2026-06-17T15:03:16.421+0000] {processor.py:925} INFO - DAG(s) 'create_analytics_mart' retrieved from /opt/airflow/dags/create_mart_dag.py
[2026-06-17T15:03:16.447+0000] {logging_mixin.py:190} INFO - [2026-06-17T15:03:16.446+0000] {dag.py:3239} INFO - Sync 1 DAGs
[2026-06-17T15:03:16.466+0000] {logging_mixin.py:190} INFO - [2026-06-17T15:03:16.466+0000] {dag.py:4180} INFO - Setting next_dagrun for create_analytics_mart to None, run_after=None
[2026-06-17T15:03:16.493+0000] {processor.py:208} INFO - Processing /opt/airflow/dags/create_mart_dag.py took 0.103 seconds
[2026-06-17T15:03:46.785+0000] {processor.py:186} INFO - Started process (PID=1316) to work on /opt/airflow/dags/create_mart_dag.py
[2026-06-17T15:03:46.786+0000] {processor.py:914} INFO - Processing file /opt/airflow/dags/create_mart_dag.py for tasks to queue
[2026-06-17T15:03:46.788+0000] {logging_mixin.py:190} INFO - [2026-06-17T15:03:46.787+0000] {dagbag.py:588} INFO - Filling up the DagBag from /opt/airflow/dags/create_mart_dag.py
[2026-06-17T15:03:46.812+0000] {processor.py:925} INFO - DAG(s) 'create_analytics_mart' retrieved from /opt/airflow/dags/create_mart_dag.py
[2026-06-17T15:03:46.837+0000] {logging_mixin.py:190} INFO - [2026-06-17T15:03:46.837+0000] {dag.py:3239} INFO - Sync 1 DAGs
[2026-06-17T15:03:46.854+0000] {logging_mixin.py:190} INFO - [2026-06-17T15:03:46.854+0000] {dag.py:4180} INFO - Setting next_dagrun for create_analytics_mart to None, run_after=None
[2026-06-17T15:03:46.879+0000] {processor.py:208} INFO - Processing /opt/airflow/dags/create_mart_dag.py took 0.101 seconds
[2026-06-17T15:04:17.096+0000] {processor.py:186} INFO - Started process (PID=1327) to work on /opt/airflow/dags/create_mart_dag.py
[2026-06-17T15:04:17.097+0000] {processor.py:914} INFO - Processing file /opt/airflow/dags/create_mart_dag.py for tasks to queue
[2026-06-17T15:04:17.099+0000] {logging_mixin.py:190} INFO - [2026-06-17T15:04:17.099+0000] {dagbag.py:588} INFO - Filling up the DagBag from /opt/airflow/dags/create_mart_dag.py
[2026-06-17T15:04:17.124+0000] {processor.py:925} INFO - DAG(s) 'create_analytics_mart' retrieved from /opt/airflow/dags/create_mart_dag.py
[2026-06-17T15:04:17.147+0000] {logging_mixin.py:190} INFO - [2026-06-17T15:04:17.147+0000] {dag.py:3239} INFO - Sync 1 DAGs
[2026-06-17T15:04:17.163+0000] {logging_mixin.py:190} INFO - [2026-06-17T15:04:17.163+0000] {dag.py:4180} INFO - Setting next_dagrun for create_analytics_mart to None, run_after=None
[2026-06-17T15:04:17.186+0000] {processor.py:208} INFO - Processing /opt/airflow/dags/create_mart_dag.py took 0.096 seconds
[2026-06-17T15:04:47.470+0000] {processor.py:186} INFO - Started process (PID=1338) to work on /opt/airflow/dags/create_mart_dag.py
[2026-06-17T15:04:47.472+0000] {processor.py:914} INFO - Processing file /opt/airflow/dags/create_mart_dag.py for tasks to queue
[2026-06-17T15:04:47.474+0000] {logging_mixin.py:190} INFO - [2026-06-17T15:04:47.474+0000] {dagbag.py:588} INFO - Filling up the DagBag from /opt/airflow/dags/create_mart_dag.py
[2026-06-17T15:04:47.500+0000] {processor.py:925} INFO - DAG(s) 'create_analytics_mart' retrieved from /opt/airflow/dags/create_mart_dag.py
[2026-06-17T15:04:47.526+0000] {logging_mixin.py:190} INFO - [2026-06-17T15:04:47.525+0000] {dag.py:3239} INFO - Sync 1 DAGs
[2026-06-17T15:04:47.759+0000] {logging_mixin.py:190} INFO - [2026-06-17T15:04:47.759+0000] {dag.py:4180} INFO - Setting next_dagrun for create_analytics_mart to None, run_after=None
[2026-06-17T15:04:47.781+0000] {processor.py:208} INFO - Processing /opt/airflow/dags/create_mart_dag.py took 0.317 seconds
[2026-06-17T15:05:17.843+0000] {processor.py:186} INFO - Started process (PID=1352) to work on /opt/airflow/dags/create_mart_dag.py
[2026-06-17T15:05:17.845+0000] {processor.py:914} INFO - Processing file /opt/airflow/dags/create_mart_dag.py for tasks to queue
[2026-06-17T15:05:17.848+0000] {logging_mixin.py:190} INFO - [2026-06-17T15:05:17.847+0000] {dagbag.py:588} INFO - Filling up the DagBag from /opt/airflow/dags/create_mart_dag.py
[2026-06-17T15:05:17.883+0000] {processor.py:925} INFO - DAG(s) 'create_analytics_mart' retrieved from /opt/airflow/dags/create_mart_dag.py
[2026-06-17T15:05:17.911+0000] {logging_mixin.py:190} INFO - [2026-06-17T15:05:17.911+0000] {dag.py:3239} INFO - Sync 1 DAGs
[2026-06-17T15:05:17.929+0000] {logging_mixin.py:190} INFO - [2026-06-17T15:05:17.929+0000] {dag.py:4180} INFO - Setting next_dagrun for create_analytics_mart to None, run_after=None
[2026-06-17T15:05:17.960+0000] {processor.py:208} INFO - Processing /opt/airflow/dags/create_mart_dag.py took 0.122 seconds
[2026-06-17T15:05:48.080+0000] {processor.py:186} INFO - Started process (PID=1363) to work on /opt/airflow/dags/create_mart_dag.py
[2026-06-17T15:05:48.081+0000] {processor.py:914} INFO - Processing file /opt/airflow/dags/create_mart_dag.py for tasks to queue
[2026-06-17T15:05:48.082+0000] {logging_mixin.py:190} INFO - [2026-06-17T15:05:48.082+0000] {dagbag.py:588} INFO - Filling up the DagBag from /opt/airflow/dags/create_mart_dag.py
[2026-06-17T15:05:48.105+0000] {processor.py:925} INFO - DAG(s) 'create_analytics_mart' retrieved from /opt/airflow/dags/create_mart_dag.py
[2026-06-17T15:05:48.129+0000] {logging_mixin.py:190} INFO - [2026-06-17T15:05:48.129+0000] {dag.py:3239} INFO - Sync 1 DAGs
[2026-06-17T15:05:48.144+0000] {logging_mixin.py:190} INFO - [2026-06-17T15:05:48.144+0000] {dag.py:4180} INFO - Setting next_dagrun for create_analytics_mart to None, run_after=None
[2026-06-17T15:05:48.165+0000] {processor.py:208} INFO - Processing /opt/airflow/dags/create_mart_dag.py took 0.091 seconds
[2026-06-17T15:06:18.339+0000] {processor.py:186} INFO - Started process (PID=1374) to work on /opt/airflow/dags/create_mart_dag.py
[2026-06-17T15:06:18.340+0000] {processor.py:914} INFO - Processing file /opt/airflow/dags/create_mart_dag.py for tasks to queue
[2026-06-17T15:06:18.342+0000] {logging_mixin.py:190} INFO - [2026-06-17T15:06:18.341+0000] {dagbag.py:588} INFO - Filling up the DagBag from /opt/airflow/dags/create_mart_dag.py
[2026-06-17T15:06:18.363+0000] {processor.py:925} INFO - DAG(s) 'create_analytics_mart' retrieved from /opt/airflow/dags/create_mart_dag.py
[2026-06-17T15:06:18.394+0000] {logging_mixin.py:190} INFO - [2026-06-17T15:06:18.394+0000] {dag.py:3239} INFO - Sync 1 DAGs
[2026-06-17T15:06:18.414+0000] {logging_mixin.py:190} INFO - [2026-06-17T15:06:18.413+0000] {dag.py:4180} INFO - Setting next_dagrun for create_analytics_mart to None, run_after=None
[2026-06-17T15:06:18.439+0000] {processor.py:208} INFO - Processing /opt/airflow/dags/create_mart_dag.py took 0.106 seconds
[2026-06-17T15:06:48.692+0000] {processor.py:186} INFO - Started process (PID=1385) to work on /opt/airflow/dags/create_mart_dag.py
[2026-06-17T15:06:48.693+0000] {processor.py:914} INFO - Processing file /opt/airflow/dags/create_mart_dag.py for tasks to queue
[2026-06-17T15:06:48.694+0000] {logging_mixin.py:190} INFO - [2026-06-17T15:06:48.694+0000] {dagbag.py:588} INFO - Filling up the DagBag from /opt/airflow/dags/create_mart_dag.py
[2026-06-17T15:06:48.715+0000] {processor.py:925} INFO - DAG(s) 'create_analytics_mart' retrieved from /opt/airflow/dags/create_mart_dag.py
[2026-06-17T15:06:48.741+0000] {logging_mixin.py:190} INFO - [2026-06-17T15:06:48.741+0000] {dag.py:3239} INFO - Sync 1 DAGs
[2026-06-17T15:06:48.756+0000] {logging_mixin.py:190} INFO - [2026-06-17T15:06:48.756+0000] {dag.py:4180} INFO - Setting next_dagrun for create_analytics_mart to None, run_after=None
[2026-06-17T15:06:48.779+0000] {processor.py:208} INFO - Processing /opt/airflow/dags/create_mart_dag.py took 0.094 seconds
[2026-06-17T15:07:19.077+0000] {processor.py:186} INFO - Started process (PID=1396) to work on /opt/airflow/dags/create_mart_dag.py
[2026-06-17T15:07:19.078+0000] {processor.py:914} INFO - Processing file /opt/airflow/dags/create_mart_dag.py for tasks to queue
[2026-06-17T15:07:19.081+0000] {logging_mixin.py:190} INFO - [2026-06-17T15:07:19.080+0000] {dagbag.py:588} INFO - Filling up the DagBag from /opt/airflow/dags/create_mart_dag.py
[2026-06-17T15:07:19.113+0000] {processor.py:925} INFO - DAG(s) 'create_analytics_mart' retrieved from /opt/airflow/dags/create_mart_dag.py
[2026-06-17T15:07:19.137+0000] {logging_mixin.py:190} INFO - [2026-06-17T15:07:19.137+0000] {dag.py:3239} INFO - Sync 1 DAGs
[2026-06-17T15:07:19.153+0000] {logging_mixin.py:190} INFO - [2026-06-17T15:07:19.152+0000] {dag.py:4180} INFO - Setting next_dagrun for create_analytics_mart to None, run_after=None
[2026-06-17T15:07:19.324+0000] {processor.py:208} INFO - Processing /opt/airflow/dags/create_mart_dag.py took 0.255 seconds
[2026-06-17T15:07:49.390+0000] {processor.py:186} INFO - Started process (PID=1410) to work on /opt/airflow/dags/create_mart_dag.py
[2026-06-17T15:07:49.392+0000] {processor.py:914} INFO - Processing file /opt/airflow/dags/create_mart_dag.py for tasks to queue
[2026-06-17T15:07:49.393+0000] {logging_mixin.py:190} INFO - [2026-06-17T15:07:49.393+0000] {dagbag.py:588} INFO - Filling up the DagBag from /opt/airflow/dags/create_mart_dag.py
[2026-06-17T15:07:49.420+0000] {processor.py:925} INFO - DAG(s) 'create_analytics_mart' retrieved from /opt/airflow/dags/create_mart_dag.py
[2026-06-17T15:07:49.447+0000] {logging_mixin.py:190} INFO - [2026-06-17T15:07:49.447+0000] {dag.py:3239} INFO - Sync 1 DAGs
[2026-06-17T15:07:49.463+0000] {logging_mixin.py:190} INFO - [2026-06-17T15:07:49.463+0000] {dag.py:4180} INFO - Setting next_dagrun for create_analytics_mart to None, run_after=None
[2026-06-17T15:07:49.486+0000] {processor.py:208} INFO - Processing /opt/airflow/dags/create_mart_dag.py took 0.102 seconds
[2026-06-17T15:08:19.734+0000] {processor.py:186} INFO - Started process (PID=1421) to work on /opt/airflow/dags/create_mart_dag.py
[2026-06-17T15:08:19.735+0000] {processor.py:914} INFO - Processing file /opt/airflow/dags/create_mart_dag.py for tasks to queue
[2026-06-17T15:08:19.736+0000] {logging_mixin.py:190} INFO - [2026-06-17T15:08:19.736+0000] {dagbag.py:588} INFO - Filling up the DagBag from /opt/airflow/dags/create_mart_dag.py
[2026-06-17T15:08:19.757+0000] {processor.py:925} INFO - DAG(s) 'create_analytics_mart' retrieved from /opt/airflow/dags/create_mart_dag.py
[2026-06-17T15:08:19.780+0000] {logging_mixin.py:190} INFO - [2026-06-17T15:08:19.780+0000] {dag.py:3239} INFO - Sync 1 DAGs
[2026-06-17T15:08:19.795+0000] {logging_mixin.py:190} INFO - [2026-06-17T15:08:19.795+0000] {dag.py:4180} INFO - Setting next_dagrun for create_analytics_mart to None, run_after=None
[2026-06-17T15:08:19.822+0000] {processor.py:208} INFO - Processing /opt/airflow/dags/create_mart_dag.py took 0.094 seconds
[2026-06-17T15:09:24.191+0000] {processor.py:186} INFO - Started process (PID=169) to work on /opt/airflow/dags/create_mart_dag.py
[2026-06-17T15:09:24.193+0000] {processor.py:914} INFO - Processing file /opt/airflow/dags/create_mart_dag.py for tasks to queue
[2026-06-17T15:09:24.196+0000] {logging_mixin.py:190} INFO - [2026-06-17T15:09:24.195+0000] {dagbag.py:588} INFO - Filling up the DagBag from /opt/airflow/dags/create_mart_dag.py
[2026-06-17T15:09:24.246+0000] {processor.py:925} INFO - DAG(s) 'create_analytics_mart' retrieved from /opt/airflow/dags/create_mart_dag.py
[2026-06-17T15:09:24.313+0000] {logging_mixin.py:190} INFO - [2026-06-17T15:09:24.313+0000] {dag.py:3239} INFO - Sync 1 DAGs
[2026-06-17T15:09:24.345+0000] {logging_mixin.py:190} INFO - [2026-06-17T15:09:24.345+0000] {dag.py:4180} INFO - Setting next_dagrun for create_analytics_mart to None, run_after=None
[2026-06-17T15:09:24.386+0000] {processor.py:208} INFO - Processing /opt/airflow/dags/create_mart_dag.py took 0.204 seconds
[2026-06-17T15:09:54.472+0000] {processor.py:186} INFO - Started process (PID=180) to work on /opt/airflow/dags/create_mart_dag.py
[2026-06-17T15:09:54.474+0000] {processor.py:914} INFO - Processing file /opt/airflow/dags/create_mart_dag.py for tasks to queue
[2026-06-17T15:09:54.477+0000] {logging_mixin.py:190} INFO - [2026-06-17T15:09:54.477+0000] {dagbag.py:588} INFO - Filling up the DagBag from /opt/airflow/dags/create_mart_dag.py
[2026-06-17T15:09:54.505+0000] {processor.py:925} INFO - DAG(s) 'create_analytics_mart' retrieved from /opt/airflow/dags/create_mart_dag.py
[2026-06-17T15:09:54.537+0000] {logging_mixin.py:190} INFO - [2026-06-17T15:09:54.536+0000] {dag.py:3239} INFO - Sync 1 DAGs
[2026-06-17T15:09:54.556+0000] {logging_mixin.py:190} INFO - [2026-06-17T15:09:54.555+0000] {dag.py:4180} INFO - Setting next_dagrun for create_analytics_mart to None, run_after=None
[2026-06-17T15:09:54.578+0000] {processor.py:208} INFO - Processing /opt/airflow/dags/create_mart_dag.py took 0.114 seconds
[2026-06-17T15:10:24.791+0000] {processor.py:186} INFO - Started process (PID=191) to work on /opt/airflow/dags/create_mart_dag.py
[2026-06-17T15:10:24.792+0000] {processor.py:914} INFO - Processing file /opt/airflow/dags/create_mart_dag.py for tasks to queue
[2026-06-17T15:10:24.795+0000] {logging_mixin.py:190} INFO - [2026-06-17T15:10:24.795+0000] {dagbag.py:588} INFO - Filling up the DagBag from /opt/airflow/dags/create_mart_dag.py
[2026-06-17T15:10:24.818+0000] {processor.py:925} INFO - DAG(s) 'create_analytics_mart' retrieved from /opt/airflow/dags/create_mart_dag.py
[2026-06-17T15:10:24.846+0000] {logging_mixin.py:190} INFO - [2026-06-17T15:10:24.845+0000] {dag.py:3239} INFO - Sync 1 DAGs
[2026-06-17T15:10:24.862+0000] {logging_mixin.py:190} INFO - [2026-06-17T15:10:24.861+0000] {dag.py:4180} INFO - Setting next_dagrun for create_analytics_mart to None, run_after=None
[2026-06-17T15:10:24.884+0000] {processor.py:208} INFO - Processing /opt/airflow/dags/create_mart_dag.py took 0.099 seconds
[2026-06-17T15:10:55.148+0000] {processor.py:186} INFO - Started process (PID=206) to work on /opt/airflow/dags/create_mart_dag.py
[2026-06-17T15:10:55.170+0000] {processor.py:914} INFO - Processing file /opt/airflow/dags/create_mart_dag.py for tasks to queue
[2026-06-17T15:10:55.173+0000] {logging_mixin.py:190} INFO - [2026-06-17T15:10:55.172+0000] {dagbag.py:588} INFO - Filling up the DagBag from /opt/airflow/dags/create_mart_dag.py
[2026-06-17T15:10:55.207+0000] {processor.py:925} INFO - DAG(s) 'create_analytics_mart' retrieved from /opt/airflow/dags/create_mart_dag.py
[2026-06-17T15:10:55.234+0000] {logging_mixin.py:190} INFO - [2026-06-17T15:10:55.233+0000] {dag.py:3239} INFO - Sync 1 DAGs
[2026-06-17T15:10:55.248+0000] {logging_mixin.py:190} INFO - [2026-06-17T15:10:55.248+0000] {dag.py:4180} INFO - Setting next_dagrun for create_analytics_mart to None, run_after=None
[2026-06-17T15:10:55.278+0000] {processor.py:208} INFO - Processing /opt/airflow/dags/create_mart_dag.py took 0.135 seconds
[2026-06-17T15:11:25.494+0000] {processor.py:186} INFO - Started process (PID=217) to work on /opt/airflow/dags/create_mart_dag.py
[2026-06-17T15:11:25.495+0000] {processor.py:914} INFO - Processing file /opt/airflow/dags/create_mart_dag.py for tasks to queue
[2026-06-17T15:11:25.498+0000] {logging_mixin.py:190} INFO - [2026-06-17T15:11:25.497+0000] {dagbag.py:588} INFO - Filling up the DagBag from /opt/airflow/dags/create_mart_dag.py
[2026-06-17T15:11:25.518+0000] {processor.py:925} INFO - DAG(s) 'create_analytics_mart' retrieved from /opt/airflow/dags/create_mart_dag.py
[2026-06-17T15:11:25.546+0000] {logging_mixin.py:190} INFO - [2026-06-17T15:11:25.545+0000] {dag.py:3239} INFO - Sync 1 DAGs
[2026-06-17T15:11:25.562+0000] {logging_mixin.py:190} INFO - [2026-06-17T15:11:25.562+0000] {dag.py:4180} INFO - Setting next_dagrun for create_analytics_mart to None, run_after=None
[2026-06-17T15:11:25.586+0000] {processor.py:208} INFO - Processing /opt/airflow/dags/create_mart_dag.py took 0.097 seconds
[2026-06-17T15:11:55.864+0000] {processor.py:186} INFO - Started process (PID=231) to work on /opt/airflow/dags/create_mart_dag.py
[2026-06-17T15:11:55.865+0000] {processor.py:914} INFO - Processing file /opt/airflow/dags/create_mart_dag.py for tasks to queue
[2026-06-17T15:11:55.868+0000] {logging_mixin.py:190} INFO - [2026-06-17T15:11:55.867+0000] {dagbag.py:588} INFO - Filling up the DagBag from /opt/airflow/dags/create_mart_dag.py
[2026-06-17T15:11:55.890+0000] {processor.py:925} INFO - DAG(s) 'create_analytics_mart' retrieved from /opt/airflow/dags/create_mart_dag.py
[2026-06-17T15:11:55.913+0000] {logging_mixin.py:190} INFO - [2026-06-17T15:11:55.913+0000] {dag.py:3239} INFO - Sync 1 DAGs
[2026-06-17T15:11:55.927+0000] {logging_mixin.py:190} INFO - [2026-06-17T15:11:55.927+0000] {dag.py:4180} INFO - Setting next_dagrun for create_analytics_mart to None, run_after=None
[2026-06-17T15:11:55.950+0000] {processor.py:208} INFO - Processing /opt/airflow/dags/create_mart_dag.py took 0.092 seconds
[2026-06-17T15:12:26.152+0000] {processor.py:186} INFO - Started process (PID=242) to work on /opt/airflow/dags/create_mart_dag.py
[2026-06-17T15:12:26.153+0000] {processor.py:914} INFO - Processing file /opt/airflow/dags/create_mart_dag.py for tasks to queue
[2026-06-17T15:12:26.156+0000] {logging_mixin.py:190} INFO - [2026-06-17T15:12:26.155+0000] {dagbag.py:588} INFO - Filling up the DagBag from /opt/airflow/dags/create_mart_dag.py
[2026-06-17T15:12:26.186+0000] {processor.py:925} INFO - DAG(s) 'create_analytics_mart' retrieved from /opt/airflow/dags/create_mart_dag.py
[2026-06-17T15:12:26.211+0000] {logging_mixin.py:190} INFO - [2026-06-17T15:12:26.211+0000] {dag.py:3239} INFO - Sync 1 DAGs
[2026-06-17T15:12:26.226+0000] {logging_mixin.py:190} INFO - [2026-06-17T15:12:26.226+0000] {dag.py:4180} INFO - Setting next_dagrun for create_analytics_mart to None, run_after=None
[2026-06-17T15:12:26.249+0000] {processor.py:208} INFO - Processing /opt/airflow/dags/create_mart_dag.py took 0.104 seconds
[2026-06-17T15:12:56.395+0000] {processor.py:186} INFO - Started process (PID=253) to work on /opt/airflow/dags/create_mart_dag.py
[2026-06-17T15:12:56.396+0000] {processor.py:914} INFO - Processing file /opt/airflow/dags/create_mart_dag.py for tasks to queue
[2026-06-17T15:12:56.400+0000] {logging_mixin.py:190} INFO - [2026-06-17T15:12:56.399+0000] {dagbag.py:588} INFO - Filling up the DagBag from /opt/airflow/dags/create_mart_dag.py
[2026-06-17T15:12:56.419+0000] {processor.py:925} INFO - DAG(s) 'create_analytics_mart' retrieved from /opt/airflow/dags/create_mart_dag.py
[2026-06-17T15:12:56.445+0000] {logging_mixin.py:190} INFO - [2026-06-17T15:12:56.445+0000] {dag.py:3239} INFO - Sync 1 DAGs
[2026-06-17T15:12:56.459+0000] {logging_mixin.py:190} INFO - [2026-06-17T15:12:56.459+0000] {dag.py:4180} INFO - Setting next_dagrun for create_analytics_mart to None, run_after=None
[2026-06-17T15:12:56.483+0000] {processor.py:208} INFO - Processing /opt/airflow/dags/create_mart_dag.py took 0.094 seconds
[2026-06-17T15:13:26.820+0000] {processor.py:186} INFO - Started process (PID=264) to work on /opt/airflow/dags/create_mart_dag.py
[2026-06-17T15:13:26.821+0000] {processor.py:914} INFO - Processing file /opt/airflow/dags/create_mart_dag.py for tasks to queue
[2026-06-17T15:13:26.823+0000] {logging_mixin.py:190} INFO - [2026-06-17T15:13:26.823+0000] {dagbag.py:588} INFO - Filling up the DagBag from /opt/airflow/dags/create_mart_dag.py
[2026-06-17T15:13:26.850+0000] {processor.py:925} INFO - DAG(s) 'create_analytics_mart' retrieved from /opt/airflow/dags/create_mart_dag.py
[2026-06-17T15:13:26.874+0000] {logging_mixin.py:190} INFO - [2026-06-17T15:13:26.874+0000] {dag.py:3239} INFO - Sync 1 DAGs
[2026-06-17T15:13:26.888+0000] {logging_mixin.py:190} INFO - [2026-06-17T15:13:26.887+0000] {dag.py:4180} INFO - Setting next_dagrun for create_analytics_mart to None, run_after=None
[2026-06-17T15:13:26.911+0000] {processor.py:208} INFO - Processing /opt/airflow/dags/create_mart_dag.py took 0.096 seconds
[2026-06-17T15:13:57.121+0000] {processor.py:186} INFO - Started process (PID=275) to work on /opt/airflow/dags/create_mart_dag.py
[2026-06-17T15:13:57.122+0000] {processor.py:914} INFO - Processing file /opt/airflow/dags/create_mart_dag.py for tasks to queue
[2026-06-17T15:13:57.125+0000] {logging_mixin.py:190} INFO - [2026-06-17T15:13:57.125+0000] {dagbag.py:588} INFO - Filling up the DagBag from /opt/airflow/dags/create_mart_dag.py
[2026-06-17T15:13:57.146+0000] {processor.py:925} INFO - DAG(s) 'create_analytics_mart' retrieved from /opt/airflow/dags/create_mart_dag.py
[2026-06-17T15:13:57.173+0000] {logging_mixin.py:190} INFO - [2026-06-17T15:13:57.173+0000] {dag.py:3239} INFO - Sync 1 DAGs
[2026-06-17T15:13:57.189+0000] {logging_mixin.py:190} INFO - [2026-06-17T15:13:57.189+0000] {dag.py:4180} INFO - Setting next_dagrun for create_analytics_mart to None, run_after=None
[2026-06-17T15:13:57.210+0000] {processor.py:208} INFO - Processing /opt/airflow/dags/create_mart_dag.py took 0.095 seconds
[2026-06-17T15:14:27.576+0000] {processor.py:186} INFO - Started process (PID=286) to work on /opt/airflow/dags/create_mart_dag.py
[2026-06-17T15:14:27.577+0000] {processor.py:914} INFO - Processing file /opt/airflow/dags/create_mart_dag.py for tasks to queue
[2026-06-17T15:14:27.580+0000] {logging_mixin.py:190} INFO - [2026-06-17T15:14:27.580+0000] {dagbag.py:588} INFO - Filling up the DagBag from /opt/airflow/dags/create_mart_dag.py
[2026-06-17T15:14:27.603+0000] {processor.py:925} INFO - DAG(s) 'create_analytics_mart' retrieved from /opt/airflow/dags/create_mart_dag.py
[2026-06-17T15:14:27.628+0000] {logging_mixin.py:190} INFO - [2026-06-17T15:14:27.627+0000] {dag.py:3239} INFO - Sync 1 DAGs
[2026-06-17T15:14:27.643+0000] {logging_mixin.py:190} INFO - [2026-06-17T15:14:27.642+0000] {dag.py:4180} INFO - Setting next_dagrun for create_analytics_mart to None, run_after=None
[2026-06-17T15:14:27.668+0000] {processor.py:208} INFO - Processing /opt/airflow/dags/create_mart_dag.py took 0.097 seconds
[2026-06-17T15:14:57.869+0000] {processor.py:186} INFO - Started process (PID=297) to work on /opt/airflow/dags/create_mart_dag.py
[2026-06-17T15:14:57.870+0000] {processor.py:914} INFO - Processing file /opt/airflow/dags/create_mart_dag.py for tasks to queue
[2026-06-17T15:14:57.872+0000] {logging_mixin.py:190} INFO - [2026-06-17T15:14:57.872+0000] {dagbag.py:588} INFO - Filling up the DagBag from /opt/airflow/dags/create_mart_dag.py
[2026-06-17T15:14:57.894+0000] {processor.py:925} INFO - DAG(s) 'create_analytics_mart' retrieved from /opt/airflow/dags/create_mart_dag.py
[2026-06-17T15:14:57.919+0000] {logging_mixin.py:190} INFO - [2026-06-17T15:14:57.919+0000] {dag.py:3239} INFO - Sync 1 DAGs
[2026-06-17T15:14:57.933+0000] {logging_mixin.py:190} INFO - [2026-06-17T15:14:57.932+0000] {dag.py:4180} INFO - Setting next_dagrun for create_analytics_mart to None, run_after=None
[2026-06-17T15:14:57.955+0000] {processor.py:208} INFO - Processing /opt/airflow/dags/create_mart_dag.py took 0.092 seconds
[2026-06-17T15:15:28.332+0000] {processor.py:186} INFO - Started process (PID=308) to work on /opt/airflow/dags/create_mart_dag.py
[2026-06-17T15:15:28.333+0000] {processor.py:914} INFO - Processing file /opt/airflow/dags/create_mart_dag.py for tasks to queue
[2026-06-17T15:15:28.336+0000] {logging_mixin.py:190} INFO - [2026-06-17T15:15:28.336+0000] {dagbag.py:588} INFO - Filling up the DagBag from /opt/airflow/dags/create_mart_dag.py
[2026-06-17T15:15:28.372+0000] {processor.py:925} INFO - DAG(s) 'create_analytics_mart' retrieved from /opt/airflow/dags/create_mart_dag.py
[2026-06-17T15:15:28.396+0000] {logging_mixin.py:190} INFO - [2026-06-17T15:15:28.396+0000] {dag.py:3239} INFO - Sync 1 DAGs
[2026-06-17T15:15:28.411+0000] {logging_mixin.py:190} INFO - [2026-06-17T15:15:28.411+0000] {dag.py:4180} INFO - Setting next_dagrun for create_analytics_mart to None, run_after=None
[2026-06-17T15:15:28.432+0000] {processor.py:208} INFO - Processing /opt/airflow/dags/create_mart_dag.py took 0.108 seconds
[2026-06-17T15:15:58.696+0000] {processor.py:186} INFO - Started process (PID=322) to work on /opt/airflow/dags/create_mart_dag.py
[2026-06-17T15:15:58.697+0000] {processor.py:914} INFO - Processing file /opt/airflow/dags/create_mart_dag.py for tasks to queue
[2026-06-17T15:15:58.699+0000] {logging_mixin.py:190} INFO - [2026-06-17T15:15:58.699+0000] {dagbag.py:588} INFO - Filling up the DagBag from /opt/airflow/dags/create_mart_dag.py
[2026-06-17T15:15:58.718+0000] {processor.py:925} INFO - DAG(s) 'create_analytics_mart' retrieved from /opt/airflow/dags/create_mart_dag.py
[2026-06-17T15:15:58.747+0000] {logging_mixin.py:190} INFO - [2026-06-17T15:15:58.747+0000] {dag.py:3239} INFO - Sync 1 DAGs
[2026-06-17T15:15:58.764+0000] {logging_mixin.py:190} INFO - [2026-06-17T15:15:58.764+0000] {dag.py:4180} INFO - Setting next_dagrun for create_analytics_mart to None, run_after=None
[2026-06-17T15:15:58.789+0000] {processor.py:208} INFO - Processing /opt/airflow/dags/create_mart_dag.py took 0.098 seconds
[2026-06-17T15:16:29.082+0000] {processor.py:186} INFO - Started process (PID=333) to work on /opt/airflow/dags/create_mart_dag.py
[2026-06-17T15:16:29.083+0000] {processor.py:914} INFO - Processing file /opt/airflow/dags/create_mart_dag.py for tasks to queue
[2026-06-17T15:16:29.085+0000] {logging_mixin.py:190} INFO - [2026-06-17T15:16:29.085+0000] {dagbag.py:588} INFO - Filling up the DagBag from /opt/airflow/dags/create_mart_dag.py
[2026-06-17T15:16:29.112+0000] {processor.py:925} INFO - DAG(s) 'create_analytics_mart' retrieved from /opt/airflow/dags/create_mart_dag.py
[2026-06-17T15:16:29.135+0000] {logging_mixin.py:190} INFO - [2026-06-17T15:16:29.134+0000] {dag.py:3239} INFO - Sync 1 DAGs
[2026-06-17T15:16:29.147+0000] {logging_mixin.py:190} INFO - [2026-06-17T15:16:29.147+0000] {dag.py:4180} INFO - Setting next_dagrun for create_analytics_mart to None, run_after=None
[2026-06-17T15:16:29.169+0000] {processor.py:208} INFO - Processing /opt/airflow/dags/create_mart_dag.py took 0.093 seconds
[2026-06-17T15:16:59.461+0000] {processor.py:186} INFO - Started process (PID=347) to work on /opt/airflow/dags/create_mart_dag.py
[2026-06-17T15:16:59.462+0000] {processor.py:914} INFO - Processing file /opt/airflow/dags/create_mart_dag.py for tasks to queue
[2026-06-17T15:16:59.464+0000] {logging_mixin.py:190} INFO - [2026-06-17T15:16:59.464+0000] {dagbag.py:588} INFO - Filling up the DagBag from /opt/airflow/dags/create_mart_dag.py
[2026-06-17T15:16:59.482+0000] {processor.py:925} INFO - DAG(s) 'create_analytics_mart' retrieved from /opt/airflow/dags/create_mart_dag.py
[2026-06-17T15:16:59.506+0000] {logging_mixin.py:190} INFO - [2026-06-17T15:16:59.506+0000] {dag.py:3239} INFO - Sync 1 DAGs
[2026-06-17T15:16:59.521+0000] {logging_mixin.py:190} INFO - [2026-06-17T15:16:59.521+0000] {dag.py:4180} INFO - Setting next_dagrun for create_analytics_mart to None, run_after=None
[2026-06-17T15:16:59.543+0000] {processor.py:208} INFO - Processing /opt/airflow/dags/create_mart_dag.py took 0.088 seconds
[2026-06-17T15:17:29.941+0000] {processor.py:186} INFO - Started process (PID=357) to work on /opt/airflow/dags/create_mart_dag.py
[2026-06-17T15:17:29.942+0000] {processor.py:914} INFO - Processing file /opt/airflow/dags/create_mart_dag.py for tasks to queue
[2026-06-17T15:17:29.946+0000] {logging_mixin.py:190} INFO - [2026-06-17T15:17:29.945+0000] {dagbag.py:588} INFO - Filling up the DagBag from /opt/airflow/dags/create_mart_dag.py
[2026-06-17T15:17:29.974+0000] {processor.py:925} INFO - DAG(s) 'create_analytics_mart' retrieved from /opt/airflow/dags/create_mart_dag.py
[2026-06-17T15:17:30.001+0000] {logging_mixin.py:190} INFO - [2026-06-17T15:17:30.000+0000] {dag.py:3239} INFO - Sync 1 DAGs
[2026-06-17T15:17:30.014+0000] {logging_mixin.py:190} INFO - [2026-06-17T15:17:30.014+0000] {dag.py:4180} INFO - Setting next_dagrun for create_analytics_mart to None, run_after=None
[2026-06-17T15:17:30.034+0000] {processor.py:208} INFO - Processing /opt/airflow/dags/create_mart_dag.py took 0.098 seconds
[2026-06-17T15:18:00.197+0000] {processor.py:186} INFO - Started process (PID=368) to work on /opt/airflow/dags/create_mart_dag.py
[2026-06-17T15:18:00.198+0000] {processor.py:914} INFO - Processing file /opt/airflow/dags/create_mart_dag.py for tasks to queue
[2026-06-17T15:18:00.201+0000] {logging_mixin.py:190} INFO - [2026-06-17T15:18:00.201+0000] {dagbag.py:588} INFO - Filling up the DagBag from /opt/airflow/dags/create_mart_dag.py
[2026-06-17T15:18:00.225+0000] {processor.py:925} INFO - DAG(s) 'create_analytics_mart' retrieved from /opt/airflow/dags/create_mart_dag.py
[2026-06-17T15:18:00.250+0000] {logging_mixin.py:190} INFO - [2026-06-17T15:18:00.250+0000] {dag.py:3239} INFO - Sync 1 DAGs
[2026-06-17T15:18:00.266+0000] {logging_mixin.py:190} INFO - [2026-06-17T15:18:00.265+0000] {dag.py:4180} INFO - Setting next_dagrun for create_analytics_mart to None, run_after=None
[2026-06-17T15:18:00.287+0000] {processor.py:208} INFO - Processing /opt/airflow/dags/create_mart_dag.py took 0.098 seconds
[2026-06-17T15:18:30.638+0000] {processor.py:186} INFO - Started process (PID=379) to work on /opt/airflow/dags/create_mart_dag.py
[2026-06-17T15:18:30.641+0000] {processor.py:914} INFO - Processing file /opt/airflow/dags/create_mart_dag.py for tasks to queue
[2026-06-17T15:18:30.648+0000] {logging_mixin.py:190} INFO - [2026-06-17T15:18:30.647+0000] {dagbag.py:588} INFO - Filling up the DagBag from /opt/airflow/dags/create_mart_dag.py
[2026-06-17T15:18:30.709+0000] {processor.py:925} INFO - DAG(s) 'create_analytics_mart' retrieved from /opt/airflow/dags/create_mart_dag.py
[2026-06-17T15:18:30.760+0000] {logging_mixin.py:190} INFO - [2026-06-17T15:18:30.760+0000] {dag.py:3239} INFO - Sync 1 DAGs
[2026-06-17T15:18:30.795+0000] {logging_mixin.py:190} INFO - [2026-06-17T15:18:30.795+0000] {dag.py:4180} INFO - Setting next_dagrun for create_analytics_mart to None, run_after=None
[2026-06-17T15:18:30.832+0000] {processor.py:208} INFO - Processing /opt/airflow/dags/create_mart_dag.py took 0.205 seconds
[2026-06-17T15:19:00.964+0000] {processor.py:186} INFO - Started process (PID=390) to work on /opt/airflow/dags/create_mart_dag.py
[2026-06-17T15:19:00.965+0000] {processor.py:914} INFO - Processing file /opt/airflow/dags/create_mart_dag.py for tasks to queue
[2026-06-17T15:19:00.971+0000] {logging_mixin.py:190} INFO - [2026-06-17T15:19:00.970+0000] {dagbag.py:588} INFO - Filling up the DagBag from /opt/airflow/dags/create_mart_dag.py
[2026-06-17T15:19:01.013+0000] {processor.py:925} INFO - DAG(s) 'create_analytics_mart' retrieved from /opt/airflow/dags/create_mart_dag.py
[2026-06-17T15:19:01.069+0000] {logging_mixin.py:190} INFO - [2026-06-17T15:19:01.068+0000] {dag.py:3239} INFO - Sync 1 DAGs
[2026-06-17T15:19:01.091+0000] {logging_mixin.py:190} INFO - [2026-06-17T15:19:01.091+0000] {dag.py:4180} INFO - Setting next_dagrun for create_analytics_mart to None, run_after=None
[2026-06-17T15:19:01.121+0000] {processor.py:208} INFO - Processing /opt/airflow/dags/create_mart_dag.py took 0.168 seconds
[2026-06-17T15:19:31.493+0000] {processor.py:186} INFO - Started process (PID=401) to work on /opt/airflow/dags/create_mart_dag.py
[2026-06-17T15:19:31.494+0000] {processor.py:914} INFO - Processing file /opt/airflow/dags/create_mart_dag.py for tasks to queue
[2026-06-17T15:19:31.499+0000] {logging_mixin.py:190} INFO - [2026-06-17T15:19:31.499+0000] {dagbag.py:588} INFO - Filling up the DagBag from /opt/airflow/dags/create_mart_dag.py
[2026-06-17T15:19:31.546+0000] {processor.py:925} INFO - DAG(s) 'create_analytics_mart' retrieved from /opt/airflow/dags/create_mart_dag.py
[2026-06-17T15:19:31.589+0000] {logging_mixin.py:190} INFO - [2026-06-17T15:19:31.589+0000] {dag.py:3239} INFO - Sync 1 DAGs
[2026-06-17T15:19:31.615+0000] {logging_mixin.py:190} INFO - [2026-06-17T15:19:31.615+0000] {dag.py:4180} INFO - Setting next_dagrun for create_analytics_mart to None, run_after=None
[2026-06-17T15:19:31.648+0000] {processor.py:208} INFO - Processing /opt/airflow/dags/create_mart_dag.py took 0.162 seconds
[2026-06-17T15:20:01.761+0000] {processor.py:186} INFO - Started process (PID=412) to work on /opt/airflow/dags/create_mart_dag.py
[2026-06-17T15:20:01.764+0000] {processor.py:914} INFO - Processing file /opt/airflow/dags/create_mart_dag.py for tasks to queue
[2026-06-17T15:20:01.779+0000] {logging_mixin.py:190} INFO - [2026-06-17T15:20:01.778+0000] {dagbag.py:588} INFO - Filling up the DagBag from /opt/airflow/dags/create_mart_dag.py
[2026-06-17T15:20:01.820+0000] {processor.py:925} INFO - DAG(s) 'create_analytics_mart' retrieved from /opt/airflow/dags/create_mart_dag.py
[2026-06-17T15:20:01.851+0000] {logging_mixin.py:190} INFO - [2026-06-17T15:20:01.851+0000] {dag.py:3239} INFO - Sync 1 DAGs
[2026-06-17T15:20:01.869+0000] {logging_mixin.py:190} INFO - [2026-06-17T15:20:01.869+0000] {dag.py:4180} INFO - Setting next_dagrun for create_analytics_mart to None, run_after=None
[2026-06-17T15:20:01.895+0000] {processor.py:208} INFO - Processing /opt/airflow/dags/create_mart_dag.py took 0.147 seconds
[2026-06-17T15:20:32.242+0000] {processor.py:186} INFO - Started process (PID=423) to work on /opt/airflow/dags/create_mart_dag.py
[2026-06-17T15:20:32.243+0000] {processor.py:914} INFO - Processing file /opt/airflow/dags/create_mart_dag.py for tasks to queue
[2026-06-17T15:20:32.247+0000] {logging_mixin.py:190} INFO - [2026-06-17T15:20:32.246+0000] {dagbag.py:588} INFO - Filling up the DagBag from /opt/airflow/dags/create_mart_dag.py
[2026-06-17T15:20:32.268+0000] {processor.py:925} INFO - DAG(s) 'create_analytics_mart' retrieved from /opt/airflow/dags/create_mart_dag.py
[2026-06-17T15:20:32.296+0000] {logging_mixin.py:190} INFO - [2026-06-17T15:20:32.295+0000] {dag.py:3239} INFO - Sync 1 DAGs
[2026-06-17T15:20:32.311+0000] {logging_mixin.py:190} INFO - [2026-06-17T15:20:32.311+0000] {dag.py:4180} INFO - Setting next_dagrun for create_analytics_mart to None, run_after=None
[2026-06-17T15:20:32.348+0000] {processor.py:208} INFO - Processing /opt/airflow/dags/create_mart_dag.py took 0.111 seconds
[2026-06-17T15:21:02.515+0000] {processor.py:186} INFO - Started process (PID=434) to work on /opt/airflow/dags/create_mart_dag.py
[2026-06-17T15:21:02.517+0000] {processor.py:914} INFO - Processing file /opt/airflow/dags/create_mart_dag.py for tasks to queue
[2026-06-17T15:21:02.521+0000] {logging_mixin.py:190} INFO - [2026-06-17T15:21:02.520+0000] {dagbag.py:588} INFO - Filling up the DagBag from /opt/airflow/dags/create_mart_dag.py
[2026-06-17T15:21:02.552+0000] {processor.py:925} INFO - DAG(s) 'create_analytics_mart' retrieved from /opt/airflow/dags/create_mart_dag.py
[2026-06-17T15:21:02.588+0000] {logging_mixin.py:190} INFO - [2026-06-17T15:21:02.588+0000] {dag.py:3239} INFO - Sync 1 DAGs
[2026-06-17T15:21:02.607+0000] {logging_mixin.py:190} INFO - [2026-06-17T15:21:02.607+0000] {dag.py:4180} INFO - Setting next_dagrun for create_analytics_mart to None, run_after=None
[2026-06-17T15:21:02.639+0000] {processor.py:208} INFO - Processing /opt/airflow/dags/create_mart_dag.py took 0.132 seconds
[2026-06-17T15:21:32.880+0000] {processor.py:186} INFO - Started process (PID=445) to work on /opt/airflow/dags/create_mart_dag.py
[2026-06-17T15:21:32.882+0000] {processor.py:914} INFO - Processing file /opt/airflow/dags/create_mart_dag.py for tasks to queue
[2026-06-17T15:21:32.886+0000] {logging_mixin.py:190} INFO - [2026-06-17T15:21:32.885+0000] {dagbag.py:588} INFO - Filling up the DagBag from /opt/airflow/dags/create_mart_dag.py
[2026-06-17T15:21:32.916+0000] {processor.py:925} INFO - DAG(s) 'create_analytics_mart' retrieved from /opt/airflow/dags/create_mart_dag.py
[2026-06-17T15:21:32.943+0000] {logging_mixin.py:190} INFO - [2026-06-17T15:21:32.943+0000] {dag.py:3239} INFO - Sync 1 DAGs
[2026-06-17T15:21:32.959+0000] {logging_mixin.py:190} INFO - [2026-06-17T15:21:32.959+0000] {dag.py:4180} INFO - Setting next_dagrun for create_analytics_mart to None, run_after=None
[2026-06-17T15:21:32.984+0000] {processor.py:208} INFO - Processing /opt/airflow/dags/create_mart_dag.py took 0.112 seconds
[2026-06-17T15:22:03.163+0000] {processor.py:186} INFO - Started process (PID=456) to work on /opt/airflow/dags/create_mart_dag.py
[2026-06-17T15:22:03.165+0000] {processor.py:914} INFO - Processing file /opt/airflow/dags/create_mart_dag.py for tasks to queue
[2026-06-17T15:22:03.168+0000] {logging_mixin.py:190} INFO - [2026-06-17T15:22:03.167+0000] {dagbag.py:588} INFO - Filling up the DagBag from /opt/airflow/dags/create_mart_dag.py
[2026-06-17T15:22:03.188+0000] {processor.py:925} INFO - DAG(s) 'create_analytics_mart' retrieved from /opt/airflow/dags/create_mart_dag.py
[2026-06-17T15:22:03.220+0000] {logging_mixin.py:190} INFO - [2026-06-17T15:22:03.220+0000] {dag.py:3239} INFO - Sync 1 DAGs
[2026-06-17T15:22:03.236+0000] {logging_mixin.py:190} INFO - [2026-06-17T15:22:03.235+0000] {dag.py:4180} INFO - Setting next_dagrun for create_analytics_mart to None, run_after=None
[2026-06-17T15:22:03.260+0000] {processor.py:208} INFO - Processing /opt/airflow/dags/create_mart_dag.py took 0.103 seconds
[2026-06-17T15:22:33.518+0000] {processor.py:186} INFO - Started process (PID=468) to work on /opt/airflow/dags/create_mart_dag.py
[2026-06-17T15:22:33.519+0000] {processor.py:914} INFO - Processing file /opt/airflow/dags/create_mart_dag.py for tasks to queue
[2026-06-17T15:22:33.522+0000] {logging_mixin.py:190} INFO - [2026-06-17T15:22:33.521+0000] {dagbag.py:588} INFO - Filling up the DagBag from /opt/airflow/dags/create_mart_dag.py
[2026-06-17T15:22:33.543+0000] {processor.py:925} INFO - DAG(s) 'create_analytics_mart' retrieved from /opt/airflow/dags/create_mart_dag.py
[2026-06-17T15:22:33.569+0000] {logging_mixin.py:190} INFO - [2026-06-17T15:22:33.569+0000] {dag.py:3239} INFO - Sync 1 DAGs
[2026-06-17T15:22:33.584+0000] {logging_mixin.py:190} INFO - [2026-06-17T15:22:33.584+0000] {dag.py:4180} INFO - Setting next_dagrun for create_analytics_mart to None, run_after=None
[2026-06-17T15:22:33.610+0000] {processor.py:208} INFO - Processing /opt/airflow/dags/create_mart_dag.py took 0.098 seconds
[2026-06-17T15:23:03.845+0000] {processor.py:186} INFO - Started process (PID=479) to work on /opt/airflow/dags/create_mart_dag.py
[2026-06-17T15:23:03.846+0000] {processor.py:914} INFO - Processing file /opt/airflow/dags/create_mart_dag.py for tasks to queue
[2026-06-17T15:23:03.848+0000] {logging_mixin.py:190} INFO - [2026-06-17T15:23:03.848+0000] {dagbag.py:588} INFO - Filling up the DagBag from /opt/airflow/dags/create_mart_dag.py
[2026-06-17T15:23:03.871+0000] {processor.py:925} INFO - DAG(s) 'create_analytics_mart' retrieved from /opt/airflow/dags/create_mart_dag.py
[2026-06-17T15:23:03.938+0000] {logging_mixin.py:190} INFO - [2026-06-17T15:23:03.938+0000] {dag.py:3239} INFO - Sync 1 DAGs
[2026-06-17T15:23:03.997+0000] {logging_mixin.py:190} INFO - [2026-06-17T15:23:03.996+0000] {dag.py:4180} INFO - Setting next_dagrun for create_analytics_mart to None, run_after=None
[2026-06-17T15:23:04.046+0000] {processor.py:208} INFO - Processing /opt/airflow/dags/create_mart_dag.py took 0.206 seconds
[2026-06-17T15:23:34.165+0000] {processor.py:186} INFO - Started process (PID=490) to work on /opt/airflow/dags/create_mart_dag.py
[2026-06-17T15:23:34.167+0000] {processor.py:914} INFO - Processing file /opt/airflow/dags/create_mart_dag.py for tasks to queue
[2026-06-17T15:23:34.169+0000] {logging_mixin.py:190} INFO - [2026-06-17T15:23:34.169+0000] {dagbag.py:588} INFO - Filling up the DagBag from /opt/airflow/dags/create_mart_dag.py
[2026-06-17T15:23:34.197+0000] {processor.py:925} INFO - DAG(s) 'create_analytics_mart' retrieved from /opt/airflow/dags/create_mart_dag.py
[2026-06-17T15:23:34.229+0000] {logging_mixin.py:190} INFO - [2026-06-17T15:23:34.229+0000] {dag.py:3239} INFO - Sync 1 DAGs
[2026-06-17T15:23:34.264+0000] {logging_mixin.py:190} INFO - [2026-06-17T15:23:34.264+0000] {dag.py:4180} INFO - Setting next_dagrun for create_analytics_mart to None, run_after=None
[2026-06-17T15:23:34.305+0000] {processor.py:208} INFO - Processing /opt/airflow/dags/create_mart_dag.py took 0.148 seconds
[2026-06-17T15:24:04.624+0000] {processor.py:186} INFO - Started process (PID=501) to work on /opt/airflow/dags/create_mart_dag.py
[2026-06-17T15:24:04.626+0000] {processor.py:914} INFO - Processing file /opt/airflow/dags/create_mart_dag.py for tasks to queue
[2026-06-17T15:24:04.629+0000] {logging_mixin.py:190} INFO - [2026-06-17T15:24:04.629+0000] {dagbag.py:588} INFO - Filling up the DagBag from /opt/airflow/dags/create_mart_dag.py
[2026-06-17T15:24:04.662+0000] {processor.py:925} INFO - DAG(s) 'create_analytics_mart' retrieved from /opt/airflow/dags/create_mart_dag.py
[2026-06-17T15:24:04.691+0000] {logging_mixin.py:190} INFO - [2026-06-17T15:24:04.690+0000] {dag.py:3239} INFO - Sync 1 DAGs
[2026-06-17T15:24:04.707+0000] {logging_mixin.py:190} INFO - [2026-06-17T15:24:04.707+0000] {dag.py:4180} INFO - Setting next_dagrun for create_analytics_mart to None, run_after=None
[2026-06-17T15:24:04.730+0000] {processor.py:208} INFO - Processing /opt/airflow/dags/create_mart_dag.py took 0.112 seconds
[2026-06-17T15:24:34.952+0000] {processor.py:186} INFO - Started process (PID=512) to work on /opt/airflow/dags/create_mart_dag.py
[2026-06-17T15:24:34.953+0000] {processor.py:914} INFO - Processing file /opt/airflow/dags/create_mart_dag.py for tasks to queue
[2026-06-17T15:24:34.956+0000] {logging_mixin.py:190} INFO - [2026-06-17T15:24:34.956+0000] {dagbag.py:588} INFO - Filling up the DagBag from /opt/airflow/dags/create_mart_dag.py
[2026-06-17T15:24:34.980+0000] {processor.py:925} INFO - DAG(s) 'create_analytics_mart' retrieved from /opt/airflow/dags/create_mart_dag.py
[2026-06-17T15:24:35.010+0000] {logging_mixin.py:190} INFO - [2026-06-17T15:24:35.009+0000] {dag.py:3239} INFO - Sync 1 DAGs
[2026-06-17T15:24:35.026+0000] {logging_mixin.py:190} INFO - [2026-06-17T15:24:35.026+0000] {dag.py:4180} INFO - Setting next_dagrun for create_analytics_mart to None, run_after=None
[2026-06-17T15:24:35.051+0000] {processor.py:208} INFO - Processing /opt/airflow/dags/create_mart_dag.py took 0.107 seconds
[2026-06-17T15:25:05.289+0000] {processor.py:186} INFO - Started process (PID=523) to work on /opt/airflow/dags/create_mart_dag.py
[2026-06-17T15:25:05.290+0000] {processor.py:914} INFO - Processing file /opt/airflow/dags/create_mart_dag.py for tasks to queue
[2026-06-17T15:25:05.293+0000] {logging_mixin.py:190} INFO - [2026-06-17T15:25:05.293+0000] {dagbag.py:588} INFO - Filling up the DagBag from /opt/airflow/dags/create_mart_dag.py
[2026-06-17T15:25:05.314+0000] {processor.py:925} INFO - DAG(s) 'create_analytics_mart' retrieved from /opt/airflow/dags/create_mart_dag.py
[2026-06-17T15:25:05.339+0000] {logging_mixin.py:190} INFO - [2026-06-17T15:25:05.339+0000] {dag.py:3239} INFO - Sync 1 DAGs
[2026-06-17T15:25:05.355+0000] {logging_mixin.py:190} INFO - [2026-06-17T15:25:05.354+0000] {dag.py:4180} INFO - Setting next_dagrun for create_analytics_mart to None, run_after=None
[2026-06-17T15:25:05.376+0000] {processor.py:208} INFO - Processing /opt/airflow/dags/create_mart_dag.py took 0.093 seconds
[2026-06-17T15:25:35.587+0000] {processor.py:186} INFO - Started process (PID=534) to work on /opt/airflow/dags/create_mart_dag.py
[2026-06-17T15:25:35.588+0000] {processor.py:914} INFO - Processing file /opt/airflow/dags/create_mart_dag.py for tasks to queue
[2026-06-17T15:25:35.591+0000] {logging_mixin.py:190} INFO - [2026-06-17T15:25:35.591+0000] {dagbag.py:588} INFO - Filling up the DagBag from /opt/airflow/dags/create_mart_dag.py
[2026-06-17T15:25:35.612+0000] {processor.py:925} INFO - DAG(s) 'create_analytics_mart' retrieved from /opt/airflow/dags/create_mart_dag.py
[2026-06-17T15:25:35.637+0000] {logging_mixin.py:190} INFO - [2026-06-17T15:25:35.637+0000] {dag.py:3239} INFO - Sync 1 DAGs
[2026-06-17T15:25:35.650+0000] {logging_mixin.py:190} INFO - [2026-06-17T15:25:35.650+0000] {dag.py:4180} INFO - Setting next_dagrun for create_analytics_mart to None, run_after=None
[2026-06-17T15:25:35.672+0000] {processor.py:208} INFO - Processing /opt/airflow/dags/create_mart_dag.py took 0.091 seconds
[2026-06-17T15:26:05.912+0000] {processor.py:186} INFO - Started process (PID=545) to work on /opt/airflow/dags/create_mart_dag.py
[2026-06-17T15:26:05.913+0000] {processor.py:914} INFO - Processing file /opt/airflow/dags/create_mart_dag.py for tasks to queue
[2026-06-17T15:26:05.916+0000] {logging_mixin.py:190} INFO - [2026-06-17T15:26:05.916+0000] {dagbag.py:588} INFO - Filling up the DagBag from /opt/airflow/dags/create_mart_dag.py
[2026-06-17T15:26:05.952+0000] {processor.py:925} INFO - DAG(s) 'create_analytics_mart' retrieved from /opt/airflow/dags/create_mart_dag.py
[2026-06-17T15:26:05.978+0000] {logging_mixin.py:190} INFO - [2026-06-17T15:26:05.977+0000] {dag.py:3239} INFO - Sync 1 DAGs
[2026-06-17T15:26:05.993+0000] {logging_mixin.py:190} INFO - [2026-06-17T15:26:05.993+0000] {dag.py:4180} INFO - Setting next_dagrun for create_analytics_mart to None, run_after=None
[2026-06-17T15:26:06.017+0000] {processor.py:208} INFO - Processing /opt/airflow/dags/create_mart_dag.py took 0.112 seconds
[2026-06-17T15:26:36.240+0000] {processor.py:186} INFO - Started process (PID=556) to work on /opt/airflow/dags/create_mart_dag.py
[2026-06-17T15:26:36.242+0000] {processor.py:914} INFO - Processing file /opt/airflow/dags/create_mart_dag.py for tasks to queue
[2026-06-17T15:26:36.247+0000] {logging_mixin.py:190} INFO - [2026-06-17T15:26:36.246+0000] {dagbag.py:588} INFO - Filling up the DagBag from /opt/airflow/dags/create_mart_dag.py
[2026-06-17T15:26:36.275+0000] {processor.py:925} INFO - DAG(s) 'create_analytics_mart' retrieved from /opt/airflow/dags/create_mart_dag.py
[2026-06-17T15:26:36.302+0000] {logging_mixin.py:190} INFO - [2026-06-17T15:26:36.302+0000] {dag.py:3239} INFO - Sync 1 DAGs
[2026-06-17T15:26:36.316+0000] {logging_mixin.py:190} INFO - [2026-06-17T15:26:36.316+0000] {dag.py:4180} INFO - Setting next_dagrun for create_analytics_mart to None, run_after=None
[2026-06-17T15:26:36.346+0000] {processor.py:208} INFO - Processing /opt/airflow/dags/create_mart_dag.py took 0.121 seconds
[2026-06-17T15:27:06.585+0000] {processor.py:186} INFO - Started process (PID=567) to work on /opt/airflow/dags/create_mart_dag.py
[2026-06-17T15:27:06.586+0000] {processor.py:914} INFO - Processing file /opt/airflow/dags/create_mart_dag.py for tasks to queue
[2026-06-17T15:27:06.589+0000] {logging_mixin.py:190} INFO - [2026-06-17T15:27:06.589+0000] {dagbag.py:588} INFO - Filling up the DagBag from /opt/airflow/dags/create_mart_dag.py
[2026-06-17T15:27:06.615+0000] {processor.py:925} INFO - DAG(s) 'create_analytics_mart' retrieved from /opt/airflow/dags/create_mart_dag.py
[2026-06-17T15:27:06.639+0000] {logging_mixin.py:190} INFO - [2026-06-17T15:27:06.639+0000] {dag.py:3239} INFO - Sync 1 DAGs
[2026-06-17T15:27:06.654+0000] {logging_mixin.py:190} INFO - [2026-06-17T15:27:06.654+0000] {dag.py:4180} INFO - Setting next_dagrun for create_analytics_mart to None, run_after=None
[2026-06-17T15:27:06.676+0000] {processor.py:208} INFO - Processing /opt/airflow/dags/create_mart_dag.py took 0.104 seconds
[2026-06-17T15:27:36.876+0000] {processor.py:186} INFO - Started process (PID=578) to work on /opt/airflow/dags/create_mart_dag.py
[2026-06-17T15:27:36.877+0000] {processor.py:914} INFO - Processing file /opt/airflow/dags/create_mart_dag.py for tasks to queue
[2026-06-17T15:27:36.880+0000] {logging_mixin.py:190} INFO - [2026-06-17T15:27:36.879+0000] {dagbag.py:588} INFO - Filling up the DagBag from /opt/airflow/dags/create_mart_dag.py
[2026-06-17T15:27:36.906+0000] {processor.py:925} INFO - DAG(s) 'create_analytics_mart' retrieved from /opt/airflow/dags/create_mart_dag.py
[2026-06-17T15:27:36.941+0000] {logging_mixin.py:190} INFO - [2026-06-17T15:27:36.941+0000] {dag.py:3239} INFO - Sync 1 DAGs
[2026-06-17T15:27:36.959+0000] {logging_mixin.py:190} INFO - [2026-06-17T15:27:36.959+0000] {dag.py:4180} INFO - Setting next_dagrun for create_analytics_mart to None, run_after=None
[2026-06-17T15:27:36.984+0000] {processor.py:208} INFO - Processing /opt/airflow/dags/create_mart_dag.py took 0.115 seconds
[2026-06-17T15:28:07.262+0000] {processor.py:186} INFO - Started process (PID=589) to work on /opt/airflow/dags/create_mart_dag.py
[2026-06-17T15:28:07.263+0000] {processor.py:914} INFO - Processing file /opt/airflow/dags/create_mart_dag.py for tasks to queue
[2026-06-17T15:28:07.266+0000] {logging_mixin.py:190} INFO - [2026-06-17T15:28:07.265+0000] {dagbag.py:588} INFO - Filling up the DagBag from /opt/airflow/dags/create_mart_dag.py
[2026-06-17T15:28:07.288+0000] {processor.py:925} INFO - DAG(s) 'create_analytics_mart' retrieved from /opt/airflow/dags/create_mart_dag.py
[2026-06-17T15:28:07.313+0000] {logging_mixin.py:190} INFO - [2026-06-17T15:28:07.313+0000] {dag.py:3239} INFO - Sync 1 DAGs
[2026-06-17T15:28:07.333+0000] {logging_mixin.py:190} INFO - [2026-06-17T15:28:07.332+0000] {dag.py:4180} INFO - Setting next_dagrun for create_analytics_mart to None, run_after=None
[2026-06-17T15:28:07.355+0000] {processor.py:208} INFO - Processing /opt/airflow/dags/create_mart_dag.py took 0.099 seconds
[2026-06-17T15:28:37.643+0000] {processor.py:186} INFO - Started process (PID=606) to work on /opt/airflow/dags/create_mart_dag.py
[2026-06-17T15:28:37.644+0000] {processor.py:914} INFO - Processing file /opt/airflow/dags/create_mart_dag.py for tasks to queue
[2026-06-17T15:28:37.648+0000] {logging_mixin.py:190} INFO - [2026-06-17T15:28:37.647+0000] {dagbag.py:588} INFO - Filling up the DagBag from /opt/airflow/dags/create_mart_dag.py
[2026-06-17T15:28:37.681+0000] {processor.py:925} INFO - DAG(s) 'create_analytics_mart' retrieved from /opt/airflow/dags/create_mart_dag.py
[2026-06-17T15:28:37.712+0000] {logging_mixin.py:190} INFO - [2026-06-17T15:28:37.711+0000] {dag.py:3239} INFO - Sync 1 DAGs
[2026-06-17T15:28:37.729+0000] {logging_mixin.py:190} INFO - [2026-06-17T15:28:37.729+0000] {dag.py:4180} INFO - Setting next_dagrun for create_analytics_mart to None, run_after=None
[2026-06-17T15:28:37.751+0000] {processor.py:208} INFO - Processing /opt/airflow/dags/create_mart_dag.py took 0.117 seconds
[2026-06-17T15:29:07.946+0000] {processor.py:186} INFO - Started process (PID=617) to work on /opt/airflow/dags/create_mart_dag.py
[2026-06-17T15:29:07.947+0000] {processor.py:914} INFO - Processing file /opt/airflow/dags/create_mart_dag.py for tasks to queue
[2026-06-17T15:29:07.951+0000] {logging_mixin.py:190} INFO - [2026-06-17T15:29:07.950+0000] {dagbag.py:588} INFO - Filling up the DagBag from /opt/airflow/dags/create_mart_dag.py
[2026-06-17T15:29:07.971+0000] {processor.py:925} INFO - DAG(s) 'create_analytics_mart' retrieved from /opt/airflow/dags/create_mart_dag.py
[2026-06-17T15:29:08.001+0000] {logging_mixin.py:190} INFO - [2026-06-17T15:29:08.001+0000] {dag.py:3239} INFO - Sync 1 DAGs
[2026-06-17T15:29:08.015+0000] {logging_mixin.py:190} INFO - [2026-06-17T15:29:08.015+0000] {dag.py:4180} INFO - Setting next_dagrun for create_analytics_mart to None, run_after=None
[2026-06-17T15:29:08.038+0000] {processor.py:208} INFO - Processing /opt/airflow/dags/create_mart_dag.py took 0.098 seconds
[2026-06-17T15:29:38.311+0000] {processor.py:186} INFO - Started process (PID=628) to work on /opt/airflow/dags/create_mart_dag.py
[2026-06-17T15:29:38.312+0000] {processor.py:914} INFO - Processing file /opt/airflow/dags/create_mart_dag.py for tasks to queue
[2026-06-17T15:29:38.316+0000] {logging_mixin.py:190} INFO - [2026-06-17T15:29:38.316+0000] {dagbag.py:588} INFO - Filling up the DagBag from /opt/airflow/dags/create_mart_dag.py
[2026-06-17T15:29:38.343+0000] {processor.py:925} INFO - DAG(s) 'create_analytics_mart' retrieved from /opt/airflow/dags/create_mart_dag.py
[2026-06-17T15:29:38.368+0000] {logging_mixin.py:190} INFO - [2026-06-17T15:29:38.368+0000] {dag.py:3239} INFO - Sync 1 DAGs
[2026-06-17T15:29:38.383+0000] {logging_mixin.py:190} INFO - [2026-06-17T15:29:38.383+0000] {dag.py:4180} INFO - Setting next_dagrun for create_analytics_mart to None, run_after=None
[2026-06-17T15:29:38.407+0000] {processor.py:208} INFO - Processing /opt/airflow/dags/create_mart_dag.py took 0.103 seconds
[2026-06-17T15:30:08.534+0000] {processor.py:186} INFO - Started process (PID=639) to work on /opt/airflow/dags/create_mart_dag.py
[2026-06-17T15:30:08.535+0000] {processor.py:914} INFO - Processing file /opt/airflow/dags/create_mart_dag.py for tasks to queue
[2026-06-17T15:30:08.537+0000] {logging_mixin.py:190} INFO - [2026-06-17T15:30:08.537+0000] {dagbag.py:588} INFO - Filling up the DagBag from /opt/airflow/dags/create_mart_dag.py
[2026-06-17T15:30:08.554+0000] {processor.py:925} INFO - DAG(s) 'create_analytics_mart' retrieved from /opt/airflow/dags/create_mart_dag.py
[2026-06-17T15:30:08.579+0000] {logging_mixin.py:190} INFO - [2026-06-17T15:30:08.579+0000] {dag.py:3239} INFO - Sync 1 DAGs
[2026-06-17T15:30:08.594+0000] {logging_mixin.py:190} INFO - [2026-06-17T15:30:08.594+0000] {dag.py:4180} INFO - Setting next_dagrun for create_analytics_mart to None, run_after=None
[2026-06-17T15:30:08.616+0000] {processor.py:208} INFO - Processing /opt/airflow/dags/create_mart_dag.py took 0.088 seconds
[2026-06-17T15:30:38.828+0000] {processor.py:186} INFO - Started process (PID=650) to work on /opt/airflow/dags/create_mart_dag.py
[2026-06-17T15:30:38.829+0000] {processor.py:914} INFO - Processing file /opt/airflow/dags/create_mart_dag.py for tasks to queue
[2026-06-17T15:30:38.831+0000] {logging_mixin.py:190} INFO - [2026-06-17T15:30:38.831+0000] {dagbag.py:588} INFO - Filling up the DagBag from /opt/airflow/dags/create_mart_dag.py
[2026-06-17T15:30:38.853+0000] {processor.py:925} INFO - DAG(s) 'create_analytics_mart' retrieved from /opt/airflow/dags/create_mart_dag.py
[2026-06-17T15:30:38.881+0000] {logging_mixin.py:190} INFO - [2026-06-17T15:30:38.880+0000] {dag.py:3239} INFO - Sync 1 DAGs
[2026-06-17T15:30:38.900+0000] {logging_mixin.py:190} INFO - [2026-06-17T15:30:38.900+0000] {dag.py:4180} INFO - Setting next_dagrun for create_analytics_mart to None, run_after=None
[2026-06-17T15:30:38.927+0000] {processor.py:208} INFO - Processing /opt/airflow/dags/create_mart_dag.py took 0.105 seconds
[2026-06-17T15:31:09.296+0000] {processor.py:186} INFO - Started process (PID=661) to work on /opt/airflow/dags/create_mart_dag.py
[2026-06-17T15:31:09.297+0000] {processor.py:914} INFO - Processing file /opt/airflow/dags/create_mart_dag.py for tasks to queue
[2026-06-17T15:31:09.299+0000] {logging_mixin.py:190} INFO - [2026-06-17T15:31:09.299+0000] {dagbag.py:588} INFO - Filling up the DagBag from /opt/airflow/dags/create_mart_dag.py
[2026-06-17T15:31:09.319+0000] {processor.py:925} INFO - DAG(s) 'create_analytics_mart' retrieved from /opt/airflow/dags/create_mart_dag.py
[2026-06-17T15:31:09.350+0000] {logging_mixin.py:190} INFO - [2026-06-17T15:31:09.350+0000] {dag.py:3239} INFO - Sync 1 DAGs
[2026-06-17T15:31:09.371+0000] {logging_mixin.py:190} INFO - [2026-06-17T15:31:09.371+0000] {dag.py:4180} INFO - Setting next_dagrun for create_analytics_mart to None, run_after=None
[2026-06-17T15:31:09.397+0000] {processor.py:208} INFO - Processing /opt/airflow/dags/create_mart_dag.py took 0.107 seconds
[2026-06-17T15:31:39.633+0000] {processor.py:186} INFO - Started process (PID=672) to work on /opt/airflow/dags/create_mart_dag.py
[2026-06-17T15:31:39.634+0000] {processor.py:914} INFO - Processing file /opt/airflow/dags/create_mart_dag.py for tasks to queue
[2026-06-17T15:31:39.637+0000] {logging_mixin.py:190} INFO - [2026-06-17T15:31:39.637+0000] {dagbag.py:588} INFO - Filling up the DagBag from /opt/airflow/dags/create_mart_dag.py
[2026-06-17T15:31:39.669+0000] {processor.py:925} INFO - DAG(s) 'create_analytics_mart' retrieved from /opt/airflow/dags/create_mart_dag.py
[2026-06-17T15:31:39.696+0000] {logging_mixin.py:190} INFO - [2026-06-17T15:31:39.696+0000] {dag.py:3239} INFO - Sync 1 DAGs
[2026-06-17T15:31:39.710+0000] {logging_mixin.py:190} INFO - [2026-06-17T15:31:39.710+0000] {dag.py:4180} INFO - Setting next_dagrun for create_analytics_mart to None, run_after=None
[2026-06-17T15:31:39.729+0000] {processor.py:208} INFO - Processing /opt/airflow/dags/create_mart_dag.py took 0.104 seconds
[2026-06-17T15:32:09.892+0000] {processor.py:186} INFO - Started process (PID=683) to work on /opt/airflow/dags/create_mart_dag.py
[2026-06-17T15:32:09.893+0000] {processor.py:914} INFO - Processing file /opt/airflow/dags/create_mart_dag.py for tasks to queue
[2026-06-17T15:32:09.895+0000] {logging_mixin.py:190} INFO - [2026-06-17T15:32:09.895+0000] {dagbag.py:588} INFO - Filling up the DagBag from /opt/airflow/dags/create_mart_dag.py
[2026-06-17T15:32:09.914+0000] {processor.py:925} INFO - DAG(s) 'create_analytics_mart' retrieved from /opt/airflow/dags/create_mart_dag.py
[2026-06-17T15:32:09.939+0000] {logging_mixin.py:190} INFO - [2026-06-17T15:32:09.938+0000] {dag.py:3239} INFO - Sync 1 DAGs
[2026-06-17T15:32:09.955+0000] {logging_mixin.py:190} INFO - [2026-06-17T15:32:09.955+0000] {dag.py:4180} INFO - Setting next_dagrun for create_analytics_mart to None, run_after=None
[2026-06-17T15:32:09.977+0000] {processor.py:208} INFO - Processing /opt/airflow/dags/create_mart_dag.py took 0.092 seconds
[2026-06-17T15:32:40.186+0000] {processor.py:186} INFO - Started process (PID=694) to work on /opt/airflow/dags/create_mart_dag.py
[2026-06-17T15:32:40.187+0000] {processor.py:914} INFO - Processing file /opt/airflow/dags/create_mart_dag.py for tasks to queue
[2026-06-17T15:32:40.190+0000] {logging_mixin.py:190} INFO - [2026-06-17T15:32:40.190+0000] {dagbag.py:588} INFO - Filling up the DagBag from /opt/airflow/dags/create_mart_dag.py
[2026-06-17T15:32:40.215+0000] {processor.py:925} INFO - DAG(s) 'create_analytics_mart' retrieved from /opt/airflow/dags/create_mart_dag.py
[2026-06-17T15:32:40.241+0000] {logging_mixin.py:190} INFO - [2026-06-17T15:32:40.241+0000] {dag.py:3239} INFO - Sync 1 DAGs
[2026-06-17T15:32:40.256+0000] {logging_mixin.py:190} INFO - [2026-06-17T15:32:40.256+0000] {dag.py:4180} INFO - Setting next_dagrun for create_analytics_mart to None, run_after=None
[2026-06-17T15:32:40.279+0000] {processor.py:208} INFO - Processing /opt/airflow/dags/create_mart_dag.py took 0.099 seconds
[2026-06-17T15:33:10.642+0000] {processor.py:186} INFO - Started process (PID=705) to work on /opt/airflow/dags/create_mart_dag.py
[2026-06-17T15:33:10.643+0000] {processor.py:914} INFO - Processing file /opt/airflow/dags/create_mart_dag.py for tasks to queue
[2026-06-17T15:33:10.645+0000] {logging_mixin.py:190} INFO - [2026-06-17T15:33:10.645+0000] {dagbag.py:588} INFO - Filling up the DagBag from /opt/airflow/dags/create_mart_dag.py
[2026-06-17T15:33:10.667+0000] {processor.py:925} INFO - DAG(s) 'create_analytics_mart' retrieved from /opt/airflow/dags/create_mart_dag.py
[2026-06-17T15:33:10.691+0000] {logging_mixin.py:190} INFO - [2026-06-17T15:33:10.691+0000] {dag.py:3239} INFO - Sync 1 DAGs
[2026-06-17T15:33:10.706+0000] {logging_mixin.py:190} INFO - [2026-06-17T15:33:10.705+0000] {dag.py:4180} INFO - Setting next_dagrun for create_analytics_mart to None, run_after=None
[2026-06-17T15:33:10.728+0000] {processor.py:208} INFO - Processing /opt/airflow/dags/create_mart_dag.py took 0.092 seconds
[2026-06-17T15:33:40.966+0000] {processor.py:186} INFO - Started process (PID=716) to work on /opt/airflow/dags/create_mart_dag.py
[2026-06-17T15:33:40.967+0000] {processor.py:914} INFO - Processing file /opt/airflow/dags/create_mart_dag.py for tasks to queue
[2026-06-17T15:33:40.970+0000] {logging_mixin.py:190} INFO - [2026-06-17T15:33:40.969+0000] {dagbag.py:588} INFO - Filling up the DagBag from /opt/airflow/dags/create_mart_dag.py
[2026-06-17T15:33:40.990+0000] {processor.py:925} INFO - DAG(s) 'create_analytics_mart' retrieved from /opt/airflow/dags/create_mart_dag.py
[2026-06-17T15:33:41.018+0000] {logging_mixin.py:190} INFO - [2026-06-17T15:33:41.017+0000] {dag.py:3239} INFO - Sync 1 DAGs
[2026-06-17T15:33:41.033+0000] {logging_mixin.py:190} INFO - [2026-06-17T15:33:41.032+0000] {dag.py:4180} INFO - Setting next_dagrun for create_analytics_mart to None, run_after=None
[2026-06-17T15:33:41.054+0000] {processor.py:208} INFO - Processing /opt/airflow/dags/create_mart_dag.py took 0.094 seconds
[2026-06-17T15:34:11.321+0000] {processor.py:186} INFO - Started process (PID=727) to work on /opt/airflow/dags/create_mart_dag.py
[2026-06-17T15:34:11.322+0000] {processor.py:914} INFO - Processing file /opt/airflow/dags/create_mart_dag.py for tasks to queue
[2026-06-17T15:34:11.324+0000] {logging_mixin.py:190} INFO - [2026-06-17T15:34:11.324+0000] {dagbag.py:588} INFO - Filling up the DagBag from /opt/airflow/dags/create_mart_dag.py
[2026-06-17T15:34:11.344+0000] {processor.py:925} INFO - DAG(s) 'create_analytics_mart' retrieved from /opt/airflow/dags/create_mart_dag.py
[2026-06-17T15:34:11.367+0000] {logging_mixin.py:190} INFO - [2026-06-17T15:34:11.367+0000] {dag.py:3239} INFO - Sync 1 DAGs
[2026-06-17T15:34:11.382+0000] {logging_mixin.py:190} INFO - [2026-06-17T15:34:11.381+0000] {dag.py:4180} INFO - Setting next_dagrun for create_analytics_mart to None, run_after=None
[2026-06-17T15:34:11.405+0000] {processor.py:208} INFO - Processing /opt/airflow/dags/create_mart_dag.py took 0.090 seconds
[2026-06-17T15:34:41.665+0000] {processor.py:186} INFO - Started process (PID=738) to work on /opt/airflow/dags/create_mart_dag.py
[2026-06-17T15:34:41.666+0000] {processor.py:914} INFO - Processing file /opt/airflow/dags/create_mart_dag.py for tasks to queue
[2026-06-17T15:34:41.668+0000] {logging_mixin.py:190} INFO - [2026-06-17T15:34:41.668+0000] {dagbag.py:588} INFO - Filling up the DagBag from /opt/airflow/dags/create_mart_dag.py
[2026-06-17T15:34:41.690+0000] {processor.py:925} INFO - DAG(s) 'create_analytics_mart' retrieved from /opt/airflow/dags/create_mart_dag.py
[2026-06-17T15:34:41.715+0000] {logging_mixin.py:190} INFO - [2026-06-17T15:34:41.715+0000] {dag.py:3239} INFO - Sync 1 DAGs
[2026-06-17T15:34:41.731+0000] {logging_mixin.py:190} INFO - [2026-06-17T15:34:41.730+0000] {dag.py:4180} INFO - Setting next_dagrun for create_analytics_mart to None, run_after=None
[2026-06-17T15:34:41.756+0000] {processor.py:208} INFO - Processing /opt/airflow/dags/create_mart_dag.py took 0.097 seconds
[2026-06-17T15:35:11.967+0000] {processor.py:186} INFO - Started process (PID=749) to work on /opt/airflow/dags/create_mart_dag.py
[2026-06-17T15:35:11.968+0000] {processor.py:914} INFO - Processing file /opt/airflow/dags/create_mart_dag.py for tasks to queue
[2026-06-17T15:35:11.970+0000] {logging_mixin.py:190} INFO - [2026-06-17T15:35:11.970+0000] {dagbag.py:588} INFO - Filling up the DagBag from /opt/airflow/dags/create_mart_dag.py
[2026-06-17T15:35:11.989+0000] {processor.py:925} INFO - DAG(s) 'create_analytics_mart' retrieved from /opt/airflow/dags/create_mart_dag.py
[2026-06-17T15:35:12.013+0000] {logging_mixin.py:190} INFO - [2026-06-17T15:35:12.012+0000] {dag.py:3239} INFO - Sync 1 DAGs
[2026-06-17T15:35:12.026+0000] {logging_mixin.py:190} INFO - [2026-06-17T15:35:12.026+0000] {dag.py:4180} INFO - Setting next_dagrun for create_analytics_mart to None, run_after=None
[2026-06-17T15:35:12.051+0000] {processor.py:208} INFO - Processing /opt/airflow/dags/create_mart_dag.py took 0.090 seconds
[2026-06-17T15:35:42.251+0000] {processor.py:186} INFO - Started process (PID=760) to work on /opt/airflow/dags/create_mart_dag.py
[2026-06-17T15:35:42.252+0000] {processor.py:914} INFO - Processing file /opt/airflow/dags/create_mart_dag.py for tasks to queue
[2026-06-17T15:35:42.255+0000] {logging_mixin.py:190} INFO - [2026-06-17T15:35:42.255+0000] {dagbag.py:588} INFO - Filling up the DagBag from /opt/airflow/dags/create_mart_dag.py
[2026-06-17T15:35:42.274+0000] {processor.py:925} INFO - DAG(s) 'create_analytics_mart' retrieved from /opt/airflow/dags/create_mart_dag.py
[2026-06-17T15:35:42.300+0000] {logging_mixin.py:190} INFO - [2026-06-17T15:35:42.300+0000] {dag.py:3239} INFO - Sync 1 DAGs
[2026-06-17T15:35:42.315+0000] {logging_mixin.py:190} INFO - [2026-06-17T15:35:42.315+0000] {dag.py:4180} INFO - Setting next_dagrun for create_analytics_mart to None, run_after=None
[2026-06-17T15:35:42.339+0000] {processor.py:208} INFO - Processing /opt/airflow/dags/create_mart_dag.py took 0.094 seconds
[2026-06-17T15:36:12.569+0000] {processor.py:186} INFO - Started process (PID=771) to work on /opt/airflow/dags/create_mart_dag.py
[2026-06-17T15:36:12.570+0000] {processor.py:914} INFO - Processing file /opt/airflow/dags/create_mart_dag.py for tasks to queue
[2026-06-17T15:36:12.572+0000] {logging_mixin.py:190} INFO - [2026-06-17T15:36:12.572+0000] {dagbag.py:588} INFO - Filling up the DagBag from /opt/airflow/dags/create_mart_dag.py
[2026-06-17T15:36:12.593+0000] {processor.py:925} INFO - DAG(s) 'create_analytics_mart' retrieved from /opt/airflow/dags/create_mart_dag.py
[2026-06-17T15:36:12.618+0000] {logging_mixin.py:190} INFO - [2026-06-17T15:36:12.618+0000] {dag.py:3239} INFO - Sync 1 DAGs
[2026-06-17T15:36:12.633+0000] {logging_mixin.py:190} INFO - [2026-06-17T15:36:12.632+0000] {dag.py:4180} INFO - Setting next_dagrun for create_analytics_mart to None, run_after=None
[2026-06-17T15:36:12.653+0000] {processor.py:208} INFO - Processing /opt/airflow/dags/create_mart_dag.py took 0.091 seconds
[2026-06-17T15:36:42.959+0000] {processor.py:186} INFO - Started process (PID=782) to work on /opt/airflow/dags/create_mart_dag.py
[2026-06-17T15:36:42.960+0000] {processor.py:914} INFO - Processing file /opt/airflow/dags/create_mart_dag.py for tasks to queue
[2026-06-17T15:36:42.963+0000] {logging_mixin.py:190} INFO - [2026-06-17T15:36:42.963+0000] {dagbag.py:588} INFO - Filling up the DagBag from /opt/airflow/dags/create_mart_dag.py
[2026-06-17T15:36:42.985+0000] {processor.py:925} INFO - DAG(s) 'create_analytics_mart' retrieved from /opt/airflow/dags/create_mart_dag.py
[2026-06-17T15:36:43.008+0000] {logging_mixin.py:190} INFO - [2026-06-17T15:36:43.008+0000] {dag.py:3239} INFO - Sync 1 DAGs
[2026-06-17T15:36:43.021+0000] {logging_mixin.py:190} INFO - [2026-06-17T15:36:43.021+0000] {dag.py:4180} INFO - Setting next_dagrun for create_analytics_mart to None, run_after=None
[2026-06-17T15:36:43.043+0000] {processor.py:208} INFO - Processing /opt/airflow/dags/create_mart_dag.py took 0.098 seconds
[2026-06-17T15:37:13.218+0000] {processor.py:186} INFO - Started process (PID=793) to work on /opt/airflow/dags/create_mart_dag.py
[2026-06-17T15:37:13.219+0000] {processor.py:914} INFO - Processing file /opt/airflow/dags/create_mart_dag.py for tasks to queue
[2026-06-17T15:37:13.222+0000] {logging_mixin.py:190} INFO - [2026-06-17T15:37:13.221+0000] {dagbag.py:588} INFO - Filling up the DagBag from /opt/airflow/dags/create_mart_dag.py
[2026-06-17T15:37:13.240+0000] {processor.py:925} INFO - DAG(s) 'create_analytics_mart' retrieved from /opt/airflow/dags/create_mart_dag.py
[2026-06-17T15:37:13.266+0000] {logging_mixin.py:190} INFO - [2026-06-17T15:37:13.266+0000] {dag.py:3239} INFO - Sync 1 DAGs
[2026-06-17T15:37:13.305+0000] {logging_mixin.py:190} INFO - [2026-06-17T15:37:13.305+0000] {dag.py:4180} INFO - Setting next_dagrun for create_analytics_mart to None, run_after=None
[2026-06-17T15:37:13.346+0000] {processor.py:208} INFO - Processing /opt/airflow/dags/create_mart_dag.py took 0.134 seconds
[2026-06-17T15:37:43.609+0000] {processor.py:186} INFO - Started process (PID=804) to work on /opt/airflow/dags/create_mart_dag.py
[2026-06-17T15:37:43.610+0000] {processor.py:914} INFO - Processing file /opt/airflow/dags/create_mart_dag.py for tasks to queue
[2026-06-17T15:37:43.613+0000] {logging_mixin.py:190} INFO - [2026-06-17T15:37:43.613+0000] {dagbag.py:588} INFO - Filling up the DagBag from /opt/airflow/dags/create_mart_dag.py
[2026-06-17T15:37:43.634+0000] {processor.py:925} INFO - DAG(s) 'create_analytics_mart' retrieved from /opt/airflow/dags/create_mart_dag.py
[2026-06-17T15:37:43.658+0000] {logging_mixin.py:190} INFO - [2026-06-17T15:37:43.658+0000] {dag.py:3239} INFO - Sync 1 DAGs
[2026-06-17T15:37:43.673+0000] {logging_mixin.py:190} INFO - [2026-06-17T15:37:43.673+0000] {dag.py:4180} INFO - Setting next_dagrun for create_analytics_mart to None, run_after=None
[2026-06-17T15:37:43.694+0000] {processor.py:208} INFO - Processing /opt/airflow/dags/create_mart_dag.py took 0.091 seconds
[2026-06-17T15:38:13.906+0000] {processor.py:186} INFO - Started process (PID=816) to work on /opt/airflow/dags/create_mart_dag.py
[2026-06-17T15:38:13.907+0000] {processor.py:914} INFO - Processing file /opt/airflow/dags/create_mart_dag.py for tasks to queue
[2026-06-17T15:38:13.911+0000] {logging_mixin.py:190} INFO - [2026-06-17T15:38:13.910+0000] {dagbag.py:588} INFO - Filling up the DagBag from /opt/airflow/dags/create_mart_dag.py
[2026-06-17T15:38:13.933+0000] {processor.py:925} INFO - DAG(s) 'create_analytics_mart' retrieved from /opt/airflow/dags/create_mart_dag.py
[2026-06-17T15:38:13.962+0000] {logging_mixin.py:190} INFO - [2026-06-17T15:38:13.962+0000] {dag.py:3239} INFO - Sync 1 DAGs
[2026-06-17T15:38:13.991+0000] {logging_mixin.py:190} INFO - [2026-06-17T15:38:13.991+0000] {dag.py:4180} INFO - Setting next_dagrun for create_analytics_mart to None, run_after=None
[2026-06-17T15:38:14.030+0000] {processor.py:208} INFO - Processing /opt/airflow/dags/create_mart_dag.py took 0.131 seconds
[2026-06-17T15:38:44.318+0000] {processor.py:186} INFO - Started process (PID=827) to work on /opt/airflow/dags/create_mart_dag.py
[2026-06-17T15:38:44.319+0000] {processor.py:914} INFO - Processing file /opt/airflow/dags/create_mart_dag.py for tasks to queue
[2026-06-17T15:38:44.323+0000] {logging_mixin.py:190} INFO - [2026-06-17T15:38:44.322+0000] {dagbag.py:588} INFO - Filling up the DagBag from /opt/airflow/dags/create_mart_dag.py
[2026-06-17T15:38:44.357+0000] {processor.py:925} INFO - DAG(s) 'create_analytics_mart' retrieved from /opt/airflow/dags/create_mart_dag.py
[2026-06-17T15:38:44.383+0000] {logging_mixin.py:190} INFO - [2026-06-17T15:38:44.383+0000] {dag.py:3239} INFO - Sync 1 DAGs
[2026-06-17T15:38:44.399+0000] {logging_mixin.py:190} INFO - [2026-06-17T15:38:44.399+0000] {dag.py:4180} INFO - Setting next_dagrun for create_analytics_mart to None, run_after=None
[2026-06-17T15:38:44.423+0000] {processor.py:208} INFO - Processing /opt/airflow/dags/create_mart_dag.py took 0.111 seconds
[2026-06-17T15:39:14.599+0000] {processor.py:186} INFO - Started process (PID=838) to work on /opt/airflow/dags/create_mart_dag.py
[2026-06-17T15:39:14.600+0000] {processor.py:914} INFO - Processing file /opt/airflow/dags/create_mart_dag.py for tasks to queue
[2026-06-17T15:39:14.602+0000] {logging_mixin.py:190} INFO - [2026-06-17T15:39:14.602+0000] {dagbag.py:588} INFO - Filling up the DagBag from /opt/airflow/dags/create_mart_dag.py
[2026-06-17T15:39:14.624+0000] {processor.py:925} INFO - DAG(s) 'create_analytics_mart' retrieved from /opt/airflow/dags/create_mart_dag.py
[2026-06-17T15:39:14.650+0000] {logging_mixin.py:190} INFO - [2026-06-17T15:39:14.650+0000] {dag.py:3239} INFO - Sync 1 DAGs
[2026-06-17T15:39:14.666+0000] {logging_mixin.py:190} INFO - [2026-06-17T15:39:14.666+0000] {dag.py:4180} INFO - Setting next_dagrun for create_analytics_mart to None, run_after=None
[2026-06-17T15:39:14.690+0000] {processor.py:208} INFO - Processing /opt/airflow/dags/create_mart_dag.py took 0.101 seconds
[2026-06-17T15:39:45.149+0000] {processor.py:186} INFO - Started process (PID=849) to work on /opt/airflow/dags/create_mart_dag.py
[2026-06-17T15:39:45.150+0000] {processor.py:914} INFO - Processing file /opt/airflow/dags/create_mart_dag.py for tasks to queue
[2026-06-17T15:39:45.153+0000] {logging_mixin.py:190} INFO - [2026-06-17T15:39:45.152+0000] {dagbag.py:588} INFO - Filling up the DagBag from /opt/airflow/dags/create_mart_dag.py
[2026-06-17T15:39:45.189+0000] {processor.py:925} INFO - DAG(s) 'create_analytics_mart' retrieved from /opt/airflow/dags/create_mart_dag.py
[2026-06-17T15:39:45.217+0000] {logging_mixin.py:190} INFO - [2026-06-17T15:39:45.217+0000] {dag.py:3239} INFO - Sync 1 DAGs
[2026-06-17T15:39:45.232+0000] {logging_mixin.py:190} INFO - [2026-06-17T15:39:45.232+0000] {dag.py:4180} INFO - Setting next_dagrun for create_analytics_mart to None, run_after=None
[2026-06-17T15:39:45.254+0000] {processor.py:208} INFO - Processing /opt/airflow/dags/create_mart_dag.py took 0.118 seconds
[2026-06-17T15:40:15.396+0000] {processor.py:186} INFO - Started process (PID=860) to work on /opt/airflow/dags/create_mart_dag.py
[2026-06-17T15:40:15.397+0000] {processor.py:914} INFO - Processing file /opt/airflow/dags/create_mart_dag.py for tasks to queue
[2026-06-17T15:40:15.400+0000] {logging_mixin.py:190} INFO - [2026-06-17T15:40:15.399+0000] {dagbag.py:588} INFO - Filling up the DagBag from /opt/airflow/dags/create_mart_dag.py
[2026-06-17T15:40:15.438+0000] {processor.py:925} INFO - DAG(s) 'create_analytics_mart' retrieved from /opt/airflow/dags/create_mart_dag.py
[2026-06-17T15:40:15.467+0000] {logging_mixin.py:190} INFO - [2026-06-17T15:40:15.467+0000] {dag.py:3239} INFO - Sync 1 DAGs
[2026-06-17T15:40:15.483+0000] {logging_mixin.py:190} INFO - [2026-06-17T15:40:15.483+0000] {dag.py:4180} INFO - Setting next_dagrun for create_analytics_mart to None, run_after=None
[2026-06-17T15:40:15.506+0000] {processor.py:208} INFO - Processing /opt/airflow/dags/create_mart_dag.py took 0.117 seconds
[2026-06-17T15:46:03.590+0000] {processor.py:186} INFO - Started process (PID=168) to work on /opt/airflow/dags/create_mart_dag.py
[2026-06-17T15:46:03.592+0000] {processor.py:914} INFO - Processing file /opt/airflow/dags/create_mart_dag.py for tasks to queue
[2026-06-17T15:46:03.594+0000] {logging_mixin.py:190} INFO - [2026-06-17T15:46:03.594+0000] {dagbag.py:588} INFO - Filling up the DagBag from /opt/airflow/dags/create_mart_dag.py
[2026-06-17T15:46:03.619+0000] {processor.py:925} INFO - DAG(s) 'create_analytics_mart' retrieved from /opt/airflow/dags/create_mart_dag.py
[2026-06-17T15:46:03.652+0000] {logging_mixin.py:190} INFO - [2026-06-17T15:46:03.651+0000] {dag.py:3239} INFO - Sync 1 DAGs
[2026-06-17T15:46:03.675+0000] {logging_mixin.py:190} INFO - [2026-06-17T15:46:03.675+0000] {dag.py:4180} INFO - Setting next_dagrun for create_analytics_mart to None, run_after=None
[2026-06-17T15:46:03.697+0000] {processor.py:208} INFO - Processing /opt/airflow/dags/create_mart_dag.py took 0.114 seconds
[2026-06-17T15:46:49.569+0000] {processor.py:186} INFO - Started process (PID=168) to work on /opt/airflow/dags/create_mart_dag.py
[2026-06-17T15:46:49.572+0000] {processor.py:914} INFO - Processing file /opt/airflow/dags/create_mart_dag.py for tasks to queue
[2026-06-17T15:46:49.576+0000] {logging_mixin.py:190} INFO - [2026-06-17T15:46:49.576+0000] {dagbag.py:588} INFO - Filling up the DagBag from /opt/airflow/dags/create_mart_dag.py
[2026-06-17T15:46:49.606+0000] {processor.py:925} INFO - DAG(s) 'create_analytics_mart' retrieved from /opt/airflow/dags/create_mart_dag.py
[2026-06-17T15:46:49.638+0000] {logging_mixin.py:190} INFO - [2026-06-17T15:46:49.638+0000] {dag.py:3239} INFO - Sync 1 DAGs
[2026-06-17T15:46:49.662+0000] {logging_mixin.py:190} INFO - [2026-06-17T15:46:49.662+0000] {dag.py:4180} INFO - Setting next_dagrun for create_analytics_mart to None, run_after=None
[2026-06-17T15:46:49.688+0000] {processor.py:208} INFO - Processing /opt/airflow/dags/create_mart_dag.py took 0.129 seconds
[2026-06-17T15:47:19.817+0000] {processor.py:186} INFO - Started process (PID=179) to work on /opt/airflow/dags/create_mart_dag.py
[2026-06-17T15:47:19.819+0000] {processor.py:914} INFO - Processing file /opt/airflow/dags/create_mart_dag.py for tasks to queue
[2026-06-17T15:47:19.822+0000] {logging_mixin.py:190} INFO - [2026-06-17T15:47:19.822+0000] {dagbag.py:588} INFO - Filling up the DagBag from /opt/airflow/dags/create_mart_dag.py
[2026-06-17T15:47:19.853+0000] {processor.py:925} INFO - DAG(s) 'create_analytics_mart' retrieved from /opt/airflow/dags/create_mart_dag.py
[2026-06-17T15:47:19.881+0000] {logging_mixin.py:190} INFO - [2026-06-17T15:47:19.881+0000] {dag.py:3239} INFO - Sync 1 DAGs
[2026-06-17T15:47:19.897+0000] {logging_mixin.py:190} INFO - [2026-06-17T15:47:19.896+0000] {dag.py:4180} INFO - Setting next_dagrun for create_analytics_mart to None, run_after=None
[2026-06-17T15:47:19.919+0000] {processor.py:208} INFO - Processing /opt/airflow/dags/create_mart_dag.py took 0.109 seconds
[2026-06-17T15:47:50.238+0000] {processor.py:186} INFO - Started process (PID=190) to work on /opt/airflow/dags/create_mart_dag.py
[2026-06-17T15:47:50.240+0000] {processor.py:914} INFO - Processing file /opt/airflow/dags/create_mart_dag.py for tasks to queue
[2026-06-17T15:47:50.247+0000] {logging_mixin.py:190} INFO - [2026-06-17T15:47:50.246+0000] {dagbag.py:588} INFO - Filling up the DagBag from /opt/airflow/dags/create_mart_dag.py
[2026-06-17T15:47:50.271+0000] {processor.py:925} INFO - DAG(s) 'create_analytics_mart' retrieved from /opt/airflow/dags/create_mart_dag.py
[2026-06-17T15:47:50.297+0000] {logging_mixin.py:190} INFO - [2026-06-17T15:47:50.297+0000] {dag.py:3239} INFO - Sync 1 DAGs
[2026-06-17T15:47:50.312+0000] {logging_mixin.py:190} INFO - [2026-06-17T15:47:50.311+0000] {dag.py:4180} INFO - Setting next_dagrun for create_analytics_mart to None, run_after=None
[2026-06-17T15:47:50.334+0000] {processor.py:208} INFO - Processing /opt/airflow/dags/create_mart_dag.py took 0.103 seconds
[2026-06-17T15:48:20.532+0000] {processor.py:186} INFO - Started process (PID=201) to work on /opt/airflow/dags/create_mart_dag.py
[2026-06-17T15:48:20.534+0000] {processor.py:914} INFO - Processing file /opt/airflow/dags/create_mart_dag.py for tasks to queue
[2026-06-17T15:48:20.539+0000] {logging_mixin.py:190} INFO - [2026-06-17T15:48:20.539+0000] {dagbag.py:588} INFO - Filling up the DagBag from /opt/airflow/dags/create_mart_dag.py
[2026-06-17T15:48:20.568+0000] {processor.py:925} INFO - DAG(s) 'create_analytics_mart' retrieved from /opt/airflow/dags/create_mart_dag.py
[2026-06-17T15:48:20.602+0000] {logging_mixin.py:190} INFO - [2026-06-17T15:48:20.602+0000] {dag.py:3239} INFO - Sync 1 DAGs
[2026-06-17T15:48:20.620+0000] {logging_mixin.py:190} INFO - [2026-06-17T15:48:20.620+0000] {dag.py:4180} INFO - Setting next_dagrun for create_analytics_mart to None, run_after=None
[2026-06-17T15:48:20.641+0000] {processor.py:208} INFO - Processing /opt/airflow/dags/create_mart_dag.py took 0.125 seconds
[2026-06-17T15:52:48.420+0000] {processor.py:186} INFO - Started process (PID=168) to work on /opt/airflow/dags/create_mart_dag.py
[2026-06-17T15:52:48.421+0000] {processor.py:914} INFO - Processing file /opt/airflow/dags/create_mart_dag.py for tasks to queue
[2026-06-17T15:52:48.423+0000] {logging_mixin.py:190} INFO - [2026-06-17T15:52:48.423+0000] {dagbag.py:588} INFO - Filling up the DagBag from /opt/airflow/dags/create_mart_dag.py
[2026-06-17T15:52:48.451+0000] {processor.py:925} INFO - DAG(s) 'create_analytics_mart' retrieved from /opt/airflow/dags/create_mart_dag.py
[2026-06-17T15:52:48.480+0000] {logging_mixin.py:190} INFO - [2026-06-17T15:52:48.480+0000] {dag.py:3239} INFO - Sync 1 DAGs
[2026-06-17T15:52:48.503+0000] {logging_mixin.py:190} INFO - [2026-06-17T15:52:48.502+0000] {dag.py:4180} INFO - Setting next_dagrun for create_analytics_mart to None, run_after=None
[2026-06-17T15:52:48.523+0000] {processor.py:208} INFO - Processing /opt/airflow/dags/create_mart_dag.py took 0.110 seconds
[2026-06-17T15:53:18.725+0000] {processor.py:186} INFO - Started process (PID=179) to work on /opt/airflow/dags/create_mart_dag.py
[2026-06-17T15:53:18.726+0000] {processor.py:914} INFO - Processing file /opt/airflow/dags/create_mart_dag.py for tasks to queue
[2026-06-17T15:53:18.729+0000] {logging_mixin.py:190} INFO - [2026-06-17T15:53:18.728+0000] {dagbag.py:588} INFO - Filling up the DagBag from /opt/airflow/dags/create_mart_dag.py
[2026-06-17T15:53:18.748+0000] {processor.py:925} INFO - DAG(s) 'create_analytics_mart' retrieved from /opt/airflow/dags/create_mart_dag.py
[2026-06-17T15:53:18.780+0000] {logging_mixin.py:190} INFO - [2026-06-17T15:53:18.779+0000] {dag.py:3239} INFO - Sync 1 DAGs
[2026-06-17T15:53:18.797+0000] {logging_mixin.py:190} INFO - [2026-06-17T15:53:18.796+0000] {dag.py:4180} INFO - Setting next_dagrun for create_analytics_mart to None, run_after=None
[2026-06-17T15:53:18.821+0000] {processor.py:208} INFO - Processing /opt/airflow/dags/create_mart_dag.py took 0.103 seconds
[2026-06-17T15:53:49.110+0000] {processor.py:186} INFO - Started process (PID=190) to work on /opt/airflow/dags/create_mart_dag.py
[2026-06-17T15:53:49.111+0000] {processor.py:914} INFO - Processing file /opt/airflow/dags/create_mart_dag.py for tasks to queue
[2026-06-17T15:53:49.118+0000] {logging_mixin.py:190} INFO - [2026-06-17T15:53:49.117+0000] {dagbag.py:588} INFO - Filling up the DagBag from /opt/airflow/dags/create_mart_dag.py
[2026-06-17T15:53:49.138+0000] {processor.py:925} INFO - DAG(s) 'create_analytics_mart' retrieved from /opt/airflow/dags/create_mart_dag.py
[2026-06-17T15:53:49.162+0000] {logging_mixin.py:190} INFO - [2026-06-17T15:53:49.161+0000] {dag.py:3239} INFO - Sync 1 DAGs
[2026-06-17T15:53:49.176+0000] {logging_mixin.py:190} INFO - [2026-06-17T15:53:49.176+0000] {dag.py:4180} INFO - Setting next_dagrun for create_analytics_mart to None, run_after=None
[2026-06-17T15:53:49.197+0000] {processor.py:208} INFO - Processing /opt/airflow/dags/create_mart_dag.py took 0.094 seconds
[2026-06-17T15:54:19.417+0000] {processor.py:186} INFO - Started process (PID=201) to work on /opt/airflow/dags/create_mart_dag.py
[2026-06-17T15:54:19.419+0000] {processor.py:914} INFO - Processing file /opt/airflow/dags/create_mart_dag.py for tasks to queue
[2026-06-17T15:54:19.422+0000] {logging_mixin.py:190} INFO - [2026-06-17T15:54:19.421+0000] {dagbag.py:588} INFO - Filling up the DagBag from /opt/airflow/dags/create_mart_dag.py
[2026-06-17T15:54:19.441+0000] {processor.py:925} INFO - DAG(s) 'create_analytics_mart' retrieved from /opt/airflow/dags/create_mart_dag.py
[2026-06-17T15:54:19.468+0000] {logging_mixin.py:190} INFO - [2026-06-17T15:54:19.468+0000] {dag.py:3239} INFO - Sync 1 DAGs
[2026-06-17T15:54:19.483+0000] {logging_mixin.py:190} INFO - [2026-06-17T15:54:19.482+0000] {dag.py:4180} INFO - Setting next_dagrun for create_analytics_mart to None, run_after=None
[2026-06-17T15:54:19.505+0000] {processor.py:208} INFO - Processing /opt/airflow/dags/create_mart_dag.py took 0.094 seconds
[2026-06-17T15:54:49.771+0000] {processor.py:186} INFO - Started process (PID=212) to work on /opt/airflow/dags/create_mart_dag.py
[2026-06-17T15:54:49.772+0000] {processor.py:914} INFO - Processing file /opt/airflow/dags/create_mart_dag.py for tasks to queue
[2026-06-17T15:54:49.775+0000] {logging_mixin.py:190} INFO - [2026-06-17T15:54:49.775+0000] {dagbag.py:588} INFO - Filling up the DagBag from /opt/airflow/dags/create_mart_dag.py
[2026-06-17T15:54:49.797+0000] {processor.py:925} INFO - DAG(s) 'create_analytics_mart' retrieved from /opt/airflow/dags/create_mart_dag.py
[2026-06-17T15:54:49.825+0000] {logging_mixin.py:190} INFO - [2026-06-17T15:54:49.825+0000] {dag.py:3239} INFO - Sync 1 DAGs
[2026-06-17T15:54:49.841+0000] {logging_mixin.py:190} INFO - [2026-06-17T15:54:49.841+0000] {dag.py:4180} INFO - Setting next_dagrun for create_analytics_mart to None, run_after=None
[2026-06-17T15:54:49.863+0000] {processor.py:208} INFO - Processing /opt/airflow/dags/create_mart_dag.py took 0.098 seconds
[2026-06-17T15:55:20.065+0000] {processor.py:186} INFO - Started process (PID=223) to work on /opt/airflow/dags/create_mart_dag.py
[2026-06-17T15:55:20.067+0000] {processor.py:914} INFO - Processing file /opt/airflow/dags/create_mart_dag.py for tasks to queue
[2026-06-17T15:55:20.071+0000] {logging_mixin.py:190} INFO - [2026-06-17T15:55:20.071+0000] {dagbag.py:588} INFO - Filling up the DagBag from /opt/airflow/dags/create_mart_dag.py
[2026-06-17T15:55:20.099+0000] {processor.py:925} INFO - DAG(s) 'create_analytics_mart' retrieved from /opt/airflow/dags/create_mart_dag.py
[2026-06-17T15:55:20.126+0000] {logging_mixin.py:190} INFO - [2026-06-17T15:55:20.126+0000] {dag.py:3239} INFO - Sync 1 DAGs
[2026-06-17T15:55:20.141+0000] {logging_mixin.py:190} INFO - [2026-06-17T15:55:20.141+0000] {dag.py:4180} INFO - Setting next_dagrun for create_analytics_mart to None, run_after=None
[2026-06-17T15:55:20.161+0000] {processor.py:208} INFO - Processing /opt/airflow/dags/create_mart_dag.py took 0.104 seconds
[2026-06-17T15:55:50.433+0000] {processor.py:186} INFO - Started process (PID=234) to work on /opt/airflow/dags/create_mart_dag.py
[2026-06-17T15:55:50.434+0000] {processor.py:914} INFO - Processing file /opt/airflow/dags/create_mart_dag.py for tasks to queue
[2026-06-17T15:55:50.437+0000] {logging_mixin.py:190} INFO - [2026-06-17T15:55:50.437+0000] {dagbag.py:588} INFO - Filling up the DagBag from /opt/airflow/dags/create_mart_dag.py
[2026-06-17T15:55:50.457+0000] {processor.py:925} INFO - DAG(s) 'create_analytics_mart' retrieved from /opt/airflow/dags/create_mart_dag.py
[2026-06-17T15:55:50.479+0000] {logging_mixin.py:190} INFO - [2026-06-17T15:55:50.479+0000] {dag.py:3239} INFO - Sync 1 DAGs
[2026-06-17T15:55:50.494+0000] {logging_mixin.py:190} INFO - [2026-06-17T15:55:50.493+0000] {dag.py:4180} INFO - Setting next_dagrun for create_analytics_mart to None, run_after=None
[2026-06-17T15:55:50.519+0000] {processor.py:208} INFO - Processing /opt/airflow/dags/create_mart_dag.py took 0.091 seconds
[2026-06-17T15:56:20.738+0000] {processor.py:186} INFO - Started process (PID=245) to work on /opt/airflow/dags/create_mart_dag.py
[2026-06-17T15:56:20.739+0000] {processor.py:914} INFO - Processing file /opt/airflow/dags/create_mart_dag.py for tasks to queue
[2026-06-17T15:56:20.742+0000] {logging_mixin.py:190} INFO - [2026-06-17T15:56:20.742+0000] {dagbag.py:588} INFO - Filling up the DagBag from /opt/airflow/dags/create_mart_dag.py
[2026-06-17T15:56:20.763+0000] {processor.py:925} INFO - DAG(s) 'create_analytics_mart' retrieved from /opt/airflow/dags/create_mart_dag.py
[2026-06-17T15:56:20.788+0000] {logging_mixin.py:190} INFO - [2026-06-17T15:56:20.788+0000] {dag.py:3239} INFO - Sync 1 DAGs
[2026-06-17T15:56:20.802+0000] {logging_mixin.py:190} INFO - [2026-06-17T15:56:20.802+0000] {dag.py:4180} INFO - Setting next_dagrun for create_analytics_mart to None, run_after=None
[2026-06-17T15:56:20.827+0000] {processor.py:208} INFO - Processing /opt/airflow/dags/create_mart_dag.py took 0.097 seconds
[2026-06-17T15:56:51.059+0000] {processor.py:186} INFO - Started process (PID=256) to work on /opt/airflow/dags/create_mart_dag.py
[2026-06-17T15:56:51.061+0000] {processor.py:914} INFO - Processing file /opt/airflow/dags/create_mart_dag.py for tasks to queue
[2026-06-17T15:56:51.063+0000] {logging_mixin.py:190} INFO - [2026-06-17T15:56:51.063+0000] {dagbag.py:588} INFO - Filling up the DagBag from /opt/airflow/dags/create_mart_dag.py
[2026-06-17T15:56:51.085+0000] {processor.py:925} INFO - DAG(s) 'create_analytics_mart' retrieved from /opt/airflow/dags/create_mart_dag.py
[2026-06-17T15:56:51.116+0000] {logging_mixin.py:190} INFO - [2026-06-17T15:56:51.115+0000] {dag.py:3239} INFO - Sync 1 DAGs
[2026-06-17T15:56:51.131+0000] {logging_mixin.py:190} INFO - [2026-06-17T15:56:51.130+0000] {dag.py:4180} INFO - Setting next_dagrun for create_analytics_mart to None, run_after=None
[2026-06-17T15:56:51.159+0000] {processor.py:208} INFO - Processing /opt/airflow/dags/create_mart_dag.py took 0.107 seconds
[2026-06-17T15:57:21.431+0000] {processor.py:186} INFO - Started process (PID=267) to work on /opt/airflow/dags/create_mart_dag.py
[2026-06-17T15:57:21.433+0000] {processor.py:914} INFO - Processing file /opt/airflow/dags/create_mart_dag.py for tasks to queue
[2026-06-17T15:57:21.436+0000] {logging_mixin.py:190} INFO - [2026-06-17T15:57:21.436+0000] {dagbag.py:588} INFO - Filling up the DagBag from /opt/airflow/dags/create_mart_dag.py
[2026-06-17T15:57:21.458+0000] {processor.py:925} INFO - DAG(s) 'create_analytics_mart' retrieved from /opt/airflow/dags/create_mart_dag.py
[2026-06-17T15:57:21.482+0000] {logging_mixin.py:190} INFO - [2026-06-17T15:57:21.482+0000] {dag.py:3239} INFO - Sync 1 DAGs
[2026-06-17T15:57:21.496+0000] {logging_mixin.py:190} INFO - [2026-06-17T15:57:21.495+0000] {dag.py:4180} INFO - Setting next_dagrun for create_analytics_mart to None, run_after=None
[2026-06-17T15:57:21.519+0000] {processor.py:208} INFO - Processing /opt/airflow/dags/create_mart_dag.py took 0.093 seconds
[2026-06-17T15:57:51.811+0000] {processor.py:186} INFO - Started process (PID=279) to work on /opt/airflow/dags/create_mart_dag.py
[2026-06-17T15:57:51.812+0000] {processor.py:914} INFO - Processing file /opt/airflow/dags/create_mart_dag.py for tasks to queue
[2026-06-17T15:57:51.814+0000] {logging_mixin.py:190} INFO - [2026-06-17T15:57:51.814+0000] {dagbag.py:588} INFO - Filling up the DagBag from /opt/airflow/dags/create_mart_dag.py
[2026-06-17T15:57:51.832+0000] {processor.py:925} INFO - DAG(s) 'create_analytics_mart' retrieved from /opt/airflow/dags/create_mart_dag.py
[2026-06-17T15:57:51.852+0000] {logging_mixin.py:190} INFO - [2026-06-17T15:57:51.852+0000] {dag.py:3239} INFO - Sync 1 DAGs
[2026-06-17T15:57:51.865+0000] {logging_mixin.py:190} INFO - [2026-06-17T15:57:51.865+0000] {dag.py:4180} INFO - Setting next_dagrun for create_analytics_mart to None, run_after=None
[2026-06-17T15:57:51.888+0000] {processor.py:208} INFO - Processing /opt/airflow/dags/create_mart_dag.py took 0.083 seconds
[2026-06-17T15:58:22.122+0000] {processor.py:186} INFO - Started process (PID=291) to work on /opt/airflow/dags/create_mart_dag.py
[2026-06-17T15:58:22.124+0000] {processor.py:914} INFO - Processing file /opt/airflow/dags/create_mart_dag.py for tasks to queue
[2026-06-17T15:58:22.128+0000] {logging_mixin.py:190} INFO - [2026-06-17T15:58:22.127+0000] {dagbag.py:588} INFO - Filling up the DagBag from /opt/airflow/dags/create_mart_dag.py
[2026-06-17T15:58:22.154+0000] {processor.py:925} INFO - DAG(s) 'create_analytics_mart' retrieved from /opt/airflow/dags/create_mart_dag.py
[2026-06-17T15:58:22.181+0000] {logging_mixin.py:190} INFO - [2026-06-17T15:58:22.181+0000] {dag.py:3239} INFO - Sync 1 DAGs
[2026-06-17T15:58:22.196+0000] {logging_mixin.py:190} INFO - [2026-06-17T15:58:22.196+0000] {dag.py:4180} INFO - Setting next_dagrun for create_analytics_mart to None, run_after=None
[2026-06-17T15:58:22.220+0000] {processor.py:208} INFO - Processing /opt/airflow/dags/create_mart_dag.py took 0.106 seconds
[2026-06-17T15:58:52.382+0000] {processor.py:186} INFO - Started process (PID=302) to work on /opt/airflow/dags/create_mart_dag.py
[2026-06-17T15:58:52.383+0000] {processor.py:914} INFO - Processing file /opt/airflow/dags/create_mart_dag.py for tasks to queue
[2026-06-17T15:58:52.385+0000] {logging_mixin.py:190} INFO - [2026-06-17T15:58:52.385+0000] {dagbag.py:588} INFO - Filling up the DagBag from /opt/airflow/dags/create_mart_dag.py
[2026-06-17T15:58:52.406+0000] {processor.py:925} INFO - DAG(s) 'create_analytics_mart' retrieved from /opt/airflow/dags/create_mart_dag.py
[2026-06-17T15:58:52.430+0000] {logging_mixin.py:190} INFO - [2026-06-17T15:58:52.429+0000] {dag.py:3239} INFO - Sync 1 DAGs
[2026-06-17T15:58:52.442+0000] {logging_mixin.py:190} INFO - [2026-06-17T15:58:52.442+0000] {dag.py:4180} INFO - Setting next_dagrun for create_analytics_mart to None, run_after=None
[2026-06-17T15:58:52.464+0000] {processor.py:208} INFO - Processing /opt/airflow/dags/create_mart_dag.py took 0.089 seconds
[2026-06-17T15:59:22.747+0000] {processor.py:186} INFO - Started process (PID=313) to work on /opt/airflow/dags/create_mart_dag.py
[2026-06-17T15:59:22.748+0000] {processor.py:914} INFO - Processing file /opt/airflow/dags/create_mart_dag.py for tasks to queue
[2026-06-17T15:59:22.751+0000] {logging_mixin.py:190} INFO - [2026-06-17T15:59:22.750+0000] {dagbag.py:588} INFO - Filling up the DagBag from /opt/airflow/dags/create_mart_dag.py
[2026-06-17T15:59:22.769+0000] {processor.py:925} INFO - DAG(s) 'create_analytics_mart' retrieved from /opt/airflow/dags/create_mart_dag.py
[2026-06-17T15:59:22.794+0000] {logging_mixin.py:190} INFO - [2026-06-17T15:59:22.793+0000] {dag.py:3239} INFO - Sync 1 DAGs
[2026-06-17T15:59:22.807+0000] {logging_mixin.py:190} INFO - [2026-06-17T15:59:22.807+0000] {dag.py:4180} INFO - Setting next_dagrun for create_analytics_mart to None, run_after=None
[2026-06-17T15:59:22.829+0000] {processor.py:208} INFO - Processing /opt/airflow/dags/create_mart_dag.py took 0.087 seconds
[2026-06-17T15:59:53.041+0000] {processor.py:186} INFO - Started process (PID=324) to work on /opt/airflow/dags/create_mart_dag.py
[2026-06-17T15:59:53.042+0000] {processor.py:914} INFO - Processing file /opt/airflow/dags/create_mart_dag.py for tasks to queue
[2026-06-17T15:59:53.045+0000] {logging_mixin.py:190} INFO - [2026-06-17T15:59:53.044+0000] {dagbag.py:588} INFO - Filling up the DagBag from /opt/airflow/dags/create_mart_dag.py
[2026-06-17T15:59:53.066+0000] {processor.py:925} INFO - DAG(s) 'create_analytics_mart' retrieved from /opt/airflow/dags/create_mart_dag.py
[2026-06-17T15:59:53.090+0000] {logging_mixin.py:190} INFO - [2026-06-17T15:59:53.090+0000] {dag.py:3239} INFO - Sync 1 DAGs
[2026-06-17T15:59:53.104+0000] {logging_mixin.py:190} INFO - [2026-06-17T15:59:53.104+0000] {dag.py:4180} INFO - Setting next_dagrun for create_analytics_mart to None, run_after=None
[2026-06-17T15:59:53.126+0000] {processor.py:208} INFO - Processing /opt/airflow/dags/create_mart_dag.py took 0.092 seconds
[2026-06-17T16:00:23.451+0000] {processor.py:186} INFO - Started process (PID=335) to work on /opt/airflow/dags/create_mart_dag.py
[2026-06-17T16:00:23.452+0000] {processor.py:914} INFO - Processing file /opt/airflow/dags/create_mart_dag.py for tasks to queue
[2026-06-17T16:00:23.455+0000] {logging_mixin.py:190} INFO - [2026-06-17T16:00:23.455+0000] {dagbag.py:588} INFO - Filling up the DagBag from /opt/airflow/dags/create_mart_dag.py
[2026-06-17T16:00:23.478+0000] {processor.py:925} INFO - DAG(s) 'create_analytics_mart' retrieved from /opt/airflow/dags/create_mart_dag.py
[2026-06-17T16:00:23.499+0000] {logging_mixin.py:190} INFO - [2026-06-17T16:00:23.499+0000] {dag.py:3239} INFO - Sync 1 DAGs
[2026-06-17T16:00:23.513+0000] {logging_mixin.py:190} INFO - [2026-06-17T16:00:23.513+0000] {dag.py:4180} INFO - Setting next_dagrun for create_analytics_mart to None, run_after=None
[2026-06-17T16:00:23.536+0000] {processor.py:208} INFO - Processing /opt/airflow/dags/create_mart_dag.py took 0.091 seconds
[2026-06-17T16:00:53.768+0000] {processor.py:186} INFO - Started process (PID=346) to work on /opt/airflow/dags/create_mart_dag.py
[2026-06-17T16:00:53.769+0000] {processor.py:914} INFO - Processing file /opt/airflow/dags/create_mart_dag.py for tasks to queue
[2026-06-17T16:00:53.772+0000] {logging_mixin.py:190} INFO - [2026-06-17T16:00:53.771+0000] {dagbag.py:588} INFO - Filling up the DagBag from /opt/airflow/dags/create_mart_dag.py
[2026-06-17T16:00:53.792+0000] {processor.py:925} INFO - DAG(s) 'create_analytics_mart' retrieved from /opt/airflow/dags/create_mart_dag.py
[2026-06-17T16:00:53.814+0000] {logging_mixin.py:190} INFO - [2026-06-17T16:00:53.813+0000] {dag.py:3239} INFO - Sync 1 DAGs
[2026-06-17T16:00:53.827+0000] {logging_mixin.py:190} INFO - [2026-06-17T16:00:53.827+0000] {dag.py:4180} INFO - Setting next_dagrun for create_analytics_mart to None, run_after=None
[2026-06-17T16:00:53.851+0000] {processor.py:208} INFO - Processing /opt/airflow/dags/create_mart_dag.py took 0.088 seconds
[2026-06-17T16:01:24.133+0000] {processor.py:186} INFO - Started process (PID=357) to work on /opt/airflow/dags/create_mart_dag.py
[2026-06-17T16:01:24.134+0000] {processor.py:914} INFO - Processing file /opt/airflow/dags/create_mart_dag.py for tasks to queue
[2026-06-17T16:01:24.136+0000] {logging_mixin.py:190} INFO - [2026-06-17T16:01:24.136+0000] {dagbag.py:588} INFO - Filling up the DagBag from /opt/airflow/dags/create_mart_dag.py
[2026-06-17T16:01:24.154+0000] {processor.py:925} INFO - DAG(s) 'create_analytics_mart' retrieved from /opt/airflow/dags/create_mart_dag.py
[2026-06-17T16:01:24.175+0000] {logging_mixin.py:190} INFO - [2026-06-17T16:01:24.175+0000] {dag.py:3239} INFO - Sync 1 DAGs
[2026-06-17T16:01:24.188+0000] {logging_mixin.py:190} INFO - [2026-06-17T16:01:24.188+0000] {dag.py:4180} INFO - Setting next_dagrun for create_analytics_mart to None, run_after=None
[2026-06-17T16:01:24.208+0000] {processor.py:208} INFO - Processing /opt/airflow/dags/create_mart_dag.py took 0.080 seconds
[2026-06-17T16:01:54.386+0000] {processor.py:186} INFO - Started process (PID=368) to work on /opt/airflow/dags/create_mart_dag.py
[2026-06-17T16:01:54.387+0000] {processor.py:914} INFO - Processing file /opt/airflow/dags/create_mart_dag.py for tasks to queue
[2026-06-17T16:01:54.390+0000] {logging_mixin.py:190} INFO - [2026-06-17T16:01:54.389+0000] {dagbag.py:588} INFO - Filling up the DagBag from /opt/airflow/dags/create_mart_dag.py
[2026-06-17T16:01:54.411+0000] {processor.py:925} INFO - DAG(s) 'create_analytics_mart' retrieved from /opt/airflow/dags/create_mart_dag.py
[2026-06-17T16:01:54.434+0000] {logging_mixin.py:190} INFO - [2026-06-17T16:01:54.434+0000] {dag.py:3239} INFO - Sync 1 DAGs
[2026-06-17T16:01:54.447+0000] {logging_mixin.py:190} INFO - [2026-06-17T16:01:54.447+0000] {dag.py:4180} INFO - Setting next_dagrun for create_analytics_mart to None, run_after=None
[2026-06-17T16:01:54.469+0000] {processor.py:208} INFO - Processing /opt/airflow/dags/create_mart_dag.py took 0.090 seconds
[2026-06-17T16:02:24.665+0000] {processor.py:186} INFO - Started process (PID=380) to work on /opt/airflow/dags/create_mart_dag.py
[2026-06-17T16:02:24.666+0000] {processor.py:914} INFO - Processing file /opt/airflow/dags/create_mart_dag.py for tasks to queue
[2026-06-17T16:02:24.673+0000] {logging_mixin.py:190} INFO - [2026-06-17T16:02:24.672+0000] {dagbag.py:588} INFO - Filling up the DagBag from /opt/airflow/dags/create_mart_dag.py
[2026-06-17T16:02:24.696+0000] {processor.py:925} INFO - DAG(s) 'create_analytics_mart' retrieved from /opt/airflow/dags/create_mart_dag.py
[2026-06-17T16:02:24.719+0000] {logging_mixin.py:190} INFO - [2026-06-17T16:02:24.719+0000] {dag.py:3239} INFO - Sync 1 DAGs
[2026-06-17T16:02:24.733+0000] {logging_mixin.py:190} INFO - [2026-06-17T16:02:24.732+0000] {dag.py:4180} INFO - Setting next_dagrun for create_analytics_mart to None, run_after=None
[2026-06-17T16:02:24.756+0000] {processor.py:208} INFO - Processing /opt/airflow/dags/create_mart_dag.py took 0.099 seconds
[2026-06-17T16:02:55.025+0000] {processor.py:186} INFO - Started process (PID=391) to work on /opt/airflow/dags/create_mart_dag.py
[2026-06-17T16:02:55.026+0000] {processor.py:914} INFO - Processing file /opt/airflow/dags/create_mart_dag.py for tasks to queue
[2026-06-17T16:02:55.029+0000] {logging_mixin.py:190} INFO - [2026-06-17T16:02:55.028+0000] {dagbag.py:588} INFO - Filling up the DagBag from /opt/airflow/dags/create_mart_dag.py
[2026-06-17T16:02:55.051+0000] {processor.py:925} INFO - DAG(s) 'create_analytics_mart' retrieved from /opt/airflow/dags/create_mart_dag.py
[2026-06-17T16:02:55.076+0000] {logging_mixin.py:190} INFO - [2026-06-17T16:02:55.075+0000] {dag.py:3239} INFO - Sync 1 DAGs
[2026-06-17T16:02:55.090+0000] {logging_mixin.py:190} INFO - [2026-06-17T16:02:55.090+0000] {dag.py:4180} INFO - Setting next_dagrun for create_analytics_mart to None, run_after=None
[2026-06-17T16:02:55.116+0000] {processor.py:208} INFO - Processing /opt/airflow/dags/create_mart_dag.py took 0.098 seconds
[2026-06-17T16:03:25.412+0000] {processor.py:186} INFO - Started process (PID=402) to work on /opt/airflow/dags/create_mart_dag.py
[2026-06-17T16:03:25.413+0000] {processor.py:914} INFO - Processing file /opt/airflow/dags/create_mart_dag.py for tasks to queue
[2026-06-17T16:03:25.415+0000] {logging_mixin.py:190} INFO - [2026-06-17T16:03:25.415+0000] {dagbag.py:588} INFO - Filling up the DagBag from /opt/airflow/dags/create_mart_dag.py
[2026-06-17T16:03:25.432+0000] {processor.py:925} INFO - DAG(s) 'create_analytics_mart' retrieved from /opt/airflow/dags/create_mart_dag.py
[2026-06-17T16:03:25.452+0000] {logging_mixin.py:190} INFO - [2026-06-17T16:03:25.452+0000] {dag.py:3239} INFO - Sync 1 DAGs
[2026-06-17T16:03:25.465+0000] {logging_mixin.py:190} INFO - [2026-06-17T16:03:25.465+0000] {dag.py:4180} INFO - Setting next_dagrun for create_analytics_mart to None, run_after=None
[2026-06-17T16:03:25.484+0000] {processor.py:208} INFO - Processing /opt/airflow/dags/create_mart_dag.py took 0.077 seconds
[2026-06-17T16:03:55.769+0000] {processor.py:186} INFO - Started process (PID=413) to work on /opt/airflow/dags/create_mart_dag.py
[2026-06-17T16:03:55.770+0000] {processor.py:914} INFO - Processing file /opt/airflow/dags/create_mart_dag.py for tasks to queue
[2026-06-17T16:03:55.772+0000] {logging_mixin.py:190} INFO - [2026-06-17T16:03:55.771+0000] {dagbag.py:588} INFO - Filling up the DagBag from /opt/airflow/dags/create_mart_dag.py
[2026-06-17T16:03:55.793+0000] {processor.py:925} INFO - DAG(s) 'create_analytics_mart' retrieved from /opt/airflow/dags/create_mart_dag.py
[2026-06-17T16:03:55.816+0000] {logging_mixin.py:190} INFO - [2026-06-17T16:03:55.816+0000] {dag.py:3239} INFO - Sync 1 DAGs
[2026-06-17T16:03:55.832+0000] {logging_mixin.py:190} INFO - [2026-06-17T16:03:55.832+0000] {dag.py:4180} INFO - Setting next_dagrun for create_analytics_mart to None, run_after=None
[2026-06-17T16:03:55.853+0000] {processor.py:208} INFO - Processing /opt/airflow/dags/create_mart_dag.py took 0.090 seconds
[2026-06-17T16:04:26.118+0000] {processor.py:186} INFO - Started process (PID=424) to work on /opt/airflow/dags/create_mart_dag.py
[2026-06-17T16:04:26.119+0000] {processor.py:914} INFO - Processing file /opt/airflow/dags/create_mart_dag.py for tasks to queue
[2026-06-17T16:04:26.121+0000] {logging_mixin.py:190} INFO - [2026-06-17T16:04:26.121+0000] {dagbag.py:588} INFO - Filling up the DagBag from /opt/airflow/dags/create_mart_dag.py
[2026-06-17T16:04:26.142+0000] {processor.py:925} INFO - DAG(s) 'create_analytics_mart' retrieved from /opt/airflow/dags/create_mart_dag.py
[2026-06-17T16:04:26.164+0000] {logging_mixin.py:190} INFO - [2026-06-17T16:04:26.164+0000] {dag.py:3239} INFO - Sync 1 DAGs
[2026-06-17T16:04:26.177+0000] {logging_mixin.py:190} INFO - [2026-06-17T16:04:26.177+0000] {dag.py:4180} INFO - Setting next_dagrun for create_analytics_mart to None, run_after=None
[2026-06-17T16:04:26.201+0000] {processor.py:208} INFO - Processing /opt/airflow/dags/create_mart_dag.py took 0.089 seconds
[2026-06-17T16:04:56.502+0000] {processor.py:186} INFO - Started process (PID=435) to work on /opt/airflow/dags/create_mart_dag.py
[2026-06-17T16:04:56.503+0000] {processor.py:914} INFO - Processing file /opt/airflow/dags/create_mart_dag.py for tasks to queue
[2026-06-17T16:04:56.505+0000] {logging_mixin.py:190} INFO - [2026-06-17T16:04:56.505+0000] {dagbag.py:588} INFO - Filling up the DagBag from /opt/airflow/dags/create_mart_dag.py
[2026-06-17T16:04:56.524+0000] {processor.py:925} INFO - DAG(s) 'create_analytics_mart' retrieved from /opt/airflow/dags/create_mart_dag.py
[2026-06-17T16:04:56.550+0000] {logging_mixin.py:190} INFO - [2026-06-17T16:04:56.549+0000] {dag.py:3239} INFO - Sync 1 DAGs
[2026-06-17T16:04:56.565+0000] {logging_mixin.py:190} INFO - [2026-06-17T16:04:56.564+0000] {dag.py:4180} INFO - Setting next_dagrun for create_analytics_mart to None, run_after=None
[2026-06-17T16:04:56.590+0000] {processor.py:208} INFO - Processing /opt/airflow/dags/create_mart_dag.py took 0.093 seconds
[2026-06-17T16:05:26.753+0000] {processor.py:186} INFO - Started process (PID=446) to work on /opt/airflow/dags/create_mart_dag.py
[2026-06-17T16:05:26.754+0000] {processor.py:914} INFO - Processing file /opt/airflow/dags/create_mart_dag.py for tasks to queue
[2026-06-17T16:05:26.756+0000] {logging_mixin.py:190} INFO - [2026-06-17T16:05:26.756+0000] {dagbag.py:588} INFO - Filling up the DagBag from /opt/airflow/dags/create_mart_dag.py
[2026-06-17T16:05:26.774+0000] {processor.py:925} INFO - DAG(s) 'create_analytics_mart' retrieved from /opt/airflow/dags/create_mart_dag.py
[2026-06-17T16:05:26.812+0000] {logging_mixin.py:190} INFO - [2026-06-17T16:05:26.812+0000] {dag.py:3239} INFO - Sync 1 DAGs
[2026-06-17T16:05:26.828+0000] {logging_mixin.py:190} INFO - [2026-06-17T16:05:26.828+0000] {dag.py:4180} INFO - Setting next_dagrun for create_analytics_mart to None, run_after=None
[2026-06-17T16:05:26.883+0000] {processor.py:208} INFO - Processing /opt/airflow/dags/create_mart_dag.py took 0.136 seconds
[2026-06-17T16:05:57.060+0000] {processor.py:186} INFO - Started process (PID=457) to work on /opt/airflow/dags/create_mart_dag.py
[2026-06-17T16:05:57.062+0000] {processor.py:914} INFO - Processing file /opt/airflow/dags/create_mart_dag.py for tasks to queue
[2026-06-17T16:05:57.075+0000] {logging_mixin.py:190} INFO - [2026-06-17T16:05:57.074+0000] {dagbag.py:588} INFO - Filling up the DagBag from /opt/airflow/dags/create_mart_dag.py
[2026-06-17T16:05:57.144+0000] {processor.py:925} INFO - DAG(s) 'create_analytics_mart' retrieved from /opt/airflow/dags/create_mart_dag.py
[2026-06-17T16:05:57.220+0000] {logging_mixin.py:190} INFO - [2026-06-17T16:05:57.219+0000] {dag.py:3239} INFO - Sync 1 DAGs
[2026-06-17T16:05:57.262+0000] {logging_mixin.py:190} INFO - [2026-06-17T16:05:57.262+0000] {dag.py:4180} INFO - Setting next_dagrun for create_analytics_mart to None, run_after=None
[2026-06-17T16:05:57.301+0000] {processor.py:208} INFO - Processing /opt/airflow/dags/create_mart_dag.py took 0.247 seconds
[2026-06-17T16:06:27.468+0000] {processor.py:186} INFO - Started process (PID=468) to work on /opt/airflow/dags/create_mart_dag.py
[2026-06-17T16:06:27.469+0000] {processor.py:914} INFO - Processing file /opt/airflow/dags/create_mart_dag.py for tasks to queue
[2026-06-17T16:06:27.472+0000] {logging_mixin.py:190} INFO - [2026-06-17T16:06:27.472+0000] {dagbag.py:588} INFO - Filling up the DagBag from /opt/airflow/dags/create_mart_dag.py
[2026-06-17T16:06:27.499+0000] {processor.py:925} INFO - DAG(s) 'create_analytics_mart' retrieved from /opt/airflow/dags/create_mart_dag.py
[2026-06-17T16:06:27.531+0000] {logging_mixin.py:190} INFO - [2026-06-17T16:06:27.531+0000] {dag.py:3239} INFO - Sync 1 DAGs
[2026-06-17T16:06:27.546+0000] {logging_mixin.py:190} INFO - [2026-06-17T16:06:27.545+0000] {dag.py:4180} INFO - Setting next_dagrun for create_analytics_mart to None, run_after=None
[2026-06-17T16:06:27.568+0000] {processor.py:208} INFO - Processing /opt/airflow/dags/create_mart_dag.py took 0.110 seconds
[2026-06-17T16:06:57.791+0000] {processor.py:186} INFO - Started process (PID=479) to work on /opt/airflow/dags/create_mart_dag.py
[2026-06-17T16:06:57.792+0000] {processor.py:914} INFO - Processing file /opt/airflow/dags/create_mart_dag.py for tasks to queue
[2026-06-17T16:06:57.796+0000] {logging_mixin.py:190} INFO - [2026-06-17T16:06:57.795+0000] {dagbag.py:588} INFO - Filling up the DagBag from /opt/airflow/dags/create_mart_dag.py
[2026-06-17T16:06:57.818+0000] {processor.py:925} INFO - DAG(s) 'create_analytics_mart' retrieved from /opt/airflow/dags/create_mart_dag.py
[2026-06-17T16:06:57.862+0000] {logging_mixin.py:190} INFO - [2026-06-17T16:06:57.862+0000] {dag.py:3239} INFO - Sync 1 DAGs
[2026-06-17T16:06:57.885+0000] {logging_mixin.py:190} INFO - [2026-06-17T16:06:57.885+0000] {dag.py:4180} INFO - Setting next_dagrun for create_analytics_mart to None, run_after=None
[2026-06-17T16:06:57.912+0000] {processor.py:208} INFO - Processing /opt/airflow/dags/create_mart_dag.py took 0.127 seconds
[2026-06-17T16:07:28.236+0000] {processor.py:186} INFO - Started process (PID=491) to work on /opt/airflow/dags/create_mart_dag.py
[2026-06-17T16:07:28.238+0000] {processor.py:914} INFO - Processing file /opt/airflow/dags/create_mart_dag.py for tasks to queue
[2026-06-17T16:07:28.241+0000] {logging_mixin.py:190} INFO - [2026-06-17T16:07:28.241+0000] {dagbag.py:588} INFO - Filling up the DagBag from /opt/airflow/dags/create_mart_dag.py
[2026-06-17T16:07:28.265+0000] {processor.py:925} INFO - DAG(s) 'create_analytics_mart' retrieved from /opt/airflow/dags/create_mart_dag.py
[2026-06-17T16:07:28.300+0000] {logging_mixin.py:190} INFO - [2026-06-17T16:07:28.300+0000] {dag.py:3239} INFO - Sync 1 DAGs
[2026-06-17T16:07:28.324+0000] {logging_mixin.py:190} INFO - [2026-06-17T16:07:28.323+0000] {dag.py:4180} INFO - Setting next_dagrun for create_analytics_mart to None, run_after=None
[2026-06-17T16:07:28.352+0000] {processor.py:208} INFO - Processing /opt/airflow/dags/create_mart_dag.py took 0.122 seconds
[2026-06-17T16:07:58.560+0000] {processor.py:186} INFO - Started process (PID=502) to work on /opt/airflow/dags/create_mart_dag.py
[2026-06-17T16:07:58.561+0000] {processor.py:914} INFO - Processing file /opt/airflow/dags/create_mart_dag.py for tasks to queue
[2026-06-17T16:07:58.563+0000] {logging_mixin.py:190} INFO - [2026-06-17T16:07:58.563+0000] {dagbag.py:588} INFO - Filling up the DagBag from /opt/airflow/dags/create_mart_dag.py
[2026-06-17T16:07:58.586+0000] {processor.py:925} INFO - DAG(s) 'create_analytics_mart' retrieved from /opt/airflow/dags/create_mart_dag.py
[2026-06-17T16:07:58.607+0000] {logging_mixin.py:190} INFO - [2026-06-17T16:07:58.607+0000] {dag.py:3239} INFO - Sync 1 DAGs
[2026-06-17T16:07:58.620+0000] {logging_mixin.py:190} INFO - [2026-06-17T16:07:58.620+0000] {dag.py:4180} INFO - Setting next_dagrun for create_analytics_mart to None, run_after=None
[2026-06-17T16:07:58.649+0000] {processor.py:208} INFO - Processing /opt/airflow/dags/create_mart_dag.py took 0.094 seconds
[2026-06-17T16:08:28.930+0000] {processor.py:186} INFO - Started process (PID=513) to work on /opt/airflow/dags/create_mart_dag.py
[2026-06-17T16:08:28.931+0000] {processor.py:914} INFO - Processing file /opt/airflow/dags/create_mart_dag.py for tasks to queue
[2026-06-17T16:08:28.934+0000] {logging_mixin.py:190} INFO - [2026-06-17T16:08:28.934+0000] {dagbag.py:588} INFO - Filling up the DagBag from /opt/airflow/dags/create_mart_dag.py
[2026-06-17T16:08:28.966+0000] {processor.py:925} INFO - DAG(s) 'create_analytics_mart' retrieved from /opt/airflow/dags/create_mart_dag.py
[2026-06-17T16:08:28.999+0000] {logging_mixin.py:190} INFO - [2026-06-17T16:08:28.999+0000] {dag.py:3239} INFO - Sync 1 DAGs
[2026-06-17T16:08:29.014+0000] {logging_mixin.py:190} INFO - [2026-06-17T16:08:29.013+0000] {dag.py:4180} INFO - Setting next_dagrun for create_analytics_mart to None, run_after=None
[2026-06-17T16:08:29.036+0000] {processor.py:208} INFO - Processing /opt/airflow/dags/create_mart_dag.py took 0.116 seconds
[2026-06-17T16:08:59.229+0000] {processor.py:186} INFO - Started process (PID=524) to work on /opt/airflow/dags/create_mart_dag.py
[2026-06-17T16:08:59.230+0000] {processor.py:914} INFO - Processing file /opt/airflow/dags/create_mart_dag.py for tasks to queue
[2026-06-17T16:08:59.232+0000] {logging_mixin.py:190} INFO - [2026-06-17T16:08:59.231+0000] {dagbag.py:588} INFO - Filling up the DagBag from /opt/airflow/dags/create_mart_dag.py
[2026-06-17T16:08:59.249+0000] {processor.py:925} INFO - DAG(s) 'create_analytics_mart' retrieved from /opt/airflow/dags/create_mart_dag.py
[2026-06-17T16:08:59.273+0000] {logging_mixin.py:190} INFO - [2026-06-17T16:08:59.273+0000] {dag.py:3239} INFO - Sync 1 DAGs
[2026-06-17T16:08:59.287+0000] {logging_mixin.py:190} INFO - [2026-06-17T16:08:59.287+0000] {dag.py:4180} INFO - Setting next_dagrun for create_analytics_mart to None, run_after=None
[2026-06-17T16:08:59.313+0000] {processor.py:208} INFO - Processing /opt/airflow/dags/create_mart_dag.py took 0.090 seconds
[2026-06-17T16:09:29.652+0000] {processor.py:186} INFO - Started process (PID=535) to work on /opt/airflow/dags/create_mart_dag.py
[2026-06-17T16:09:29.653+0000] {processor.py:914} INFO - Processing file /opt/airflow/dags/create_mart_dag.py for tasks to queue
[2026-06-17T16:09:29.655+0000] {logging_mixin.py:190} INFO - [2026-06-17T16:09:29.655+0000] {dagbag.py:588} INFO - Filling up the DagBag from /opt/airflow/dags/create_mart_dag.py
[2026-06-17T16:09:29.674+0000] {processor.py:925} INFO - DAG(s) 'create_analytics_mart' retrieved from /opt/airflow/dags/create_mart_dag.py
[2026-06-17T16:09:29.697+0000] {logging_mixin.py:190} INFO - [2026-06-17T16:09:29.697+0000] {dag.py:3239} INFO - Sync 1 DAGs
[2026-06-17T16:09:29.711+0000] {logging_mixin.py:190} INFO - [2026-06-17T16:09:29.711+0000] {dag.py:4180} INFO - Setting next_dagrun for create_analytics_mart to None, run_after=None
[2026-06-17T16:09:29.733+0000] {processor.py:208} INFO - Processing /opt/airflow/dags/create_mart_dag.py took 0.086 seconds
[2026-06-17T16:09:59.973+0000] {processor.py:186} INFO - Started process (PID=546) to work on /opt/airflow/dags/create_mart_dag.py
[2026-06-17T16:09:59.975+0000] {processor.py:914} INFO - Processing file /opt/airflow/dags/create_mart_dag.py for tasks to queue
[2026-06-17T16:09:59.979+0000] {logging_mixin.py:190} INFO - [2026-06-17T16:09:59.978+0000] {dagbag.py:588} INFO - Filling up the DagBag from /opt/airflow/dags/create_mart_dag.py
[2026-06-17T16:10:00.006+0000] {processor.py:925} INFO - DAG(s) 'create_analytics_mart' retrieved from /opt/airflow/dags/create_mart_dag.py
[2026-06-17T16:10:00.030+0000] {logging_mixin.py:190} INFO - [2026-06-17T16:10:00.030+0000] {dag.py:3239} INFO - Sync 1 DAGs
[2026-06-17T16:10:00.043+0000] {logging_mixin.py:190} INFO - [2026-06-17T16:10:00.043+0000] {dag.py:4180} INFO - Setting next_dagrun for create_analytics_mart to None, run_after=None
[2026-06-17T16:10:00.065+0000] {processor.py:208} INFO - Processing /opt/airflow/dags/create_mart_dag.py took 0.102 seconds
[2026-06-17T16:10:30.364+0000] {processor.py:186} INFO - Started process (PID=557) to work on /opt/airflow/dags/create_mart_dag.py
[2026-06-17T16:10:30.365+0000] {processor.py:914} INFO - Processing file /opt/airflow/dags/create_mart_dag.py for tasks to queue
[2026-06-17T16:10:30.368+0000] {logging_mixin.py:190} INFO - [2026-06-17T16:10:30.368+0000] {dagbag.py:588} INFO - Filling up the DagBag from /opt/airflow/dags/create_mart_dag.py
[2026-06-17T16:10:30.389+0000] {processor.py:925} INFO - DAG(s) 'create_analytics_mart' retrieved from /opt/airflow/dags/create_mart_dag.py
[2026-06-17T16:10:30.424+0000] {logging_mixin.py:190} INFO - [2026-06-17T16:10:30.424+0000] {dag.py:3239} INFO - Sync 1 DAGs
[2026-06-17T16:10:30.438+0000] {logging_mixin.py:190} INFO - [2026-06-17T16:10:30.438+0000] {dag.py:4180} INFO - Setting next_dagrun for create_analytics_mart to None, run_after=None
[2026-06-17T16:10:30.460+0000] {processor.py:208} INFO - Processing /opt/airflow/dags/create_mart_dag.py took 0.101 seconds
[2026-06-17T16:11:00.734+0000] {processor.py:186} INFO - Started process (PID=568) to work on /opt/airflow/dags/create_mart_dag.py
[2026-06-17T16:11:00.735+0000] {processor.py:914} INFO - Processing file /opt/airflow/dags/create_mart_dag.py for tasks to queue
[2026-06-17T16:11:00.740+0000] {logging_mixin.py:190} INFO - [2026-06-17T16:11:00.740+0000] {dagbag.py:588} INFO - Filling up the DagBag from /opt/airflow/dags/create_mart_dag.py
[2026-06-17T16:11:00.768+0000] {processor.py:925} INFO - DAG(s) 'create_analytics_mart' retrieved from /opt/airflow/dags/create_mart_dag.py
[2026-06-17T16:11:00.797+0000] {logging_mixin.py:190} INFO - [2026-06-17T16:11:00.797+0000] {dag.py:3239} INFO - Sync 1 DAGs
[2026-06-17T16:11:00.812+0000] {logging_mixin.py:190} INFO - [2026-06-17T16:11:00.811+0000] {dag.py:4180} INFO - Setting next_dagrun for create_analytics_mart to None, run_after=None
[2026-06-17T16:11:00.834+0000] {processor.py:208} INFO - Processing /opt/airflow/dags/create_mart_dag.py took 0.107 seconds
[2026-06-17T16:11:30.994+0000] {processor.py:186} INFO - Started process (PID=579) to work on /opt/airflow/dags/create_mart_dag.py
[2026-06-17T16:11:30.996+0000] {processor.py:914} INFO - Processing file /opt/airflow/dags/create_mart_dag.py for tasks to queue
[2026-06-17T16:11:30.998+0000] {logging_mixin.py:190} INFO - [2026-06-17T16:11:30.998+0000] {dagbag.py:588} INFO - Filling up the DagBag from /opt/airflow/dags/create_mart_dag.py
[2026-06-17T16:11:31.027+0000] {processor.py:925} INFO - DAG(s) 'create_analytics_mart' retrieved from /opt/airflow/dags/create_mart_dag.py
[2026-06-17T16:11:31.058+0000] {logging_mixin.py:190} INFO - [2026-06-17T16:11:31.058+0000] {dag.py:3239} INFO - Sync 1 DAGs
[2026-06-17T16:11:31.072+0000] {logging_mixin.py:190} INFO - [2026-06-17T16:11:31.072+0000] {dag.py:4180} INFO - Setting next_dagrun for create_analytics_mart to None, run_after=None
[2026-06-17T16:11:31.094+0000] {processor.py:208} INFO - Processing /opt/airflow/dags/create_mart_dag.py took 0.108 seconds
[2026-06-17T16:12:01.401+0000] {processor.py:186} INFO - Started process (PID=590) to work on /opt/airflow/dags/create_mart_dag.py
[2026-06-17T16:12:01.403+0000] {processor.py:914} INFO - Processing file /opt/airflow/dags/create_mart_dag.py for tasks to queue
[2026-06-17T16:12:01.405+0000] {logging_mixin.py:190} INFO - [2026-06-17T16:12:01.405+0000] {dagbag.py:588} INFO - Filling up the DagBag from /opt/airflow/dags/create_mart_dag.py
[2026-06-17T16:12:01.429+0000] {processor.py:925} INFO - DAG(s) 'create_analytics_mart' retrieved from /opt/airflow/dags/create_mart_dag.py
[2026-06-17T16:12:01.452+0000] {logging_mixin.py:190} INFO - [2026-06-17T16:12:01.451+0000] {dag.py:3239} INFO - Sync 1 DAGs
[2026-06-17T16:12:01.466+0000] {logging_mixin.py:190} INFO - [2026-06-17T16:12:01.466+0000] {dag.py:4180} INFO - Setting next_dagrun for create_analytics_mart to None, run_after=None
[2026-06-17T16:12:01.487+0000] {processor.py:208} INFO - Processing /opt/airflow/dags/create_mart_dag.py took 0.092 seconds
[2026-06-17T16:12:31.678+0000] {processor.py:186} INFO - Started process (PID=601) to work on /opt/airflow/dags/create_mart_dag.py
[2026-06-17T16:12:31.679+0000] {processor.py:914} INFO - Processing file /opt/airflow/dags/create_mart_dag.py for tasks to queue
[2026-06-17T16:12:31.682+0000] {logging_mixin.py:190} INFO - [2026-06-17T16:12:31.681+0000] {dagbag.py:588} INFO - Filling up the DagBag from /opt/airflow/dags/create_mart_dag.py
[2026-06-17T16:12:31.709+0000] {processor.py:925} INFO - DAG(s) 'create_analytics_mart' retrieved from /opt/airflow/dags/create_mart_dag.py
[2026-06-17T16:12:31.732+0000] {logging_mixin.py:190} INFO - [2026-06-17T16:12:31.732+0000] {dag.py:3239} INFO - Sync 1 DAGs
[2026-06-17T16:12:31.747+0000] {logging_mixin.py:190} INFO - [2026-06-17T16:12:31.747+0000] {dag.py:4180} INFO - Setting next_dagrun for create_analytics_mart to None, run_after=None
[2026-06-17T16:12:31.770+0000] {processor.py:208} INFO - Processing /opt/airflow/dags/create_mart_dag.py took 0.097 seconds
[2026-06-17T16:13:02.024+0000] {processor.py:186} INFO - Started process (PID=612) to work on /opt/airflow/dags/create_mart_dag.py
[2026-06-17T16:13:02.025+0000] {processor.py:914} INFO - Processing file /opt/airflow/dags/create_mart_dag.py for tasks to queue
[2026-06-17T16:13:02.027+0000] {logging_mixin.py:190} INFO - [2026-06-17T16:13:02.027+0000] {dagbag.py:588} INFO - Filling up the DagBag from /opt/airflow/dags/create_mart_dag.py
[2026-06-17T16:13:02.048+0000] {processor.py:925} INFO - DAG(s) 'create_analytics_mart' retrieved from /opt/airflow/dags/create_mart_dag.py
[2026-06-17T16:13:02.070+0000] {logging_mixin.py:190} INFO - [2026-06-17T16:13:02.070+0000] {dag.py:3239} INFO - Sync 1 DAGs
[2026-06-17T16:13:02.085+0000] {logging_mixin.py:190} INFO - [2026-06-17T16:13:02.085+0000] {dag.py:4180} INFO - Setting next_dagrun for create_analytics_mart to None, run_after=None
[2026-06-17T16:13:02.108+0000] {processor.py:208} INFO - Processing /opt/airflow/dags/create_mart_dag.py took 0.090 seconds
[2026-06-17T16:13:32.374+0000] {processor.py:186} INFO - Started process (PID=623) to work on /opt/airflow/dags/create_mart_dag.py
[2026-06-17T16:13:32.375+0000] {processor.py:914} INFO - Processing file /opt/airflow/dags/create_mart_dag.py for tasks to queue
[2026-06-17T16:13:32.377+0000] {logging_mixin.py:190} INFO - [2026-06-17T16:13:32.377+0000] {dagbag.py:588} INFO - Filling up the DagBag from /opt/airflow/dags/create_mart_dag.py
[2026-06-17T16:13:32.402+0000] {processor.py:925} INFO - DAG(s) 'create_analytics_mart' retrieved from /opt/airflow/dags/create_mart_dag.py
[2026-06-17T16:13:32.433+0000] {logging_mixin.py:190} INFO - [2026-06-17T16:13:32.433+0000] {dag.py:3239} INFO - Sync 1 DAGs
[2026-06-17T16:13:32.447+0000] {logging_mixin.py:190} INFO - [2026-06-17T16:13:32.447+0000] {dag.py:4180} INFO - Setting next_dagrun for create_analytics_mart to None, run_after=None
[2026-06-17T16:13:32.470+0000] {processor.py:208} INFO - Processing /opt/airflow/dags/create_mart_dag.py took 0.102 seconds
[2026-06-17T16:14:02.725+0000] {processor.py:186} INFO - Started process (PID=634) to work on /opt/airflow/dags/create_mart_dag.py
[2026-06-17T16:14:02.726+0000] {processor.py:914} INFO - Processing file /opt/airflow/dags/create_mart_dag.py for tasks to queue
[2026-06-17T16:14:02.729+0000] {logging_mixin.py:190} INFO - [2026-06-17T16:14:02.728+0000] {dagbag.py:588} INFO - Filling up the DagBag from /opt/airflow/dags/create_mart_dag.py
[2026-06-17T16:14:02.746+0000] {processor.py:925} INFO - DAG(s) 'create_analytics_mart' retrieved from /opt/airflow/dags/create_mart_dag.py
[2026-06-17T16:14:02.767+0000] {logging_mixin.py:190} INFO - [2026-06-17T16:14:02.767+0000] {dag.py:3239} INFO - Sync 1 DAGs
[2026-06-17T16:14:02.779+0000] {logging_mixin.py:190} INFO - [2026-06-17T16:14:02.779+0000] {dag.py:4180} INFO - Setting next_dagrun for create_analytics_mart to None, run_after=None
[2026-06-17T16:14:02.803+0000] {processor.py:208} INFO - Processing /opt/airflow/dags/create_mart_dag.py took 0.083 seconds
[2026-06-17T16:14:33.048+0000] {processor.py:186} INFO - Started process (PID=645) to work on /opt/airflow/dags/create_mart_dag.py
[2026-06-17T16:14:33.049+0000] {processor.py:914} INFO - Processing file /opt/airflow/dags/create_mart_dag.py for tasks to queue
[2026-06-17T16:14:33.052+0000] {logging_mixin.py:190} INFO - [2026-06-17T16:14:33.051+0000] {dagbag.py:588} INFO - Filling up the DagBag from /opt/airflow/dags/create_mart_dag.py
[2026-06-17T16:14:33.074+0000] {processor.py:925} INFO - DAG(s) 'create_analytics_mart' retrieved from /opt/airflow/dags/create_mart_dag.py
[2026-06-17T16:14:33.095+0000] {logging_mixin.py:190} INFO - [2026-06-17T16:14:33.094+0000] {dag.py:3239} INFO - Sync 1 DAGs
[2026-06-17T16:14:33.107+0000] {logging_mixin.py:190} INFO - [2026-06-17T16:14:33.107+0000] {dag.py:4180} INFO - Setting next_dagrun for create_analytics_mart to None, run_after=None
[2026-06-17T16:14:33.128+0000] {processor.py:208} INFO - Processing /opt/airflow/dags/create_mart_dag.py took 0.085 seconds
[2026-06-17T16:15:03.485+0000] {processor.py:186} INFO - Started process (PID=656) to work on /opt/airflow/dags/create_mart_dag.py
[2026-06-17T16:15:03.485+0000] {processor.py:914} INFO - Processing file /opt/airflow/dags/create_mart_dag.py for tasks to queue
[2026-06-17T16:15:03.489+0000] {logging_mixin.py:190} INFO - [2026-06-17T16:15:03.489+0000] {dagbag.py:588} INFO - Filling up the DagBag from /opt/airflow/dags/create_mart_dag.py
[2026-06-17T16:15:03.511+0000] {processor.py:925} INFO - DAG(s) 'create_analytics_mart' retrieved from /opt/airflow/dags/create_mart_dag.py
[2026-06-17T16:15:03.532+0000] {logging_mixin.py:190} INFO - [2026-06-17T16:15:03.532+0000] {dag.py:3239} INFO - Sync 1 DAGs
[2026-06-17T16:15:03.545+0000] {logging_mixin.py:190} INFO - [2026-06-17T16:15:03.545+0000] {dag.py:4180} INFO - Setting next_dagrun for create_analytics_mart to None, run_after=None
[2026-06-17T16:15:03.567+0000] {processor.py:208} INFO - Processing /opt/airflow/dags/create_mart_dag.py took 0.088 seconds
[2026-06-17T16:15:33.825+0000] {processor.py:186} INFO - Started process (PID=667) to work on /opt/airflow/dags/create_mart_dag.py
[2026-06-17T16:15:33.826+0000] {processor.py:914} INFO - Processing file /opt/airflow/dags/create_mart_dag.py for tasks to queue
[2026-06-17T16:15:33.829+0000] {logging_mixin.py:190} INFO - [2026-06-17T16:15:33.828+0000] {dagbag.py:588} INFO - Filling up the DagBag from /opt/airflow/dags/create_mart_dag.py
[2026-06-17T16:15:33.865+0000] {processor.py:925} INFO - DAG(s) 'create_analytics_mart' retrieved from /opt/airflow/dags/create_mart_dag.py
[2026-06-17T16:15:33.894+0000] {logging_mixin.py:190} INFO - [2026-06-17T16:15:33.893+0000] {dag.py:3239} INFO - Sync 1 DAGs
[2026-06-17T16:15:33.908+0000] {logging_mixin.py:190} INFO - [2026-06-17T16:15:33.908+0000] {dag.py:4180} INFO - Setting next_dagrun for create_analytics_mart to None, run_after=None
[2026-06-17T16:15:33.929+0000] {processor.py:208} INFO - Processing /opt/airflow/dags/create_mart_dag.py took 0.111 seconds
[2026-06-17T16:16:04.234+0000] {processor.py:186} INFO - Started process (PID=678) to work on /opt/airflow/dags/create_mart_dag.py
[2026-06-17T16:16:04.235+0000] {processor.py:914} INFO - Processing file /opt/airflow/dags/create_mart_dag.py for tasks to queue
[2026-06-17T16:16:04.238+0000] {logging_mixin.py:190} INFO - [2026-06-17T16:16:04.237+0000] {dagbag.py:588} INFO - Filling up the DagBag from /opt/airflow/dags/create_mart_dag.py
[2026-06-17T16:16:04.255+0000] {processor.py:925} INFO - DAG(s) 'create_analytics_mart' retrieved from /opt/airflow/dags/create_mart_dag.py
[2026-06-17T16:16:04.275+0000] {logging_mixin.py:190} INFO - [2026-06-17T16:16:04.275+0000] {dag.py:3239} INFO - Sync 1 DAGs
[2026-06-17T16:16:04.288+0000] {logging_mixin.py:190} INFO - [2026-06-17T16:16:04.288+0000] {dag.py:4180} INFO - Setting next_dagrun for create_analytics_mart to None, run_after=None
[2026-06-17T16:16:04.311+0000] {processor.py:208} INFO - Processing /opt/airflow/dags/create_mart_dag.py took 0.082 seconds
[2026-06-17T16:16:34.547+0000] {processor.py:186} INFO - Started process (PID=689) to work on /opt/airflow/dags/create_mart_dag.py
[2026-06-17T16:16:34.548+0000] {processor.py:914} INFO - Processing file /opt/airflow/dags/create_mart_dag.py for tasks to queue
[2026-06-17T16:16:34.550+0000] {logging_mixin.py:190} INFO - [2026-06-17T16:16:34.550+0000] {dagbag.py:588} INFO - Filling up the DagBag from /opt/airflow/dags/create_mart_dag.py
[2026-06-17T16:16:34.579+0000] {processor.py:925} INFO - DAG(s) 'create_analytics_mart' retrieved from /opt/airflow/dags/create_mart_dag.py
[2026-06-17T16:16:34.605+0000] {logging_mixin.py:190} INFO - [2026-06-17T16:16:34.605+0000] {dag.py:3239} INFO - Sync 1 DAGs
[2026-06-17T16:16:34.617+0000] {logging_mixin.py:190} INFO - [2026-06-17T16:16:34.617+0000] {dag.py:4180} INFO - Setting next_dagrun for create_analytics_mart to None, run_after=None
[2026-06-17T16:16:34.639+0000] {processor.py:208} INFO - Processing /opt/airflow/dags/create_mart_dag.py took 0.098 seconds
[2026-06-17T16:17:04.894+0000] {processor.py:186} INFO - Started process (PID=700) to work on /opt/airflow/dags/create_mart_dag.py
[2026-06-17T16:17:04.896+0000] {processor.py:914} INFO - Processing file /opt/airflow/dags/create_mart_dag.py for tasks to queue
[2026-06-17T16:17:04.898+0000] {logging_mixin.py:190} INFO - [2026-06-17T16:17:04.898+0000] {dagbag.py:588} INFO - Filling up the DagBag from /opt/airflow/dags/create_mart_dag.py
[2026-06-17T16:17:04.921+0000] {processor.py:925} INFO - DAG(s) 'create_analytics_mart' retrieved from /opt/airflow/dags/create_mart_dag.py
[2026-06-17T16:17:04.943+0000] {logging_mixin.py:190} INFO - [2026-06-17T16:17:04.943+0000] {dag.py:3239} INFO - Sync 1 DAGs
[2026-06-17T16:17:04.956+0000] {logging_mixin.py:190} INFO - [2026-06-17T16:17:04.955+0000] {dag.py:4180} INFO - Setting next_dagrun for create_analytics_mart to None, run_after=None
[2026-06-17T16:17:04.979+0000] {processor.py:208} INFO - Processing /opt/airflow/dags/create_mart_dag.py took 0.090 seconds
[2026-06-17T16:17:35.168+0000] {processor.py:186} INFO - Started process (PID=711) to work on /opt/airflow/dags/create_mart_dag.py
[2026-06-17T16:17:35.169+0000] {processor.py:914} INFO - Processing file /opt/airflow/dags/create_mart_dag.py for tasks to queue
[2026-06-17T16:17:35.171+0000] {logging_mixin.py:190} INFO - [2026-06-17T16:17:35.171+0000] {dagbag.py:588} INFO - Filling up the DagBag from /opt/airflow/dags/create_mart_dag.py
[2026-06-17T16:17:35.192+0000] {processor.py:925} INFO - DAG(s) 'create_analytics_mart' retrieved from /opt/airflow/dags/create_mart_dag.py
[2026-06-17T16:17:35.216+0000] {logging_mixin.py:190} INFO - [2026-06-17T16:17:35.216+0000] {dag.py:3239} INFO - Sync 1 DAGs
[2026-06-17T16:17:35.230+0000] {logging_mixin.py:190} INFO - [2026-06-17T16:17:35.230+0000] {dag.py:4180} INFO - Setting next_dagrun for create_analytics_mart to None, run_after=None
[2026-06-17T16:17:35.253+0000] {processor.py:208} INFO - Processing /opt/airflow/dags/create_mart_dag.py took 0.091 seconds
[2026-06-17T16:18:05.631+0000] {processor.py:186} INFO - Started process (PID=722) to work on /opt/airflow/dags/create_mart_dag.py
[2026-06-17T16:18:05.633+0000] {processor.py:914} INFO - Processing file /opt/airflow/dags/create_mart_dag.py for tasks to queue
[2026-06-17T16:18:05.636+0000] {logging_mixin.py:190} INFO - [2026-06-17T16:18:05.636+0000] {dagbag.py:588} INFO - Filling up the DagBag from /opt/airflow/dags/create_mart_dag.py
[2026-06-17T16:18:05.674+0000] {processor.py:925} INFO - DAG(s) 'create_analytics_mart' retrieved from /opt/airflow/dags/create_mart_dag.py
[2026-06-17T16:18:05.708+0000] {logging_mixin.py:190} INFO - [2026-06-17T16:18:05.708+0000] {dag.py:3239} INFO - Sync 1 DAGs
[2026-06-17T16:18:05.722+0000] {logging_mixin.py:190} INFO - [2026-06-17T16:18:05.722+0000] {dag.py:4180} INFO - Setting next_dagrun for create_analytics_mart to None, run_after=None
[2026-06-17T16:18:05.752+0000] {processor.py:208} INFO - Processing /opt/airflow/dags/create_mart_dag.py took 0.136 seconds
[2026-06-17T16:18:35.945+0000] {processor.py:186} INFO - Started process (PID=733) to work on /opt/airflow/dags/create_mart_dag.py
[2026-06-17T16:18:35.946+0000] {processor.py:914} INFO - Processing file /opt/airflow/dags/create_mart_dag.py for tasks to queue
[2026-06-17T16:18:35.949+0000] {logging_mixin.py:190} INFO - [2026-06-17T16:18:35.949+0000] {dagbag.py:588} INFO - Filling up the DagBag from /opt/airflow/dags/create_mart_dag.py
[2026-06-17T16:18:35.970+0000] {processor.py:925} INFO - DAG(s) 'create_analytics_mart' retrieved from /opt/airflow/dags/create_mart_dag.py
[2026-06-17T16:18:35.994+0000] {logging_mixin.py:190} INFO - [2026-06-17T16:18:35.994+0000] {dag.py:3239} INFO - Sync 1 DAGs
[2026-06-17T16:18:36.008+0000] {logging_mixin.py:190} INFO - [2026-06-17T16:18:36.008+0000] {dag.py:4180} INFO - Setting next_dagrun for create_analytics_mart to None, run_after=None
[2026-06-17T16:18:36.028+0000] {processor.py:208} INFO - Processing /opt/airflow/dags/create_mart_dag.py took 0.089 seconds
[2026-06-17T16:19:06.300+0000] {processor.py:186} INFO - Started process (PID=744) to work on /opt/airflow/dags/create_mart_dag.py
[2026-06-17T16:19:06.301+0000] {processor.py:914} INFO - Processing file /opt/airflow/dags/create_mart_dag.py for tasks to queue
[2026-06-17T16:19:06.305+0000] {logging_mixin.py:190} INFO - [2026-06-17T16:19:06.304+0000] {dagbag.py:588} INFO - Filling up the DagBag from /opt/airflow/dags/create_mart_dag.py
[2026-06-17T16:19:06.346+0000] {processor.py:925} INFO - DAG(s) 'create_analytics_mart' retrieved from /opt/airflow/dags/create_mart_dag.py
[2026-06-17T16:19:06.372+0000] {logging_mixin.py:190} INFO - [2026-06-17T16:19:06.372+0000] {dag.py:3239} INFO - Sync 1 DAGs
[2026-06-17T16:19:06.388+0000] {logging_mixin.py:190} INFO - [2026-06-17T16:19:06.388+0000] {dag.py:4180} INFO - Setting next_dagrun for create_analytics_mart to None, run_after=None
[2026-06-17T16:19:06.413+0000] {processor.py:208} INFO - Processing /opt/airflow/dags/create_mart_dag.py took 0.120 seconds
[2026-06-17T16:19:36.622+0000] {processor.py:186} INFO - Started process (PID=755) to work on /opt/airflow/dags/create_mart_dag.py
[2026-06-17T16:19:36.623+0000] {processor.py:914} INFO - Processing file /opt/airflow/dags/create_mart_dag.py for tasks to queue
[2026-06-17T16:19:36.626+0000] {logging_mixin.py:190} INFO - [2026-06-17T16:19:36.626+0000] {dagbag.py:588} INFO - Filling up the DagBag from /opt/airflow/dags/create_mart_dag.py
[2026-06-17T16:19:36.657+0000] {processor.py:925} INFO - DAG(s) 'create_analytics_mart' retrieved from /opt/airflow/dags/create_mart_dag.py
[2026-06-17T16:19:36.690+0000] {logging_mixin.py:190} INFO - [2026-06-17T16:19:36.689+0000] {dag.py:3239} INFO - Sync 1 DAGs
[2026-06-17T16:19:36.707+0000] {logging_mixin.py:190} INFO - [2026-06-17T16:19:36.707+0000] {dag.py:4180} INFO - Setting next_dagrun for create_analytics_mart to None, run_after=None
[2026-06-17T16:19:36.728+0000] {processor.py:208} INFO - Processing /opt/airflow/dags/create_mart_dag.py took 0.114 seconds
[2026-06-17T16:20:07.015+0000] {processor.py:186} INFO - Started process (PID=771) to work on /opt/airflow/dags/create_mart_dag.py
[2026-06-17T16:20:07.015+0000] {processor.py:914} INFO - Processing file /opt/airflow/dags/create_mart_dag.py for tasks to queue
[2026-06-17T16:20:07.018+0000] {logging_mixin.py:190} INFO - [2026-06-17T16:20:07.017+0000] {dagbag.py:588} INFO - Filling up the DagBag from /opt/airflow/dags/create_mart_dag.py
[2026-06-17T16:20:07.038+0000] {processor.py:925} INFO - DAG(s) 'create_analytics_mart' retrieved from /opt/airflow/dags/create_mart_dag.py
[2026-06-17T16:20:07.061+0000] {logging_mixin.py:190} INFO - [2026-06-17T16:20:07.061+0000] {dag.py:3239} INFO - Sync 1 DAGs
[2026-06-17T16:20:07.074+0000] {logging_mixin.py:190} INFO - [2026-06-17T16:20:07.074+0000] {dag.py:4180} INFO - Setting next_dagrun for create_analytics_mart to None, run_after=None
[2026-06-17T16:20:07.097+0000] {processor.py:208} INFO - Processing /opt/airflow/dags/create_mart_dag.py took 0.088 seconds
[2026-06-17T16:20:37.363+0000] {processor.py:186} INFO - Started process (PID=782) to work on /opt/airflow/dags/create_mart_dag.py
[2026-06-17T16:20:37.364+0000] {processor.py:914} INFO - Processing file /opt/airflow/dags/create_mart_dag.py for tasks to queue
[2026-06-17T16:20:37.366+0000] {logging_mixin.py:190} INFO - [2026-06-17T16:20:37.366+0000] {dagbag.py:588} INFO - Filling up the DagBag from /opt/airflow/dags/create_mart_dag.py
[2026-06-17T16:20:37.385+0000] {processor.py:925} INFO - DAG(s) 'create_analytics_mart' retrieved from /opt/airflow/dags/create_mart_dag.py
[2026-06-17T16:20:37.407+0000] {logging_mixin.py:190} INFO - [2026-06-17T16:20:37.406+0000] {dag.py:3239} INFO - Sync 1 DAGs
[2026-06-17T16:20:37.420+0000] {logging_mixin.py:190} INFO - [2026-06-17T16:20:37.420+0000] {dag.py:4180} INFO - Setting next_dagrun for create_analytics_mart to None, run_after=None
[2026-06-17T16:20:37.443+0000] {processor.py:208} INFO - Processing /opt/airflow/dags/create_mart_dag.py took 0.085 seconds
[2026-06-17T16:21:07.681+0000] {processor.py:186} INFO - Started process (PID=793) to work on /opt/airflow/dags/create_mart_dag.py
[2026-06-17T16:21:07.682+0000] {processor.py:914} INFO - Processing file /opt/airflow/dags/create_mart_dag.py for tasks to queue
[2026-06-17T16:21:07.684+0000] {logging_mixin.py:190} INFO - [2026-06-17T16:21:07.684+0000] {dagbag.py:588} INFO - Filling up the DagBag from /opt/airflow/dags/create_mart_dag.py
[2026-06-17T16:21:07.703+0000] {processor.py:925} INFO - DAG(s) 'create_analytics_mart' retrieved from /opt/airflow/dags/create_mart_dag.py
[2026-06-17T16:21:07.723+0000] {logging_mixin.py:190} INFO - [2026-06-17T16:21:07.723+0000] {dag.py:3239} INFO - Sync 1 DAGs
[2026-06-17T16:21:07.736+0000] {logging_mixin.py:190} INFO - [2026-06-17T16:21:07.736+0000] {dag.py:4180} INFO - Setting next_dagrun for create_analytics_mart to None, run_after=None
[2026-06-17T16:21:07.757+0000] {processor.py:208} INFO - Processing /opt/airflow/dags/create_mart_dag.py took 0.082 seconds
[2026-06-17T16:21:38.059+0000] {processor.py:186} INFO - Started process (PID=804) to work on /opt/airflow/dags/create_mart_dag.py
[2026-06-17T16:21:38.060+0000] {processor.py:914} INFO - Processing file /opt/airflow/dags/create_mart_dag.py for tasks to queue
[2026-06-17T16:21:38.062+0000] {logging_mixin.py:190} INFO - [2026-06-17T16:21:38.062+0000] {dagbag.py:588} INFO - Filling up the DagBag from /opt/airflow/dags/create_mart_dag.py
[2026-06-17T16:21:38.081+0000] {processor.py:925} INFO - DAG(s) 'create_analytics_mart' retrieved from /opt/airflow/dags/create_mart_dag.py
[2026-06-17T16:21:38.102+0000] {logging_mixin.py:190} INFO - [2026-06-17T16:21:38.101+0000] {dag.py:3239} INFO - Sync 1 DAGs
[2026-06-17T16:21:38.114+0000] {logging_mixin.py:190} INFO - [2026-06-17T16:21:38.114+0000] {dag.py:4180} INFO - Setting next_dagrun for create_analytics_mart to None, run_after=None
[2026-06-17T16:21:38.137+0000] {processor.py:208} INFO - Processing /opt/airflow/dags/create_mart_dag.py took 0.083 seconds
[2026-06-17T16:22:08.484+0000] {processor.py:186} INFO - Started process (PID=815) to work on /opt/airflow/dags/create_mart_dag.py
[2026-06-17T16:22:08.485+0000] {processor.py:914} INFO - Processing file /opt/airflow/dags/create_mart_dag.py for tasks to queue
[2026-06-17T16:22:08.488+0000] {logging_mixin.py:190} INFO - [2026-06-17T16:22:08.487+0000] {dagbag.py:588} INFO - Filling up the DagBag from /opt/airflow/dags/create_mart_dag.py
[2026-06-17T16:22:08.509+0000] {processor.py:925} INFO - DAG(s) 'create_analytics_mart' retrieved from /opt/airflow/dags/create_mart_dag.py
[2026-06-17T16:22:08.532+0000] {logging_mixin.py:190} INFO - [2026-06-17T16:22:08.532+0000] {dag.py:3239} INFO - Sync 1 DAGs
[2026-06-17T16:22:08.548+0000] {logging_mixin.py:190} INFO - [2026-06-17T16:22:08.548+0000] {dag.py:4180} INFO - Setting next_dagrun for create_analytics_mart to None, run_after=None
[2026-06-17T16:22:08.570+0000] {processor.py:208} INFO - Processing /opt/airflow/dags/create_mart_dag.py took 0.092 seconds
[2026-06-17T16:22:38.893+0000] {processor.py:186} INFO - Started process (PID=826) to work on /opt/airflow/dags/create_mart_dag.py
[2026-06-17T16:22:38.894+0000] {processor.py:914} INFO - Processing file /opt/airflow/dags/create_mart_dag.py for tasks to queue
[2026-06-17T16:22:38.898+0000] {logging_mixin.py:190} INFO - [2026-06-17T16:22:38.897+0000] {dagbag.py:588} INFO - Filling up the DagBag from /opt/airflow/dags/create_mart_dag.py
[2026-06-17T16:22:38.940+0000] {processor.py:925} INFO - DAG(s) 'create_analytics_mart' retrieved from /opt/airflow/dags/create_mart_dag.py
[2026-06-17T16:22:38.997+0000] {logging_mixin.py:190} INFO - [2026-06-17T16:22:38.997+0000] {dag.py:3239} INFO - Sync 1 DAGs
[2026-06-17T16:22:39.053+0000] {logging_mixin.py:190} INFO - [2026-06-17T16:22:39.053+0000] {dag.py:4180} INFO - Setting next_dagrun for create_analytics_mart to None, run_after=None
[2026-06-17T16:22:39.085+0000] {processor.py:208} INFO - Processing /opt/airflow/dags/create_mart_dag.py took 0.199 seconds
[2026-06-17T16:23:09.304+0000] {processor.py:186} INFO - Started process (PID=837) to work on /opt/airflow/dags/create_mart_dag.py
[2026-06-17T16:23:09.305+0000] {processor.py:914} INFO - Processing file /opt/airflow/dags/create_mart_dag.py for tasks to queue
[2026-06-17T16:23:09.308+0000] {logging_mixin.py:190} INFO - [2026-06-17T16:23:09.308+0000] {dagbag.py:588} INFO - Filling up the DagBag from /opt/airflow/dags/create_mart_dag.py
[2026-06-17T16:23:09.332+0000] {processor.py:925} INFO - DAG(s) 'create_analytics_mart' retrieved from /opt/airflow/dags/create_mart_dag.py
[2026-06-17T16:23:09.360+0000] {logging_mixin.py:190} INFO - [2026-06-17T16:23:09.360+0000] {dag.py:3239} INFO - Sync 1 DAGs
[2026-06-17T16:23:09.375+0000] {logging_mixin.py:190} INFO - [2026-06-17T16:23:09.375+0000] {dag.py:4180} INFO - Setting next_dagrun for create_analytics_mart to None, run_after=None
[2026-06-17T16:23:09.397+0000] {processor.py:208} INFO - Processing /opt/airflow/dags/create_mart_dag.py took 0.099 seconds
[2026-06-17T16:23:39.730+0000] {processor.py:186} INFO - Started process (PID=848) to work on /opt/airflow/dags/create_mart_dag.py
[2026-06-17T16:23:39.731+0000] {processor.py:914} INFO - Processing file /opt/airflow/dags/create_mart_dag.py for tasks to queue
[2026-06-17T16:23:39.733+0000] {logging_mixin.py:190} INFO - [2026-06-17T16:23:39.733+0000] {dagbag.py:588} INFO - Filling up the DagBag from /opt/airflow/dags/create_mart_dag.py
[2026-06-17T16:23:39.752+0000] {processor.py:925} INFO - DAG(s) 'create_analytics_mart' retrieved from /opt/airflow/dags/create_mart_dag.py
[2026-06-17T16:23:39.774+0000] {logging_mixin.py:190} INFO - [2026-06-17T16:23:39.774+0000] {dag.py:3239} INFO - Sync 1 DAGs
[2026-06-17T16:23:39.789+0000] {logging_mixin.py:190} INFO - [2026-06-17T16:23:39.789+0000] {dag.py:4180} INFO - Setting next_dagrun for create_analytics_mart to None, run_after=None
[2026-06-17T16:23:39.812+0000] {processor.py:208} INFO - Processing /opt/airflow/dags/create_mart_dag.py took 0.087 seconds
[2026-06-17T16:24:10.073+0000] {processor.py:186} INFO - Started process (PID=859) to work on /opt/airflow/dags/create_mart_dag.py
[2026-06-17T16:24:10.075+0000] {processor.py:914} INFO - Processing file /opt/airflow/dags/create_mart_dag.py for tasks to queue
[2026-06-17T16:24:10.078+0000] {logging_mixin.py:190} INFO - [2026-06-17T16:24:10.078+0000] {dagbag.py:588} INFO - Filling up the DagBag from /opt/airflow/dags/create_mart_dag.py
[2026-06-17T16:24:10.107+0000] {processor.py:925} INFO - DAG(s) 'create_analytics_mart' retrieved from /opt/airflow/dags/create_mart_dag.py
[2026-06-17T16:24:10.136+0000] {logging_mixin.py:190} INFO - [2026-06-17T16:24:10.136+0000] {dag.py:3239} INFO - Sync 1 DAGs
[2026-06-17T16:24:10.151+0000] {logging_mixin.py:190} INFO - [2026-06-17T16:24:10.150+0000] {dag.py:4180} INFO - Setting next_dagrun for create_analytics_mart to None, run_after=None
[2026-06-17T16:24:10.175+0000] {processor.py:208} INFO - Processing /opt/airflow/dags/create_mart_dag.py took 0.108 seconds
[2026-06-17T16:24:40.416+0000] {processor.py:186} INFO - Started process (PID=870) to work on /opt/airflow/dags/create_mart_dag.py
[2026-06-17T16:24:40.417+0000] {processor.py:914} INFO - Processing file /opt/airflow/dags/create_mart_dag.py for tasks to queue
[2026-06-17T16:24:40.420+0000] {logging_mixin.py:190} INFO - [2026-06-17T16:24:40.419+0000] {dagbag.py:588} INFO - Filling up the DagBag from /opt/airflow/dags/create_mart_dag.py
[2026-06-17T16:24:40.441+0000] {processor.py:925} INFO - DAG(s) 'create_analytics_mart' retrieved from /opt/airflow/dags/create_mart_dag.py
[2026-06-17T16:24:40.469+0000] {logging_mixin.py:190} INFO - [2026-06-17T16:24:40.469+0000] {dag.py:3239} INFO - Sync 1 DAGs
[2026-06-17T16:24:40.488+0000] {logging_mixin.py:190} INFO - [2026-06-17T16:24:40.488+0000] {dag.py:4180} INFO - Setting next_dagrun for create_analytics_mart to None, run_after=None
[2026-06-17T16:24:40.512+0000] {processor.py:208} INFO - Processing /opt/airflow/dags/create_mart_dag.py took 0.101 seconds
[2026-06-17T16:25:10.729+0000] {processor.py:186} INFO - Started process (PID=881) to work on /opt/airflow/dags/create_mart_dag.py
[2026-06-17T16:25:10.731+0000] {processor.py:914} INFO - Processing file /opt/airflow/dags/create_mart_dag.py for tasks to queue
[2026-06-17T16:25:10.733+0000] {logging_mixin.py:190} INFO - [2026-06-17T16:25:10.733+0000] {dagbag.py:588} INFO - Filling up the DagBag from /opt/airflow/dags/create_mart_dag.py
[2026-06-17T16:25:10.760+0000] {processor.py:925} INFO - DAG(s) 'create_analytics_mart' retrieved from /opt/airflow/dags/create_mart_dag.py
[2026-06-17T16:25:10.785+0000] {logging_mixin.py:190} INFO - [2026-06-17T16:25:10.784+0000] {dag.py:3239} INFO - Sync 1 DAGs
[2026-06-17T16:25:10.798+0000] {logging_mixin.py:190} INFO - [2026-06-17T16:25:10.798+0000] {dag.py:4180} INFO - Setting next_dagrun for create_analytics_mart to None, run_after=None
[2026-06-17T16:25:10.852+0000] {processor.py:208} INFO - Processing /opt/airflow/dags/create_mart_dag.py took 0.130 seconds
[2026-06-17T16:25:41.231+0000] {processor.py:186} INFO - Started process (PID=892) to work on /opt/airflow/dags/create_mart_dag.py
[2026-06-17T16:25:41.232+0000] {processor.py:914} INFO - Processing file /opt/airflow/dags/create_mart_dag.py for tasks to queue
[2026-06-17T16:25:41.234+0000] {logging_mixin.py:190} INFO - [2026-06-17T16:25:41.234+0000] {dagbag.py:588} INFO - Filling up the DagBag from /opt/airflow/dags/create_mart_dag.py
[2026-06-17T16:25:41.260+0000] {processor.py:925} INFO - DAG(s) 'create_analytics_mart' retrieved from /opt/airflow/dags/create_mart_dag.py
[2026-06-17T16:25:41.282+0000] {logging_mixin.py:190} INFO - [2026-06-17T16:25:41.281+0000] {dag.py:3239} INFO - Sync 1 DAGs
[2026-06-17T16:25:41.295+0000] {logging_mixin.py:190} INFO - [2026-06-17T16:25:41.295+0000] {dag.py:4180} INFO - Setting next_dagrun for create_analytics_mart to None, run_after=None
[2026-06-17T16:25:41.317+0000] {processor.py:208} INFO - Processing /opt/airflow/dags/create_mart_dag.py took 0.091 seconds
[2026-06-17T16:26:11.601+0000] {processor.py:186} INFO - Started process (PID=903) to work on /opt/airflow/dags/create_mart_dag.py
[2026-06-17T16:26:11.602+0000] {processor.py:914} INFO - Processing file /opt/airflow/dags/create_mart_dag.py for tasks to queue
[2026-06-17T16:26:11.606+0000] {logging_mixin.py:190} INFO - [2026-06-17T16:26:11.606+0000] {dagbag.py:588} INFO - Filling up the DagBag from /opt/airflow/dags/create_mart_dag.py
[2026-06-17T16:26:11.625+0000] {processor.py:925} INFO - DAG(s) 'create_analytics_mart' retrieved from /opt/airflow/dags/create_mart_dag.py
[2026-06-17T16:26:11.648+0000] {logging_mixin.py:190} INFO - [2026-06-17T16:26:11.648+0000] {dag.py:3239} INFO - Sync 1 DAGs
[2026-06-17T16:26:11.660+0000] {logging_mixin.py:190} INFO - [2026-06-17T16:26:11.660+0000] {dag.py:4180} INFO - Setting next_dagrun for create_analytics_mart to None, run_after=None
[2026-06-17T16:26:11.681+0000] {processor.py:208} INFO - Processing /opt/airflow/dags/create_mart_dag.py took 0.086 seconds
[2026-06-17T16:26:42.018+0000] {processor.py:186} INFO - Started process (PID=914) to work on /opt/airflow/dags/create_mart_dag.py
[2026-06-17T16:26:42.020+0000] {processor.py:914} INFO - Processing file /opt/airflow/dags/create_mart_dag.py for tasks to queue
[2026-06-17T16:26:42.022+0000] {logging_mixin.py:190} INFO - [2026-06-17T16:26:42.022+0000] {dagbag.py:588} INFO - Filling up the DagBag from /opt/airflow/dags/create_mart_dag.py
[2026-06-17T16:26:42.054+0000] {processor.py:925} INFO - DAG(s) 'create_analytics_mart' retrieved from /opt/airflow/dags/create_mart_dag.py
[2026-06-17T16:26:42.083+0000] {logging_mixin.py:190} INFO - [2026-06-17T16:26:42.083+0000] {dag.py:3239} INFO - Sync 1 DAGs
[2026-06-17T16:26:42.097+0000] {logging_mixin.py:190} INFO - [2026-06-17T16:26:42.096+0000] {dag.py:4180} INFO - Setting next_dagrun for create_analytics_mart to None, run_after=None
[2026-06-17T16:26:42.121+0000] {processor.py:208} INFO - Processing /opt/airflow/dags/create_mart_dag.py took 0.108 seconds
[2026-06-17T16:27:12.279+0000] {processor.py:186} INFO - Started process (PID=925) to work on /opt/airflow/dags/create_mart_dag.py
[2026-06-17T16:27:12.281+0000] {processor.py:914} INFO - Processing file /opt/airflow/dags/create_mart_dag.py for tasks to queue
[2026-06-17T16:27:12.283+0000] {logging_mixin.py:190} INFO - [2026-06-17T16:27:12.283+0000] {dagbag.py:588} INFO - Filling up the DagBag from /opt/airflow/dags/create_mart_dag.py
[2026-06-17T16:27:12.308+0000] {processor.py:925} INFO - DAG(s) 'create_analytics_mart' retrieved from /opt/airflow/dags/create_mart_dag.py
[2026-06-17T16:27:12.332+0000] {logging_mixin.py:190} INFO - [2026-06-17T16:27:12.332+0000] {dag.py:3239} INFO - Sync 1 DAGs
[2026-06-17T16:27:12.345+0000] {logging_mixin.py:190} INFO - [2026-06-17T16:27:12.345+0000] {dag.py:4180} INFO - Setting next_dagrun for create_analytics_mart to None, run_after=None
[2026-06-17T16:27:12.366+0000] {processor.py:208} INFO - Processing /opt/airflow/dags/create_mart_dag.py took 0.091 seconds
[2026-06-17T16:27:42.515+0000] {processor.py:186} INFO - Started process (PID=936) to work on /opt/airflow/dags/create_mart_dag.py
[2026-06-17T16:27:42.516+0000] {processor.py:914} INFO - Processing file /opt/airflow/dags/create_mart_dag.py for tasks to queue
[2026-06-17T16:27:42.519+0000] {logging_mixin.py:190} INFO - [2026-06-17T16:27:42.518+0000] {dagbag.py:588} INFO - Filling up the DagBag from /opt/airflow/dags/create_mart_dag.py
[2026-06-17T16:27:42.542+0000] {processor.py:925} INFO - DAG(s) 'create_analytics_mart' retrieved from /opt/airflow/dags/create_mart_dag.py
[2026-06-17T16:27:42.569+0000] {logging_mixin.py:190} INFO - [2026-06-17T16:27:42.569+0000] {dag.py:3239} INFO - Sync 1 DAGs
[2026-06-17T16:27:42.583+0000] {logging_mixin.py:190} INFO - [2026-06-17T16:27:42.583+0000] {dag.py:4180} INFO - Setting next_dagrun for create_analytics_mart to None, run_after=None
[2026-06-17T16:27:42.604+0000] {processor.py:208} INFO - Processing /opt/airflow/dags/create_mart_dag.py took 0.097 seconds
[2026-06-17T16:28:12.871+0000] {processor.py:186} INFO - Started process (PID=947) to work on /opt/airflow/dags/create_mart_dag.py
[2026-06-17T16:28:12.872+0000] {processor.py:914} INFO - Processing file /opt/airflow/dags/create_mart_dag.py for tasks to queue
[2026-06-17T16:28:12.874+0000] {logging_mixin.py:190} INFO - [2026-06-17T16:28:12.874+0000] {dagbag.py:588} INFO - Filling up the DagBag from /opt/airflow/dags/create_mart_dag.py
[2026-06-17T16:28:12.895+0000] {processor.py:925} INFO - DAG(s) 'create_analytics_mart' retrieved from /opt/airflow/dags/create_mart_dag.py
[2026-06-17T16:28:12.917+0000] {logging_mixin.py:190} INFO - [2026-06-17T16:28:12.917+0000] {dag.py:3239} INFO - Sync 1 DAGs
[2026-06-17T16:28:12.931+0000] {logging_mixin.py:190} INFO - [2026-06-17T16:28:12.930+0000] {dag.py:4180} INFO - Setting next_dagrun for create_analytics_mart to None, run_after=None
[2026-06-17T16:28:12.951+0000] {processor.py:208} INFO - Processing /opt/airflow/dags/create_mart_dag.py took 0.086 seconds
[2026-06-17T16:28:43.276+0000] {processor.py:186} INFO - Started process (PID=958) to work on /opt/airflow/dags/create_mart_dag.py
[2026-06-17T16:28:43.277+0000] {processor.py:914} INFO - Processing file /opt/airflow/dags/create_mart_dag.py for tasks to queue
[2026-06-17T16:28:43.279+0000] {logging_mixin.py:190} INFO - [2026-06-17T16:28:43.279+0000] {dagbag.py:588} INFO - Filling up the DagBag from /opt/airflow/dags/create_mart_dag.py
[2026-06-17T16:28:43.297+0000] {processor.py:925} INFO - DAG(s) 'create_analytics_mart' retrieved from /opt/airflow/dags/create_mart_dag.py
[2026-06-17T16:28:43.322+0000] {logging_mixin.py:190} INFO - [2026-06-17T16:28:43.322+0000] {dag.py:3239} INFO - Sync 1 DAGs
[2026-06-17T16:28:43.336+0000] {logging_mixin.py:190} INFO - [2026-06-17T16:28:43.336+0000] {dag.py:4180} INFO - Setting next_dagrun for create_analytics_mart to None, run_after=None
[2026-06-17T16:28:43.358+0000] {processor.py:208} INFO - Processing /opt/airflow/dags/create_mart_dag.py took 0.087 seconds
[2026-06-17T16:29:13.597+0000] {processor.py:186} INFO - Started process (PID=969) to work on /opt/airflow/dags/create_mart_dag.py
[2026-06-17T16:29:13.598+0000] {processor.py:914} INFO - Processing file /opt/airflow/dags/create_mart_dag.py for tasks to queue
[2026-06-17T16:29:13.600+0000] {logging_mixin.py:190} INFO - [2026-06-17T16:29:13.600+0000] {dagbag.py:588} INFO - Filling up the DagBag from /opt/airflow/dags/create_mart_dag.py
[2026-06-17T16:29:13.622+0000] {processor.py:925} INFO - DAG(s) 'create_analytics_mart' retrieved from /opt/airflow/dags/create_mart_dag.py
[2026-06-17T16:29:13.651+0000] {logging_mixin.py:190} INFO - [2026-06-17T16:29:13.650+0000] {dag.py:3239} INFO - Sync 1 DAGs
[2026-06-17T16:29:13.663+0000] {logging_mixin.py:190} INFO - [2026-06-17T16:29:13.663+0000] {dag.py:4180} INFO - Setting next_dagrun for create_analytics_mart to None, run_after=None
[2026-06-17T16:29:13.685+0000] {processor.py:208} INFO - Processing /opt/airflow/dags/create_mart_dag.py took 0.096 seconds
[2026-06-17T16:29:43.915+0000] {processor.py:186} INFO - Started process (PID=980) to work on /opt/airflow/dags/create_mart_dag.py
[2026-06-17T16:29:43.917+0000] {processor.py:914} INFO - Processing file /opt/airflow/dags/create_mart_dag.py for tasks to queue
[2026-06-17T16:29:43.919+0000] {logging_mixin.py:190} INFO - [2026-06-17T16:29:43.919+0000] {dagbag.py:588} INFO - Filling up the DagBag from /opt/airflow/dags/create_mart_dag.py
[2026-06-17T16:29:43.943+0000] {processor.py:925} INFO - DAG(s) 'create_analytics_mart' retrieved from /opt/airflow/dags/create_mart_dag.py
[2026-06-17T16:29:43.966+0000] {logging_mixin.py:190} INFO - [2026-06-17T16:29:43.966+0000] {dag.py:3239} INFO - Sync 1 DAGs
[2026-06-17T16:29:43.980+0000] {logging_mixin.py:190} INFO - [2026-06-17T16:29:43.979+0000] {dag.py:4180} INFO - Setting next_dagrun for create_analytics_mart to None, run_after=None
[2026-06-17T16:29:44.002+0000] {processor.py:208} INFO - Processing /opt/airflow/dags/create_mart_dag.py took 0.093 seconds
[2026-06-17T16:30:14.258+0000] {processor.py:186} INFO - Started process (PID=991) to work on /opt/airflow/dags/create_mart_dag.py
[2026-06-17T16:30:14.259+0000] {processor.py:914} INFO - Processing file /opt/airflow/dags/create_mart_dag.py for tasks to queue
[2026-06-17T16:30:14.261+0000] {logging_mixin.py:190} INFO - [2026-06-17T16:30:14.261+0000] {dagbag.py:588} INFO - Filling up the DagBag from /opt/airflow/dags/create_mart_dag.py
[2026-06-17T16:30:14.280+0000] {processor.py:925} INFO - DAG(s) 'create_analytics_mart' retrieved from /opt/airflow/dags/create_mart_dag.py
[2026-06-17T16:30:14.302+0000] {logging_mixin.py:190} INFO - [2026-06-17T16:30:14.302+0000] {dag.py:3239} INFO - Sync 1 DAGs
[2026-06-17T16:30:14.315+0000] {logging_mixin.py:190} INFO - [2026-06-17T16:30:14.314+0000] {dag.py:4180} INFO - Setting next_dagrun for create_analytics_mart to None, run_after=None
[2026-06-17T16:30:14.336+0000] {processor.py:208} INFO - Processing /opt/airflow/dags/create_mart_dag.py took 0.085 seconds
[2026-06-17T16:30:44.506+0000] {processor.py:186} INFO - Started process (PID=1002) to work on /opt/airflow/dags/create_mart_dag.py
[2026-06-17T16:30:44.507+0000] {processor.py:914} INFO - Processing file /opt/airflow/dags/create_mart_dag.py for tasks to queue
[2026-06-17T16:30:44.510+0000] {logging_mixin.py:190} INFO - [2026-06-17T16:30:44.510+0000] {dagbag.py:588} INFO - Filling up the DagBag from /opt/airflow/dags/create_mart_dag.py
[2026-06-17T16:30:44.529+0000] {processor.py:925} INFO - DAG(s) 'create_analytics_mart' retrieved from /opt/airflow/dags/create_mart_dag.py
[2026-06-17T16:30:44.552+0000] {logging_mixin.py:190} INFO - [2026-06-17T16:30:44.551+0000] {dag.py:3239} INFO - Sync 1 DAGs
[2026-06-17T16:30:44.564+0000] {logging_mixin.py:190} INFO - [2026-06-17T16:30:44.564+0000] {dag.py:4180} INFO - Setting next_dagrun for create_analytics_mart to None, run_after=None
[2026-06-17T16:30:44.587+0000] {processor.py:208} INFO - Processing /opt/airflow/dags/create_mart_dag.py took 0.086 seconds
[2026-06-17T16:31:14.749+0000] {processor.py:186} INFO - Started process (PID=1013) to work on /opt/airflow/dags/create_mart_dag.py
[2026-06-17T16:31:14.750+0000] {processor.py:914} INFO - Processing file /opt/airflow/dags/create_mart_dag.py for tasks to queue
[2026-06-17T16:31:14.752+0000] {logging_mixin.py:190} INFO - [2026-06-17T16:31:14.752+0000] {dagbag.py:588} INFO - Filling up the DagBag from /opt/airflow/dags/create_mart_dag.py
[2026-06-17T16:31:14.769+0000] {processor.py:925} INFO - DAG(s) 'create_analytics_mart' retrieved from /opt/airflow/dags/create_mart_dag.py
[2026-06-17T16:31:14.790+0000] {logging_mixin.py:190} INFO - [2026-06-17T16:31:14.790+0000] {dag.py:3239} INFO - Sync 1 DAGs
[2026-06-17T16:31:14.802+0000] {logging_mixin.py:190} INFO - [2026-06-17T16:31:14.802+0000] {dag.py:4180} INFO - Setting next_dagrun for create_analytics_mart to None, run_after=None
[2026-06-17T16:31:14.823+0000] {processor.py:208} INFO - Processing /opt/airflow/dags/create_mart_dag.py took 0.079 seconds
[2026-06-17T16:31:45.030+0000] {processor.py:186} INFO - Started process (PID=1024) to work on /opt/airflow/dags/create_mart_dag.py
[2026-06-17T16:31:45.031+0000] {processor.py:914} INFO - Processing file /opt/airflow/dags/create_mart_dag.py for tasks to queue
[2026-06-17T16:31:45.034+0000] {logging_mixin.py:190} INFO - [2026-06-17T16:31:45.034+0000] {dagbag.py:588} INFO - Filling up the DagBag from /opt/airflow/dags/create_mart_dag.py
[2026-06-17T16:31:45.057+0000] {processor.py:925} INFO - DAG(s) 'create_analytics_mart' retrieved from /opt/airflow/dags/create_mart_dag.py
[2026-06-17T16:31:45.084+0000] {logging_mixin.py:190} INFO - [2026-06-17T16:31:45.083+0000] {dag.py:3239} INFO - Sync 1 DAGs
[2026-06-17T16:31:45.096+0000] {logging_mixin.py:190} INFO - [2026-06-17T16:31:45.095+0000] {dag.py:4180} INFO - Setting next_dagrun for create_analytics_mart to None, run_after=None
[2026-06-17T16:31:45.117+0000] {processor.py:208} INFO - Processing /opt/airflow/dags/create_mart_dag.py took 0.093 seconds
[2026-06-17T16:32:15.408+0000] {processor.py:186} INFO - Started process (PID=1035) to work on /opt/airflow/dags/create_mart_dag.py
[2026-06-17T16:32:15.409+0000] {processor.py:914} INFO - Processing file /opt/airflow/dags/create_mart_dag.py for tasks to queue
[2026-06-17T16:32:15.411+0000] {logging_mixin.py:190} INFO - [2026-06-17T16:32:15.411+0000] {dagbag.py:588} INFO - Filling up the DagBag from /opt/airflow/dags/create_mart_dag.py
[2026-06-17T16:32:15.429+0000] {processor.py:925} INFO - DAG(s) 'create_analytics_mart' retrieved from /opt/airflow/dags/create_mart_dag.py
[2026-06-17T16:32:15.449+0000] {logging_mixin.py:190} INFO - [2026-06-17T16:32:15.448+0000] {dag.py:3239} INFO - Sync 1 DAGs
[2026-06-17T16:32:15.461+0000] {logging_mixin.py:190} INFO - [2026-06-17T16:32:15.461+0000] {dag.py:4180} INFO - Setting next_dagrun for create_analytics_mart to None, run_after=None
[2026-06-17T16:32:15.482+0000] {processor.py:208} INFO - Processing /opt/airflow/dags/create_mart_dag.py took 0.080 seconds
[2026-06-17T16:32:45.762+0000] {processor.py:186} INFO - Started process (PID=1046) to work on /opt/airflow/dags/create_mart_dag.py
[2026-06-17T16:32:45.764+0000] {processor.py:914} INFO - Processing file /opt/airflow/dags/create_mart_dag.py for tasks to queue
[2026-06-17T16:32:45.766+0000] {logging_mixin.py:190} INFO - [2026-06-17T16:32:45.766+0000] {dagbag.py:588} INFO - Filling up the DagBag from /opt/airflow/dags/create_mart_dag.py
[2026-06-17T16:32:45.786+0000] {processor.py:925} INFO - DAG(s) 'create_analytics_mart' retrieved from /opt/airflow/dags/create_mart_dag.py
[2026-06-17T16:32:45.810+0000] {logging_mixin.py:190} INFO - [2026-06-17T16:32:45.810+0000] {dag.py:3239} INFO - Sync 1 DAGs
[2026-06-17T16:32:45.823+0000] {logging_mixin.py:190} INFO - [2026-06-17T16:32:45.823+0000] {dag.py:4180} INFO - Setting next_dagrun for create_analytics_mart to None, run_after=None
[2026-06-17T16:32:45.845+0000] {processor.py:208} INFO - Processing /opt/airflow/dags/create_mart_dag.py took 0.088 seconds
[2026-06-17T16:33:16.174+0000] {processor.py:186} INFO - Started process (PID=1057) to work on /opt/airflow/dags/create_mart_dag.py
[2026-06-17T16:33:16.175+0000] {processor.py:914} INFO - Processing file /opt/airflow/dags/create_mart_dag.py for tasks to queue
[2026-06-17T16:33:16.177+0000] {logging_mixin.py:190} INFO - [2026-06-17T16:33:16.176+0000] {dagbag.py:588} INFO - Filling up the DagBag from /opt/airflow/dags/create_mart_dag.py
[2026-06-17T16:33:16.195+0000] {processor.py:925} INFO - DAG(s) 'create_analytics_mart' retrieved from /opt/airflow/dags/create_mart_dag.py
[2026-06-17T16:33:16.217+0000] {logging_mixin.py:190} INFO - [2026-06-17T16:33:16.217+0000] {dag.py:3239} INFO - Sync 1 DAGs
[2026-06-17T16:33:16.230+0000] {logging_mixin.py:190} INFO - [2026-06-17T16:33:16.230+0000] {dag.py:4180} INFO - Setting next_dagrun for create_analytics_mart to None, run_after=None
[2026-06-17T16:33:16.252+0000] {processor.py:208} INFO - Processing /opt/airflow/dags/create_mart_dag.py took 0.084 seconds
[2026-06-17T16:33:46.527+0000] {processor.py:186} INFO - Started process (PID=1068) to work on /opt/airflow/dags/create_mart_dag.py
[2026-06-17T16:33:46.528+0000] {processor.py:914} INFO - Processing file /opt/airflow/dags/create_mart_dag.py for tasks to queue
[2026-06-17T16:33:46.531+0000] {logging_mixin.py:190} INFO - [2026-06-17T16:33:46.530+0000] {dagbag.py:588} INFO - Filling up the DagBag from /opt/airflow/dags/create_mart_dag.py
[2026-06-17T16:33:46.560+0000] {processor.py:925} INFO - DAG(s) 'create_analytics_mart' retrieved from /opt/airflow/dags/create_mart_dag.py
[2026-06-17T16:33:46.584+0000] {logging_mixin.py:190} INFO - [2026-06-17T16:33:46.584+0000] {dag.py:3239} INFO - Sync 1 DAGs
[2026-06-17T16:33:46.596+0000] {logging_mixin.py:190} INFO - [2026-06-17T16:33:46.596+0000] {dag.py:4180} INFO - Setting next_dagrun for create_analytics_mart to None, run_after=None
[2026-06-17T16:33:46.618+0000] {processor.py:208} INFO - Processing /opt/airflow/dags/create_mart_dag.py took 0.096 seconds
[2026-06-17T16:34:16.889+0000] {processor.py:186} INFO - Started process (PID=1079) to work on /opt/airflow/dags/create_mart_dag.py
[2026-06-17T16:34:16.890+0000] {processor.py:914} INFO - Processing file /opt/airflow/dags/create_mart_dag.py for tasks to queue
[2026-06-17T16:34:16.892+0000] {logging_mixin.py:190} INFO - [2026-06-17T16:34:16.892+0000] {dagbag.py:588} INFO - Filling up the DagBag from /opt/airflow/dags/create_mart_dag.py
[2026-06-17T16:34:16.916+0000] {processor.py:925} INFO - DAG(s) 'create_analytics_mart' retrieved from /opt/airflow/dags/create_mart_dag.py
[2026-06-17T16:34:16.944+0000] {logging_mixin.py:190} INFO - [2026-06-17T16:34:16.943+0000] {dag.py:3239} INFO - Sync 1 DAGs
[2026-06-17T16:34:16.956+0000] {logging_mixin.py:190} INFO - [2026-06-17T16:34:16.956+0000] {dag.py:4180} INFO - Setting next_dagrun for create_analytics_mart to None, run_after=None
[2026-06-17T16:34:16.977+0000] {processor.py:208} INFO - Processing /opt/airflow/dags/create_mart_dag.py took 0.093 seconds
[2026-06-17T16:34:47.160+0000] {processor.py:186} INFO - Started process (PID=1090) to work on /opt/airflow/dags/create_mart_dag.py
[2026-06-17T16:34:47.161+0000] {processor.py:914} INFO - Processing file /opt/airflow/dags/create_mart_dag.py for tasks to queue
[2026-06-17T16:34:47.164+0000] {logging_mixin.py:190} INFO - [2026-06-17T16:34:47.164+0000] {dagbag.py:588} INFO - Filling up the DagBag from /opt/airflow/dags/create_mart_dag.py
[2026-06-17T16:34:47.187+0000] {processor.py:925} INFO - DAG(s) 'create_analytics_mart' retrieved from /opt/airflow/dags/create_mart_dag.py
[2026-06-17T16:34:47.211+0000] {logging_mixin.py:190} INFO - [2026-06-17T16:34:47.210+0000] {dag.py:3239} INFO - Sync 1 DAGs
[2026-06-17T16:34:47.224+0000] {logging_mixin.py:190} INFO - [2026-06-17T16:34:47.223+0000] {dag.py:4180} INFO - Setting next_dagrun for create_analytics_mart to None, run_after=None
[2026-06-17T16:34:47.245+0000] {processor.py:208} INFO - Processing /opt/airflow/dags/create_mart_dag.py took 0.091 seconds
[2026-06-17T16:35:17.479+0000] {processor.py:186} INFO - Started process (PID=1101) to work on /opt/airflow/dags/create_mart_dag.py
[2026-06-17T16:35:17.480+0000] {processor.py:914} INFO - Processing file /opt/airflow/dags/create_mart_dag.py for tasks to queue
[2026-06-17T16:35:17.483+0000] {logging_mixin.py:190} INFO - [2026-06-17T16:35:17.482+0000] {dagbag.py:588} INFO - Filling up the DagBag from /opt/airflow/dags/create_mart_dag.py
[2026-06-17T16:35:17.503+0000] {processor.py:925} INFO - DAG(s) 'create_analytics_mart' retrieved from /opt/airflow/dags/create_mart_dag.py
[2026-06-17T16:35:17.527+0000] {logging_mixin.py:190} INFO - [2026-06-17T16:35:17.526+0000] {dag.py:3239} INFO - Sync 1 DAGs
[2026-06-17T16:35:17.540+0000] {logging_mixin.py:190} INFO - [2026-06-17T16:35:17.540+0000] {dag.py:4180} INFO - Setting next_dagrun for create_analytics_mart to None, run_after=None
[2026-06-17T16:35:17.563+0000] {processor.py:208} INFO - Processing /opt/airflow/dags/create_mart_dag.py took 0.089 seconds
[2026-06-17T16:35:47.911+0000] {processor.py:186} INFO - Started process (PID=1113) to work on /opt/airflow/dags/create_mart_dag.py
[2026-06-17T16:35:47.912+0000] {processor.py:914} INFO - Processing file /opt/airflow/dags/create_mart_dag.py for tasks to queue
[2026-06-17T16:35:47.914+0000] {logging_mixin.py:190} INFO - [2026-06-17T16:35:47.914+0000] {dagbag.py:588} INFO - Filling up the DagBag from /opt/airflow/dags/create_mart_dag.py
[2026-06-17T16:35:47.934+0000] {processor.py:925} INFO - DAG(s) 'create_analytics_mart' retrieved from /opt/airflow/dags/create_mart_dag.py
[2026-06-17T16:35:47.958+0000] {logging_mixin.py:190} INFO - [2026-06-17T16:35:47.957+0000] {dag.py:3239} INFO - Sync 1 DAGs
[2026-06-17T16:35:47.972+0000] {logging_mixin.py:190} INFO - [2026-06-17T16:35:47.972+0000] {dag.py:4180} INFO - Setting next_dagrun for create_analytics_mart to None, run_after=None
[2026-06-17T16:35:47.996+0000] {processor.py:208} INFO - Processing /opt/airflow/dags/create_mart_dag.py took 0.090 seconds
[2026-06-17T16:36:18.210+0000] {processor.py:186} INFO - Started process (PID=1124) to work on /opt/airflow/dags/create_mart_dag.py
[2026-06-17T16:36:18.211+0000] {processor.py:914} INFO - Processing file /opt/airflow/dags/create_mart_dag.py for tasks to queue
[2026-06-17T16:36:18.213+0000] {logging_mixin.py:190} INFO - [2026-06-17T16:36:18.213+0000] {dagbag.py:588} INFO - Filling up the DagBag from /opt/airflow/dags/create_mart_dag.py
[2026-06-17T16:36:18.238+0000] {processor.py:925} INFO - DAG(s) 'create_analytics_mart' retrieved from /opt/airflow/dags/create_mart_dag.py
[2026-06-17T16:36:18.268+0000] {logging_mixin.py:190} INFO - [2026-06-17T16:36:18.267+0000] {dag.py:3239} INFO - Sync 1 DAGs
[2026-06-17T16:36:18.281+0000] {logging_mixin.py:190} INFO - [2026-06-17T16:36:18.281+0000] {dag.py:4180} INFO - Setting next_dagrun for create_analytics_mart to None, run_after=None
[2026-06-17T16:36:18.300+0000] {processor.py:208} INFO - Processing /opt/airflow/dags/create_mart_dag.py took 0.099 seconds
[2026-06-17T16:36:48.602+0000] {processor.py:186} INFO - Started process (PID=1135) to work on /opt/airflow/dags/create_mart_dag.py
[2026-06-17T16:36:48.603+0000] {processor.py:914} INFO - Processing file /opt/airflow/dags/create_mart_dag.py for tasks to queue
[2026-06-17T16:36:48.606+0000] {logging_mixin.py:190} INFO - [2026-06-17T16:36:48.605+0000] {dagbag.py:588} INFO - Filling up the DagBag from /opt/airflow/dags/create_mart_dag.py
[2026-06-17T16:36:48.629+0000] {processor.py:925} INFO - DAG(s) 'create_analytics_mart' retrieved from /opt/airflow/dags/create_mart_dag.py
[2026-06-17T16:36:48.650+0000] {logging_mixin.py:190} INFO - [2026-06-17T16:36:48.649+0000] {dag.py:3239} INFO - Sync 1 DAGs
[2026-06-17T16:36:48.662+0000] {logging_mixin.py:190} INFO - [2026-06-17T16:36:48.662+0000] {dag.py:4180} INFO - Setting next_dagrun for create_analytics_mart to None, run_after=None
[2026-06-17T16:36:48.685+0000] {processor.py:208} INFO - Processing /opt/airflow/dags/create_mart_dag.py took 0.088 seconds
[2026-06-17T16:37:18.841+0000] {processor.py:186} INFO - Started process (PID=1146) to work on /opt/airflow/dags/create_mart_dag.py
[2026-06-17T16:37:18.842+0000] {processor.py:914} INFO - Processing file /opt/airflow/dags/create_mart_dag.py for tasks to queue
[2026-06-17T16:37:18.844+0000] {logging_mixin.py:190} INFO - [2026-06-17T16:37:18.843+0000] {dagbag.py:588} INFO - Filling up the DagBag from /opt/airflow/dags/create_mart_dag.py
[2026-06-17T16:37:18.868+0000] {processor.py:925} INFO - DAG(s) 'create_analytics_mart' retrieved from /opt/airflow/dags/create_mart_dag.py
[2026-06-17T16:37:18.896+0000] {logging_mixin.py:190} INFO - [2026-06-17T16:37:18.895+0000] {dag.py:3239} INFO - Sync 1 DAGs
[2026-06-17T16:37:18.908+0000] {logging_mixin.py:190} INFO - [2026-06-17T16:37:18.908+0000] {dag.py:4180} INFO - Setting next_dagrun for create_analytics_mart to None, run_after=None
[2026-06-17T16:37:18.929+0000] {processor.py:208} INFO - Processing /opt/airflow/dags/create_mart_dag.py took 0.100 seconds
[2026-06-17T16:37:49.075+0000] {processor.py:186} INFO - Started process (PID=1157) to work on /opt/airflow/dags/create_mart_dag.py
[2026-06-17T16:37:49.077+0000] {processor.py:914} INFO - Processing file /opt/airflow/dags/create_mart_dag.py for tasks to queue
[2026-06-17T16:37:49.080+0000] {logging_mixin.py:190} INFO - [2026-06-17T16:37:49.080+0000] {dagbag.py:588} INFO - Filling up the DagBag from /opt/airflow/dags/create_mart_dag.py
[2026-06-17T16:37:49.104+0000] {processor.py:925} INFO - DAG(s) 'create_analytics_mart' retrieved from /opt/airflow/dags/create_mart_dag.py
[2026-06-17T16:37:49.129+0000] {logging_mixin.py:190} INFO - [2026-06-17T16:37:49.129+0000] {dag.py:3239} INFO - Sync 1 DAGs
[2026-06-17T16:37:49.144+0000] {logging_mixin.py:190} INFO - [2026-06-17T16:37:49.144+0000] {dag.py:4180} INFO - Setting next_dagrun for create_analytics_mart to None, run_after=None
[2026-06-17T16:37:49.167+0000] {processor.py:208} INFO - Processing /opt/airflow/dags/create_mart_dag.py took 0.100 seconds
[2026-06-17T16:38:19.418+0000] {processor.py:186} INFO - Started process (PID=1168) to work on /opt/airflow/dags/create_mart_dag.py
[2026-06-17T16:38:19.419+0000] {processor.py:914} INFO - Processing file /opt/airflow/dags/create_mart_dag.py for tasks to queue
[2026-06-17T16:38:19.423+0000] {logging_mixin.py:190} INFO - [2026-06-17T16:38:19.422+0000] {dagbag.py:588} INFO - Filling up the DagBag from /opt/airflow/dags/create_mart_dag.py
[2026-06-17T16:38:19.498+0000] {processor.py:925} INFO - DAG(s) 'create_analytics_mart' retrieved from /opt/airflow/dags/create_mart_dag.py
[2026-06-17T16:38:19.522+0000] {logging_mixin.py:190} INFO - [2026-06-17T16:38:19.522+0000] {dag.py:3239} INFO - Sync 1 DAGs
[2026-06-17T16:38:19.536+0000] {logging_mixin.py:190} INFO - [2026-06-17T16:38:19.535+0000] {dag.py:4180} INFO - Setting next_dagrun for create_analytics_mart to None, run_after=None
[2026-06-17T16:38:19.557+0000] {processor.py:208} INFO - Processing /opt/airflow/dags/create_mart_dag.py took 0.146 seconds
[2026-06-17T16:38:49.798+0000] {processor.py:186} INFO - Started process (PID=1179) to work on /opt/airflow/dags/create_mart_dag.py
[2026-06-17T16:38:49.799+0000] {processor.py:914} INFO - Processing file /opt/airflow/dags/create_mart_dag.py for tasks to queue
[2026-06-17T16:38:49.801+0000] {logging_mixin.py:190} INFO - [2026-06-17T16:38:49.801+0000] {dagbag.py:588} INFO - Filling up the DagBag from /opt/airflow/dags/create_mart_dag.py
[2026-06-17T16:38:49.818+0000] {processor.py:925} INFO - DAG(s) 'create_analytics_mart' retrieved from /opt/airflow/dags/create_mart_dag.py
[2026-06-17T16:38:49.841+0000] {logging_mixin.py:190} INFO - [2026-06-17T16:38:49.841+0000] {dag.py:3239} INFO - Sync 1 DAGs
[2026-06-17T16:38:49.854+0000] {logging_mixin.py:190} INFO - [2026-06-17T16:38:49.854+0000] {dag.py:4180} INFO - Setting next_dagrun for create_analytics_mart to None, run_after=None
[2026-06-17T16:38:49.882+0000] {processor.py:208} INFO - Processing /opt/airflow/dags/create_mart_dag.py took 0.090 seconds
[2026-06-17T16:39:20.152+0000] {processor.py:186} INFO - Started process (PID=1190) to work on /opt/airflow/dags/create_mart_dag.py
[2026-06-17T16:39:20.153+0000] {processor.py:914} INFO - Processing file /opt/airflow/dags/create_mart_dag.py for tasks to queue
[2026-06-17T16:39:20.156+0000] {logging_mixin.py:190} INFO - [2026-06-17T16:39:20.155+0000] {dagbag.py:588} INFO - Filling up the DagBag from /opt/airflow/dags/create_mart_dag.py
[2026-06-17T16:39:20.182+0000] {processor.py:925} INFO - DAG(s) 'create_analytics_mart' retrieved from /opt/airflow/dags/create_mart_dag.py
[2026-06-17T16:39:20.212+0000] {logging_mixin.py:190} INFO - [2026-06-17T16:39:20.211+0000] {dag.py:3239} INFO - Sync 1 DAGs
[2026-06-17T16:39:20.224+0000] {logging_mixin.py:190} INFO - [2026-06-17T16:39:20.224+0000] {dag.py:4180} INFO - Setting next_dagrun for create_analytics_mart to None, run_after=None
[2026-06-17T16:39:20.247+0000] {processor.py:208} INFO - Processing /opt/airflow/dags/create_mart_dag.py took 0.102 seconds
[2026-06-17T16:39:50.460+0000] {processor.py:186} INFO - Started process (PID=1201) to work on /opt/airflow/dags/create_mart_dag.py
[2026-06-17T16:39:50.461+0000] {processor.py:914} INFO - Processing file /opt/airflow/dags/create_mart_dag.py for tasks to queue
[2026-06-17T16:39:50.464+0000] {logging_mixin.py:190} INFO - [2026-06-17T16:39:50.463+0000] {dagbag.py:588} INFO - Filling up the DagBag from /opt/airflow/dags/create_mart_dag.py
[2026-06-17T16:39:50.490+0000] {processor.py:925} INFO - DAG(s) 'create_analytics_mart' retrieved from /opt/airflow/dags/create_mart_dag.py
[2026-06-17T16:39:50.520+0000] {logging_mixin.py:190} INFO - [2026-06-17T16:39:50.520+0000] {dag.py:3239} INFO - Sync 1 DAGs
[2026-06-17T16:39:50.538+0000] {logging_mixin.py:190} INFO - [2026-06-17T16:39:50.538+0000] {dag.py:4180} INFO - Setting next_dagrun for create_analytics_mart to None, run_after=None
[2026-06-17T16:39:50.562+0000] {processor.py:208} INFO - Processing /opt/airflow/dags/create_mart_dag.py took 0.109 seconds
[2026-06-17T16:40:20.818+0000] {processor.py:186} INFO - Started process (PID=1212) to work on /opt/airflow/dags/create_mart_dag.py
[2026-06-17T16:40:20.819+0000] {processor.py:914} INFO - Processing file /opt/airflow/dags/create_mart_dag.py for tasks to queue
[2026-06-17T16:40:20.821+0000] {logging_mixin.py:190} INFO - [2026-06-17T16:40:20.820+0000] {dagbag.py:588} INFO - Filling up the DagBag from /opt/airflow/dags/create_mart_dag.py
[2026-06-17T16:40:20.841+0000] {processor.py:925} INFO - DAG(s) 'create_analytics_mart' retrieved from /opt/airflow/dags/create_mart_dag.py
[2026-06-17T16:40:20.862+0000] {logging_mixin.py:190} INFO - [2026-06-17T16:40:20.862+0000] {dag.py:3239} INFO - Sync 1 DAGs
[2026-06-17T16:40:20.875+0000] {logging_mixin.py:190} INFO - [2026-06-17T16:40:20.875+0000] {dag.py:4180} INFO - Setting next_dagrun for create_analytics_mart to None, run_after=None
[2026-06-17T16:40:20.896+0000] {processor.py:208} INFO - Processing /opt/airflow/dags/create_mart_dag.py took 0.084 seconds
[2026-06-17T16:40:51.117+0000] {processor.py:186} INFO - Started process (PID=1223) to work on /opt/airflow/dags/create_mart_dag.py
[2026-06-17T16:40:51.118+0000] {processor.py:914} INFO - Processing file /opt/airflow/dags/create_mart_dag.py for tasks to queue
[2026-06-17T16:40:51.120+0000] {logging_mixin.py:190} INFO - [2026-06-17T16:40:51.120+0000] {dagbag.py:588} INFO - Filling up the DagBag from /opt/airflow/dags/create_mart_dag.py
[2026-06-17T16:40:51.138+0000] {processor.py:925} INFO - DAG(s) 'create_analytics_mart' retrieved from /opt/airflow/dags/create_mart_dag.py
[2026-06-17T16:40:51.160+0000] {logging_mixin.py:190} INFO - [2026-06-17T16:40:51.160+0000] {dag.py:3239} INFO - Sync 1 DAGs
[2026-06-17T16:40:51.174+0000] {logging_mixin.py:190} INFO - [2026-06-17T16:40:51.174+0000] {dag.py:4180} INFO - Setting next_dagrun for create_analytics_mart to None, run_after=None
[2026-06-17T16:40:51.198+0000] {processor.py:208} INFO - Processing /opt/airflow/dags/create_mart_dag.py took 0.087 seconds
[2026-06-17T16:41:21.511+0000] {processor.py:186} INFO - Started process (PID=1234) to work on /opt/airflow/dags/create_mart_dag.py
[2026-06-17T16:41:21.512+0000] {processor.py:914} INFO - Processing file /opt/airflow/dags/create_mart_dag.py for tasks to queue
[2026-06-17T16:41:21.514+0000] {logging_mixin.py:190} INFO - [2026-06-17T16:41:21.514+0000] {dagbag.py:588} INFO - Filling up the DagBag from /opt/airflow/dags/create_mart_dag.py
[2026-06-17T16:41:21.532+0000] {processor.py:925} INFO - DAG(s) 'create_analytics_mart' retrieved from /opt/airflow/dags/create_mart_dag.py
[2026-06-17T16:41:21.553+0000] {logging_mixin.py:190} INFO - [2026-06-17T16:41:21.552+0000] {dag.py:3239} INFO - Sync 1 DAGs
[2026-06-17T16:41:21.566+0000] {logging_mixin.py:190} INFO - [2026-06-17T16:41:21.565+0000] {dag.py:4180} INFO - Setting next_dagrun for create_analytics_mart to None, run_after=None
[2026-06-17T16:41:21.586+0000] {processor.py:208} INFO - Processing /opt/airflow/dags/create_mart_dag.py took 0.081 seconds
[2026-06-17T16:41:51.874+0000] {processor.py:186} INFO - Started process (PID=1245) to work on /opt/airflow/dags/create_mart_dag.py
[2026-06-17T16:41:51.875+0000] {processor.py:914} INFO - Processing file /opt/airflow/dags/create_mart_dag.py for tasks to queue
[2026-06-17T16:41:51.877+0000] {logging_mixin.py:190} INFO - [2026-06-17T16:41:51.877+0000] {dagbag.py:588} INFO - Filling up the DagBag from /opt/airflow/dags/create_mart_dag.py
[2026-06-17T16:41:51.895+0000] {processor.py:925} INFO - DAG(s) 'create_analytics_mart' retrieved from /opt/airflow/dags/create_mart_dag.py
[2026-06-17T16:41:51.917+0000] {logging_mixin.py:190} INFO - [2026-06-17T16:41:51.917+0000] {dag.py:3239} INFO - Sync 1 DAGs
[2026-06-17T16:41:51.931+0000] {logging_mixin.py:190} INFO - [2026-06-17T16:41:51.931+0000] {dag.py:4180} INFO - Setting next_dagrun for create_analytics_mart to None, run_after=None
[2026-06-17T16:41:51.953+0000] {processor.py:208} INFO - Processing /opt/airflow/dags/create_mart_dag.py took 0.085 seconds
[2026-06-17T16:42:22.289+0000] {processor.py:186} INFO - Started process (PID=1256) to work on /opt/airflow/dags/create_mart_dag.py
[2026-06-17T16:42:22.290+0000] {processor.py:914} INFO - Processing file /opt/airflow/dags/create_mart_dag.py for tasks to queue
[2026-06-17T16:42:22.292+0000] {logging_mixin.py:190} INFO - [2026-06-17T16:42:22.291+0000] {dagbag.py:588} INFO - Filling up the DagBag from /opt/airflow/dags/create_mart_dag.py
[2026-06-17T16:42:22.307+0000] {processor.py:925} INFO - DAG(s) 'create_analytics_mart' retrieved from /opt/airflow/dags/create_mart_dag.py
[2026-06-17T16:42:22.329+0000] {logging_mixin.py:190} INFO - [2026-06-17T16:42:22.329+0000] {dag.py:3239} INFO - Sync 1 DAGs
[2026-06-17T16:42:22.345+0000] {logging_mixin.py:190} INFO - [2026-06-17T16:42:22.345+0000] {dag.py:4180} INFO - Setting next_dagrun for create_analytics_mart to None, run_after=None
[2026-06-17T16:42:22.369+0000] {processor.py:208} INFO - Processing /opt/airflow/dags/create_mart_dag.py took 0.086 seconds
[2026-06-17T16:42:52.625+0000] {processor.py:186} INFO - Started process (PID=1267) to work on /opt/airflow/dags/create_mart_dag.py
[2026-06-17T16:42:52.626+0000] {processor.py:914} INFO - Processing file /opt/airflow/dags/create_mart_dag.py for tasks to queue
[2026-06-17T16:42:52.628+0000] {logging_mixin.py:190} INFO - [2026-06-17T16:42:52.628+0000] {dagbag.py:588} INFO - Filling up the DagBag from /opt/airflow/dags/create_mart_dag.py
[2026-06-17T16:42:52.647+0000] {processor.py:925} INFO - DAG(s) 'create_analytics_mart' retrieved from /opt/airflow/dags/create_mart_dag.py
[2026-06-17T16:42:52.672+0000] {logging_mixin.py:190} INFO - [2026-06-17T16:42:52.672+0000] {dag.py:3239} INFO - Sync 1 DAGs
[2026-06-17T16:42:52.686+0000] {logging_mixin.py:190} INFO - [2026-06-17T16:42:52.685+0000] {dag.py:4180} INFO - Setting next_dagrun for create_analytics_mart to None, run_after=None
[2026-06-17T16:42:52.706+0000] {processor.py:208} INFO - Processing /opt/airflow/dags/create_mart_dag.py took 0.087 seconds
[2026-06-17T16:43:22.946+0000] {processor.py:186} INFO - Started process (PID=1278) to work on /opt/airflow/dags/create_mart_dag.py
[2026-06-17T16:43:22.948+0000] {processor.py:914} INFO - Processing file /opt/airflow/dags/create_mart_dag.py for tasks to queue
[2026-06-17T16:43:22.950+0000] {logging_mixin.py:190} INFO - [2026-06-17T16:43:22.950+0000] {dagbag.py:588} INFO - Filling up the DagBag from /opt/airflow/dags/create_mart_dag.py
[2026-06-17T16:43:22.982+0000] {processor.py:925} INFO - DAG(s) 'create_analytics_mart' retrieved from /opt/airflow/dags/create_mart_dag.py
[2026-06-17T16:43:23.005+0000] {logging_mixin.py:190} INFO - [2026-06-17T16:43:23.005+0000] {dag.py:3239} INFO - Sync 1 DAGs
[2026-06-17T16:43:23.018+0000] {logging_mixin.py:190} INFO - [2026-06-17T16:43:23.018+0000] {dag.py:4180} INFO - Setting next_dagrun for create_analytics_mart to None, run_after=None
[2026-06-17T16:43:23.039+0000] {processor.py:208} INFO - Processing /opt/airflow/dags/create_mart_dag.py took 0.098 seconds
[2026-06-17T16:43:53.271+0000] {processor.py:186} INFO - Started process (PID=1289) to work on /opt/airflow/dags/create_mart_dag.py
[2026-06-17T16:43:53.272+0000] {processor.py:914} INFO - Processing file /opt/airflow/dags/create_mart_dag.py for tasks to queue
[2026-06-17T16:43:53.274+0000] {logging_mixin.py:190} INFO - [2026-06-17T16:43:53.274+0000] {dagbag.py:588} INFO - Filling up the DagBag from /opt/airflow/dags/create_mart_dag.py
[2026-06-17T16:43:53.294+0000] {processor.py:925} INFO - DAG(s) 'create_analytics_mart' retrieved from /opt/airflow/dags/create_mart_dag.py
[2026-06-17T16:43:53.317+0000] {logging_mixin.py:190} INFO - [2026-06-17T16:43:53.316+0000] {dag.py:3239} INFO - Sync 1 DAGs
[2026-06-17T16:43:53.331+0000] {logging_mixin.py:190} INFO - [2026-06-17T16:43:53.330+0000] {dag.py:4180} INFO - Setting next_dagrun for create_analytics_mart to None, run_after=None
[2026-06-17T16:43:53.352+0000] {processor.py:208} INFO - Processing /opt/airflow/dags/create_mart_dag.py took 0.087 seconds
[2026-06-17T16:44:23.569+0000] {processor.py:186} INFO - Started process (PID=1300) to work on /opt/airflow/dags/create_mart_dag.py
[2026-06-17T16:44:23.571+0000] {processor.py:914} INFO - Processing file /opt/airflow/dags/create_mart_dag.py for tasks to queue
[2026-06-17T16:44:23.573+0000] {logging_mixin.py:190} INFO - [2026-06-17T16:44:23.573+0000] {dagbag.py:588} INFO - Filling up the DagBag from /opt/airflow/dags/create_mart_dag.py
[2026-06-17T16:44:23.597+0000] {processor.py:925} INFO - DAG(s) 'create_analytics_mart' retrieved from /opt/airflow/dags/create_mart_dag.py
[2026-06-17T16:44:23.626+0000] {logging_mixin.py:190} INFO - [2026-06-17T16:44:23.625+0000] {dag.py:3239} INFO - Sync 1 DAGs
[2026-06-17T16:44:23.639+0000] {logging_mixin.py:190} INFO - [2026-06-17T16:44:23.639+0000] {dag.py:4180} INFO - Setting next_dagrun for create_analytics_mart to None, run_after=None
[2026-06-17T16:44:23.661+0000] {processor.py:208} INFO - Processing /opt/airflow/dags/create_mart_dag.py took 0.099 seconds
[2026-06-17T16:44:53.960+0000] {processor.py:186} INFO - Started process (PID=1311) to work on /opt/airflow/dags/create_mart_dag.py
[2026-06-17T16:44:53.961+0000] {processor.py:914} INFO - Processing file /opt/airflow/dags/create_mart_dag.py for tasks to queue
[2026-06-17T16:44:53.964+0000] {logging_mixin.py:190} INFO - [2026-06-17T16:44:53.964+0000] {dagbag.py:588} INFO - Filling up the DagBag from /opt/airflow/dags/create_mart_dag.py
[2026-06-17T16:44:53.995+0000] {processor.py:925} INFO - DAG(s) 'create_analytics_mart' retrieved from /opt/airflow/dags/create_mart_dag.py
[2026-06-17T16:44:54.019+0000] {logging_mixin.py:190} INFO - [2026-06-17T16:44:54.019+0000] {dag.py:3239} INFO - Sync 1 DAGs
[2026-06-17T16:44:54.034+0000] {logging_mixin.py:190} INFO - [2026-06-17T16:44:54.034+0000] {dag.py:4180} INFO - Setting next_dagrun for create_analytics_mart to None, run_after=None
[2026-06-17T16:44:54.055+0000] {processor.py:208} INFO - Processing /opt/airflow/dags/create_mart_dag.py took 0.100 seconds
[2026-06-17T16:45:24.289+0000] {processor.py:186} INFO - Started process (PID=1322) to work on /opt/airflow/dags/create_mart_dag.py
[2026-06-17T16:45:24.290+0000] {processor.py:914} INFO - Processing file /opt/airflow/dags/create_mart_dag.py for tasks to queue
[2026-06-17T16:45:24.292+0000] {logging_mixin.py:190} INFO - [2026-06-17T16:45:24.292+0000] {dagbag.py:588} INFO - Filling up the DagBag from /opt/airflow/dags/create_mart_dag.py
[2026-06-17T16:45:24.312+0000] {processor.py:925} INFO - DAG(s) 'create_analytics_mart' retrieved from /opt/airflow/dags/create_mart_dag.py
[2026-06-17T16:45:24.334+0000] {logging_mixin.py:190} INFO - [2026-06-17T16:45:24.333+0000] {dag.py:3239} INFO - Sync 1 DAGs
[2026-06-17T16:45:24.347+0000] {logging_mixin.py:190} INFO - [2026-06-17T16:45:24.347+0000] {dag.py:4180} INFO - Setting next_dagrun for create_analytics_mart to None, run_after=None
[2026-06-17T16:45:24.369+0000] {processor.py:208} INFO - Processing /opt/airflow/dags/create_mart_dag.py took 0.085 seconds
[2026-06-17T16:45:54.653+0000] {processor.py:186} INFO - Started process (PID=1333) to work on /opt/airflow/dags/create_mart_dag.py
[2026-06-17T16:45:54.654+0000] {processor.py:914} INFO - Processing file /opt/airflow/dags/create_mart_dag.py for tasks to queue
[2026-06-17T16:45:54.656+0000] {logging_mixin.py:190} INFO - [2026-06-17T16:45:54.656+0000] {dagbag.py:588} INFO - Filling up the DagBag from /opt/airflow/dags/create_mart_dag.py
[2026-06-17T16:45:54.675+0000] {processor.py:925} INFO - DAG(s) 'create_analytics_mart' retrieved from /opt/airflow/dags/create_mart_dag.py
[2026-06-17T16:45:54.702+0000] {logging_mixin.py:190} INFO - [2026-06-17T16:45:54.701+0000] {dag.py:3239} INFO - Sync 1 DAGs
[2026-06-17T16:45:54.714+0000] {logging_mixin.py:190} INFO - [2026-06-17T16:45:54.714+0000] {dag.py:4180} INFO - Setting next_dagrun for create_analytics_mart to None, run_after=None
[2026-06-17T16:45:54.733+0000] {processor.py:208} INFO - Processing /opt/airflow/dags/create_mart_dag.py took 0.086 seconds
[2026-06-17T16:46:25.000+0000] {processor.py:186} INFO - Started process (PID=1344) to work on /opt/airflow/dags/create_mart_dag.py
[2026-06-17T16:46:25.001+0000] {processor.py:914} INFO - Processing file /opt/airflow/dags/create_mart_dag.py for tasks to queue
[2026-06-17T16:46:25.003+0000] {logging_mixin.py:190} INFO - [2026-06-17T16:46:25.003+0000] {dagbag.py:588} INFO - Filling up the DagBag from /opt/airflow/dags/create_mart_dag.py
[2026-06-17T16:46:25.025+0000] {processor.py:925} INFO - DAG(s) 'create_analytics_mart' retrieved from /opt/airflow/dags/create_mart_dag.py
[2026-06-17T16:46:25.047+0000] {logging_mixin.py:190} INFO - [2026-06-17T16:46:25.046+0000] {dag.py:3239} INFO - Sync 1 DAGs
[2026-06-17T16:46:25.060+0000] {logging_mixin.py:190} INFO - [2026-06-17T16:46:25.060+0000] {dag.py:4180} INFO - Setting next_dagrun for create_analytics_mart to None, run_after=None
[2026-06-17T16:46:25.080+0000] {processor.py:208} INFO - Processing /opt/airflow/dags/create_mart_dag.py took 0.087 seconds
[2026-06-17T16:46:55.234+0000] {processor.py:186} INFO - Started process (PID=1355) to work on /opt/airflow/dags/create_mart_dag.py
[2026-06-17T16:46:55.235+0000] {processor.py:914} INFO - Processing file /opt/airflow/dags/create_mart_dag.py for tasks to queue
[2026-06-17T16:46:55.238+0000] {logging_mixin.py:190} INFO - [2026-06-17T16:46:55.237+0000] {dagbag.py:588} INFO - Filling up the DagBag from /opt/airflow/dags/create_mart_dag.py
[2026-06-17T16:46:55.256+0000] {processor.py:925} INFO - DAG(s) 'create_analytics_mart' retrieved from /opt/airflow/dags/create_mart_dag.py
[2026-06-17T16:46:55.284+0000] {logging_mixin.py:190} INFO - [2026-06-17T16:46:55.283+0000] {dag.py:3239} INFO - Sync 1 DAGs
[2026-06-17T16:46:55.298+0000] {logging_mixin.py:190} INFO - [2026-06-17T16:46:55.298+0000] {dag.py:4180} INFO - Setting next_dagrun for create_analytics_mart to None, run_after=None
[2026-06-17T16:46:55.320+0000] {processor.py:208} INFO - Processing /opt/airflow/dags/create_mart_dag.py took 0.091 seconds
[2026-06-17T16:47:25.524+0000] {processor.py:186} INFO - Started process (PID=1366) to work on /opt/airflow/dags/create_mart_dag.py
[2026-06-17T16:47:25.525+0000] {processor.py:914} INFO - Processing file /opt/airflow/dags/create_mart_dag.py for tasks to queue
[2026-06-17T16:47:25.528+0000] {logging_mixin.py:190} INFO - [2026-06-17T16:47:25.528+0000] {dagbag.py:588} INFO - Filling up the DagBag from /opt/airflow/dags/create_mart_dag.py
[2026-06-17T16:47:25.551+0000] {processor.py:925} INFO - DAG(s) 'create_analytics_mart' retrieved from /opt/airflow/dags/create_mart_dag.py
[2026-06-17T16:47:25.572+0000] {logging_mixin.py:190} INFO - [2026-06-17T16:47:25.572+0000] {dag.py:3239} INFO - Sync 1 DAGs
[2026-06-17T16:47:25.586+0000] {logging_mixin.py:190} INFO - [2026-06-17T16:47:25.586+0000] {dag.py:4180} INFO - Setting next_dagrun for create_analytics_mart to None, run_after=None
[2026-06-17T16:47:25.608+0000] {processor.py:208} INFO - Processing /opt/airflow/dags/create_mart_dag.py took 0.090 seconds
[2026-06-17T16:47:55.894+0000] {processor.py:186} INFO - Started process (PID=1377) to work on /opt/airflow/dags/create_mart_dag.py
[2026-06-17T16:47:55.895+0000] {processor.py:914} INFO - Processing file /opt/airflow/dags/create_mart_dag.py for tasks to queue
[2026-06-17T16:47:55.898+0000] {logging_mixin.py:190} INFO - [2026-06-17T16:47:55.898+0000] {dagbag.py:588} INFO - Filling up the DagBag from /opt/airflow/dags/create_mart_dag.py
[2026-06-17T16:47:55.916+0000] {processor.py:925} INFO - DAG(s) 'create_analytics_mart' retrieved from /opt/airflow/dags/create_mart_dag.py
[2026-06-17T16:47:55.941+0000] {logging_mixin.py:190} INFO - [2026-06-17T16:47:55.941+0000] {dag.py:3239} INFO - Sync 1 DAGs
[2026-06-17T16:47:55.954+0000] {logging_mixin.py:190} INFO - [2026-06-17T16:47:55.954+0000] {dag.py:4180} INFO - Setting next_dagrun for create_analytics_mart to None, run_after=None
[2026-06-17T16:47:55.977+0000] {processor.py:208} INFO - Processing /opt/airflow/dags/create_mart_dag.py took 0.088 seconds
[2026-06-17T16:48:26.290+0000] {processor.py:186} INFO - Started process (PID=1388) to work on /opt/airflow/dags/create_mart_dag.py
[2026-06-17T16:48:26.291+0000] {processor.py:914} INFO - Processing file /opt/airflow/dags/create_mart_dag.py for tasks to queue
[2026-06-17T16:48:26.293+0000] {logging_mixin.py:190} INFO - [2026-06-17T16:48:26.293+0000] {dagbag.py:588} INFO - Filling up the DagBag from /opt/airflow/dags/create_mart_dag.py
[2026-06-17T16:48:26.314+0000] {processor.py:925} INFO - DAG(s) 'create_analytics_mart' retrieved from /opt/airflow/dags/create_mart_dag.py
[2026-06-17T16:48:26.341+0000] {logging_mixin.py:190} INFO - [2026-06-17T16:48:26.341+0000] {dag.py:3239} INFO - Sync 1 DAGs
[2026-06-17T16:48:26.355+0000] {logging_mixin.py:190} INFO - [2026-06-17T16:48:26.355+0000] {dag.py:4180} INFO - Setting next_dagrun for create_analytics_mart to None, run_after=None
[2026-06-17T16:48:26.377+0000] {processor.py:208} INFO - Processing /opt/airflow/dags/create_mart_dag.py took 0.094 seconds
[2026-06-17T16:48:56.643+0000] {processor.py:186} INFO - Started process (PID=1399) to work on /opt/airflow/dags/create_mart_dag.py
[2026-06-17T16:48:56.644+0000] {processor.py:914} INFO - Processing file /opt/airflow/dags/create_mart_dag.py for tasks to queue
[2026-06-17T16:48:56.647+0000] {logging_mixin.py:190} INFO - [2026-06-17T16:48:56.646+0000] {dagbag.py:588} INFO - Filling up the DagBag from /opt/airflow/dags/create_mart_dag.py
[2026-06-17T16:48:56.667+0000] {processor.py:925} INFO - DAG(s) 'create_analytics_mart' retrieved from /opt/airflow/dags/create_mart_dag.py
[2026-06-17T16:48:56.687+0000] {logging_mixin.py:190} INFO - [2026-06-17T16:48:56.687+0000] {dag.py:3239} INFO - Sync 1 DAGs
[2026-06-17T16:48:56.707+0000] {logging_mixin.py:190} INFO - [2026-06-17T16:48:56.707+0000] {dag.py:4180} INFO - Setting next_dagrun for create_analytics_mart to None, run_after=None
[2026-06-17T16:48:56.736+0000] {processor.py:208} INFO - Processing /opt/airflow/dags/create_mart_dag.py took 0.098 seconds
[2026-06-17T16:49:27.049+0000] {processor.py:186} INFO - Started process (PID=1410) to work on /opt/airflow/dags/create_mart_dag.py
[2026-06-17T16:49:27.050+0000] {processor.py:914} INFO - Processing file /opt/airflow/dags/create_mart_dag.py for tasks to queue
[2026-06-17T16:49:27.052+0000] {logging_mixin.py:190} INFO - [2026-06-17T16:49:27.052+0000] {dagbag.py:588} INFO - Filling up the DagBag from /opt/airflow/dags/create_mart_dag.py
[2026-06-17T16:49:27.078+0000] {processor.py:925} INFO - DAG(s) 'create_analytics_mart' retrieved from /opt/airflow/dags/create_mart_dag.py
[2026-06-17T16:49:27.109+0000] {logging_mixin.py:190} INFO - [2026-06-17T16:49:27.108+0000] {dag.py:3239} INFO - Sync 1 DAGs
[2026-06-17T16:49:27.121+0000] {logging_mixin.py:190} INFO - [2026-06-17T16:49:27.121+0000] {dag.py:4180} INFO - Setting next_dagrun for create_analytics_mart to None, run_after=None
[2026-06-17T16:49:27.144+0000] {processor.py:208} INFO - Processing /opt/airflow/dags/create_mart_dag.py took 0.101 seconds
[2026-06-17T16:49:57.420+0000] {processor.py:186} INFO - Started process (PID=1421) to work on /opt/airflow/dags/create_mart_dag.py
[2026-06-17T16:49:57.421+0000] {processor.py:914} INFO - Processing file /opt/airflow/dags/create_mart_dag.py for tasks to queue
[2026-06-17T16:49:57.423+0000] {logging_mixin.py:190} INFO - [2026-06-17T16:49:57.423+0000] {dagbag.py:588} INFO - Filling up the DagBag from /opt/airflow/dags/create_mart_dag.py
[2026-06-17T16:49:57.442+0000] {processor.py:925} INFO - DAG(s) 'create_analytics_mart' retrieved from /opt/airflow/dags/create_mart_dag.py
[2026-06-17T16:49:57.463+0000] {logging_mixin.py:190} INFO - [2026-06-17T16:49:57.463+0000] {dag.py:3239} INFO - Sync 1 DAGs
[2026-06-17T16:49:57.476+0000] {logging_mixin.py:190} INFO - [2026-06-17T16:49:57.475+0000] {dag.py:4180} INFO - Setting next_dagrun for create_analytics_mart to None, run_after=None
[2026-06-17T16:49:57.498+0000] {processor.py:208} INFO - Processing /opt/airflow/dags/create_mart_dag.py took 0.083 seconds
[2026-06-17T16:50:27.760+0000] {processor.py:186} INFO - Started process (PID=1433) to work on /opt/airflow/dags/create_mart_dag.py
[2026-06-17T16:50:27.761+0000] {processor.py:914} INFO - Processing file /opt/airflow/dags/create_mart_dag.py for tasks to queue
[2026-06-17T16:50:27.763+0000] {logging_mixin.py:190} INFO - [2026-06-17T16:50:27.763+0000] {dagbag.py:588} INFO - Filling up the DagBag from /opt/airflow/dags/create_mart_dag.py
[2026-06-17T16:50:27.786+0000] {processor.py:925} INFO - DAG(s) 'create_analytics_mart' retrieved from /opt/airflow/dags/create_mart_dag.py
[2026-06-17T16:50:27.811+0000] {logging_mixin.py:190} INFO - [2026-06-17T16:50:27.811+0000] {dag.py:3239} INFO - Sync 1 DAGs
[2026-06-17T16:50:27.825+0000] {logging_mixin.py:190} INFO - [2026-06-17T16:50:27.825+0000] {dag.py:4180} INFO - Setting next_dagrun for create_analytics_mart to None, run_after=None
[2026-06-17T16:50:27.851+0000] {processor.py:208} INFO - Processing /opt/airflow/dags/create_mart_dag.py took 0.097 seconds
[2026-06-17T16:50:58.114+0000] {processor.py:186} INFO - Started process (PID=1444) to work on /opt/airflow/dags/create_mart_dag.py
[2026-06-17T16:50:58.115+0000] {processor.py:914} INFO - Processing file /opt/airflow/dags/create_mart_dag.py for tasks to queue
[2026-06-17T16:50:58.118+0000] {logging_mixin.py:190} INFO - [2026-06-17T16:50:58.117+0000] {dagbag.py:588} INFO - Filling up the DagBag from /opt/airflow/dags/create_mart_dag.py
[2026-06-17T16:50:58.134+0000] {processor.py:925} INFO - DAG(s) 'create_analytics_mart' retrieved from /opt/airflow/dags/create_mart_dag.py
[2026-06-17T16:50:58.159+0000] {logging_mixin.py:190} INFO - [2026-06-17T16:50:58.159+0000] {dag.py:3239} INFO - Sync 1 DAGs
[2026-06-17T16:50:58.171+0000] {logging_mixin.py:190} INFO - [2026-06-17T16:50:58.171+0000] {dag.py:4180} INFO - Setting next_dagrun for create_analytics_mart to None, run_after=None
[2026-06-17T16:50:58.198+0000] {processor.py:208} INFO - Processing /opt/airflow/dags/create_mart_dag.py took 0.089 seconds
[2026-06-17T16:51:28.521+0000] {processor.py:186} INFO - Started process (PID=1455) to work on /opt/airflow/dags/create_mart_dag.py
[2026-06-17T16:51:28.522+0000] {processor.py:914} INFO - Processing file /opt/airflow/dags/create_mart_dag.py for tasks to queue
[2026-06-17T16:51:28.525+0000] {logging_mixin.py:190} INFO - [2026-06-17T16:51:28.524+0000] {dagbag.py:588} INFO - Filling up the DagBag from /opt/airflow/dags/create_mart_dag.py
[2026-06-17T16:51:28.543+0000] {processor.py:925} INFO - DAG(s) 'create_analytics_mart' retrieved from /opt/airflow/dags/create_mart_dag.py
[2026-06-17T16:51:28.566+0000] {logging_mixin.py:190} INFO - [2026-06-17T16:51:28.565+0000] {dag.py:3239} INFO - Sync 1 DAGs
[2026-06-17T16:51:28.579+0000] {logging_mixin.py:190} INFO - [2026-06-17T16:51:28.578+0000] {dag.py:4180} INFO - Setting next_dagrun for create_analytics_mart to None, run_after=None
[2026-06-17T16:51:28.602+0000] {processor.py:208} INFO - Processing /opt/airflow/dags/create_mart_dag.py took 0.086 seconds
[2026-06-17T16:51:58.856+0000] {processor.py:186} INFO - Started process (PID=1466) to work on /opt/airflow/dags/create_mart_dag.py
[2026-06-17T16:51:58.857+0000] {processor.py:914} INFO - Processing file /opt/airflow/dags/create_mart_dag.py for tasks to queue
[2026-06-17T16:51:58.860+0000] {logging_mixin.py:190} INFO - [2026-06-17T16:51:58.859+0000] {dagbag.py:588} INFO - Filling up the DagBag from /opt/airflow/dags/create_mart_dag.py
[2026-06-17T16:51:58.890+0000] {processor.py:925} INFO - DAG(s) 'create_analytics_mart' retrieved from /opt/airflow/dags/create_mart_dag.py
[2026-06-17T16:51:58.919+0000] {logging_mixin.py:190} INFO - [2026-06-17T16:51:58.919+0000] {dag.py:3239} INFO - Sync 1 DAGs
[2026-06-17T16:51:58.933+0000] {logging_mixin.py:190} INFO - [2026-06-17T16:51:58.933+0000] {dag.py:4180} INFO - Setting next_dagrun for create_analytics_mart to None, run_after=None
[2026-06-17T16:51:58.956+0000] {processor.py:208} INFO - Processing /opt/airflow/dags/create_mart_dag.py took 0.108 seconds
[2026-06-17T16:52:29.265+0000] {processor.py:186} INFO - Started process (PID=1477) to work on /opt/airflow/dags/create_mart_dag.py
[2026-06-17T16:52:29.266+0000] {processor.py:914} INFO - Processing file /opt/airflow/dags/create_mart_dag.py for tasks to queue
[2026-06-17T16:52:29.269+0000] {logging_mixin.py:190} INFO - [2026-06-17T16:52:29.269+0000] {dagbag.py:588} INFO - Filling up the DagBag from /opt/airflow/dags/create_mart_dag.py
[2026-06-17T16:52:29.295+0000] {processor.py:925} INFO - DAG(s) 'create_analytics_mart' retrieved from /opt/airflow/dags/create_mart_dag.py
[2026-06-17T16:52:29.316+0000] {logging_mixin.py:190} INFO - [2026-06-17T16:52:29.316+0000] {dag.py:3239} INFO - Sync 1 DAGs
[2026-06-17T16:52:29.330+0000] {logging_mixin.py:190} INFO - [2026-06-17T16:52:29.330+0000] {dag.py:4180} INFO - Setting next_dagrun for create_analytics_mart to None, run_after=None
[2026-06-17T16:52:29.353+0000] {processor.py:208} INFO - Processing /opt/airflow/dags/create_mart_dag.py took 0.093 seconds
[2026-06-17T16:52:59.744+0000] {processor.py:186} INFO - Started process (PID=1488) to work on /opt/airflow/dags/create_mart_dag.py
[2026-06-17T16:52:59.745+0000] {processor.py:914} INFO - Processing file /opt/airflow/dags/create_mart_dag.py for tasks to queue
[2026-06-17T16:52:59.749+0000] {logging_mixin.py:190} INFO - [2026-06-17T16:52:59.748+0000] {dagbag.py:588} INFO - Filling up the DagBag from /opt/airflow/dags/create_mart_dag.py
[2026-06-17T16:52:59.786+0000] {processor.py:925} INFO - DAG(s) 'create_analytics_mart' retrieved from /opt/airflow/dags/create_mart_dag.py
[2026-06-17T16:52:59.812+0000] {logging_mixin.py:190} INFO - [2026-06-17T16:52:59.812+0000] {dag.py:3239} INFO - Sync 1 DAGs
[2026-06-17T16:52:59.827+0000] {logging_mixin.py:190} INFO - [2026-06-17T16:52:59.827+0000] {dag.py:4180} INFO - Setting next_dagrun for create_analytics_mart to None, run_after=None
[2026-06-17T16:52:59.849+0000] {processor.py:208} INFO - Processing /opt/airflow/dags/create_mart_dag.py took 0.118 seconds
[2026-06-17T16:53:30.125+0000] {processor.py:186} INFO - Started process (PID=1499) to work on /opt/airflow/dags/create_mart_dag.py
[2026-06-17T16:53:30.126+0000] {processor.py:914} INFO - Processing file /opt/airflow/dags/create_mart_dag.py for tasks to queue
[2026-06-17T16:53:30.129+0000] {logging_mixin.py:190} INFO - [2026-06-17T16:53:30.128+0000] {dagbag.py:588} INFO - Filling up the DagBag from /opt/airflow/dags/create_mart_dag.py
[2026-06-17T16:53:30.154+0000] {processor.py:925} INFO - DAG(s) 'create_analytics_mart' retrieved from /opt/airflow/dags/create_mart_dag.py
[2026-06-17T16:53:30.182+0000] {logging_mixin.py:190} INFO - [2026-06-17T16:53:30.182+0000] {dag.py:3239} INFO - Sync 1 DAGs
[2026-06-17T16:53:30.198+0000] {logging_mixin.py:190} INFO - [2026-06-17T16:53:30.198+0000] {dag.py:4180} INFO - Setting next_dagrun for create_analytics_mart to None, run_after=None
[2026-06-17T16:53:30.222+0000] {processor.py:208} INFO - Processing /opt/airflow/dags/create_mart_dag.py took 0.103 seconds
[2026-06-17T16:54:00.496+0000] {processor.py:186} INFO - Started process (PID=1510) to work on /opt/airflow/dags/create_mart_dag.py
[2026-06-17T16:54:00.497+0000] {processor.py:914} INFO - Processing file /opt/airflow/dags/create_mart_dag.py for tasks to queue
[2026-06-17T16:54:00.500+0000] {logging_mixin.py:190} INFO - [2026-06-17T16:54:00.499+0000] {dagbag.py:588} INFO - Filling up the DagBag from /opt/airflow/dags/create_mart_dag.py
[2026-06-17T16:54:00.524+0000] {processor.py:925} INFO - DAG(s) 'create_analytics_mart' retrieved from /opt/airflow/dags/create_mart_dag.py
[2026-06-17T16:54:00.553+0000] {logging_mixin.py:190} INFO - [2026-06-17T16:54:00.553+0000] {dag.py:3239} INFO - Sync 1 DAGs
[2026-06-17T16:54:00.565+0000] {logging_mixin.py:190} INFO - [2026-06-17T16:54:00.565+0000] {dag.py:4180} INFO - Setting next_dagrun for create_analytics_mart to None, run_after=None
[2026-06-17T16:54:00.586+0000] {processor.py:208} INFO - Processing /opt/airflow/dags/create_mart_dag.py took 0.095 seconds
[2026-06-17T16:54:30.870+0000] {processor.py:186} INFO - Started process (PID=1521) to work on /opt/airflow/dags/create_mart_dag.py
[2026-06-17T16:54:30.871+0000] {processor.py:914} INFO - Processing file /opt/airflow/dags/create_mart_dag.py for tasks to queue
[2026-06-17T16:54:30.873+0000] {logging_mixin.py:190} INFO - [2026-06-17T16:54:30.873+0000] {dagbag.py:588} INFO - Filling up the DagBag from /opt/airflow/dags/create_mart_dag.py
[2026-06-17T16:54:30.896+0000] {processor.py:925} INFO - DAG(s) 'create_analytics_mart' retrieved from /opt/airflow/dags/create_mart_dag.py
[2026-06-17T16:54:30.918+0000] {logging_mixin.py:190} INFO - [2026-06-17T16:54:30.918+0000] {dag.py:3239} INFO - Sync 1 DAGs
[2026-06-17T16:54:30.931+0000] {logging_mixin.py:190} INFO - [2026-06-17T16:54:30.931+0000] {dag.py:4180} INFO - Setting next_dagrun for create_analytics_mart to None, run_after=None
[2026-06-17T16:54:30.956+0000] {processor.py:208} INFO - Processing /opt/airflow/dags/create_mart_dag.py took 0.091 seconds
[2026-06-17T16:55:01.235+0000] {processor.py:186} INFO - Started process (PID=1532) to work on /opt/airflow/dags/create_mart_dag.py
[2026-06-17T16:55:01.237+0000] {processor.py:914} INFO - Processing file /opt/airflow/dags/create_mart_dag.py for tasks to queue
[2026-06-17T16:55:01.240+0000] {logging_mixin.py:190} INFO - [2026-06-17T16:55:01.239+0000] {dagbag.py:588} INFO - Filling up the DagBag from /opt/airflow/dags/create_mart_dag.py
[2026-06-17T16:55:01.260+0000] {processor.py:925} INFO - DAG(s) 'create_analytics_mart' retrieved from /opt/airflow/dags/create_mart_dag.py
[2026-06-17T16:55:01.281+0000] {logging_mixin.py:190} INFO - [2026-06-17T16:55:01.281+0000] {dag.py:3239} INFO - Sync 1 DAGs
[2026-06-17T16:55:01.293+0000] {logging_mixin.py:190} INFO - [2026-06-17T16:55:01.293+0000] {dag.py:4180} INFO - Setting next_dagrun for create_analytics_mart to None, run_after=None
[2026-06-17T16:55:01.316+0000] {processor.py:208} INFO - Processing /opt/airflow/dags/create_mart_dag.py took 0.086 seconds
[2026-06-17T16:55:31.568+0000] {processor.py:186} INFO - Started process (PID=1543) to work on /opt/airflow/dags/create_mart_dag.py
[2026-06-17T16:55:31.569+0000] {processor.py:914} INFO - Processing file /opt/airflow/dags/create_mart_dag.py for tasks to queue
[2026-06-17T16:55:31.572+0000] {logging_mixin.py:190} INFO - [2026-06-17T16:55:31.571+0000] {dagbag.py:588} INFO - Filling up the DagBag from /opt/airflow/dags/create_mart_dag.py
[2026-06-17T16:55:31.589+0000] {processor.py:925} INFO - DAG(s) 'create_analytics_mart' retrieved from /opt/airflow/dags/create_mart_dag.py
[2026-06-17T16:55:31.612+0000] {logging_mixin.py:190} INFO - [2026-06-17T16:55:31.611+0000] {dag.py:3239} INFO - Sync 1 DAGs
[2026-06-17T16:55:31.624+0000] {logging_mixin.py:190} INFO - [2026-06-17T16:55:31.624+0000] {dag.py:4180} INFO - Setting next_dagrun for create_analytics_mart to None, run_after=None
[2026-06-17T16:55:31.646+0000] {processor.py:208} INFO - Processing /opt/airflow/dags/create_mart_dag.py took 0.082 seconds
[2026-06-17T16:56:01.916+0000] {processor.py:186} INFO - Started process (PID=1555) to work on /opt/airflow/dags/create_mart_dag.py
[2026-06-17T16:56:01.917+0000] {processor.py:914} INFO - Processing file /opt/airflow/dags/create_mart_dag.py for tasks to queue
[2026-06-17T16:56:01.919+0000] {logging_mixin.py:190} INFO - [2026-06-17T16:56:01.919+0000] {dagbag.py:588} INFO - Filling up the DagBag from /opt/airflow/dags/create_mart_dag.py
[2026-06-17T16:56:01.943+0000] {processor.py:925} INFO - DAG(s) 'create_analytics_mart' retrieved from /opt/airflow/dags/create_mart_dag.py
[2026-06-17T16:56:01.973+0000] {logging_mixin.py:190} INFO - [2026-06-17T16:56:01.973+0000] {dag.py:3239} INFO - Sync 1 DAGs
[2026-06-17T16:56:01.986+0000] {logging_mixin.py:190} INFO - [2026-06-17T16:56:01.986+0000] {dag.py:4180} INFO - Setting next_dagrun for create_analytics_mart to None, run_after=None
[2026-06-17T16:56:02.007+0000] {processor.py:208} INFO - Processing /opt/airflow/dags/create_mart_dag.py took 0.098 seconds
[2026-06-17T16:56:32.278+0000] {processor.py:186} INFO - Started process (PID=1566) to work on /opt/airflow/dags/create_mart_dag.py
[2026-06-17T16:56:32.280+0000] {processor.py:914} INFO - Processing file /opt/airflow/dags/create_mart_dag.py for tasks to queue
[2026-06-17T16:56:32.283+0000] {logging_mixin.py:190} INFO - [2026-06-17T16:56:32.282+0000] {dagbag.py:588} INFO - Filling up the DagBag from /opt/airflow/dags/create_mart_dag.py
[2026-06-17T16:56:32.307+0000] {processor.py:925} INFO - DAG(s) 'create_analytics_mart' retrieved from /opt/airflow/dags/create_mart_dag.py
[2026-06-17T16:56:32.329+0000] {logging_mixin.py:190} INFO - [2026-06-17T16:56:32.329+0000] {dag.py:3239} INFO - Sync 1 DAGs
[2026-06-17T16:56:32.342+0000] {logging_mixin.py:190} INFO - [2026-06-17T16:56:32.342+0000] {dag.py:4180} INFO - Setting next_dagrun for create_analytics_mart to None, run_after=None
[2026-06-17T16:56:32.362+0000] {processor.py:208} INFO - Processing /opt/airflow/dags/create_mart_dag.py took 0.090 seconds
[2026-06-17T16:57:02.549+0000] {processor.py:186} INFO - Started process (PID=1577) to work on /opt/airflow/dags/create_mart_dag.py
[2026-06-17T16:57:02.550+0000] {processor.py:914} INFO - Processing file /opt/airflow/dags/create_mart_dag.py for tasks to queue
[2026-06-17T16:57:02.553+0000] {logging_mixin.py:190} INFO - [2026-06-17T16:57:02.553+0000] {dagbag.py:588} INFO - Filling up the DagBag from /opt/airflow/dags/create_mart_dag.py
[2026-06-17T16:57:02.577+0000] {processor.py:925} INFO - DAG(s) 'create_analytics_mart' retrieved from /opt/airflow/dags/create_mart_dag.py
[2026-06-17T16:57:02.603+0000] {logging_mixin.py:190} INFO - [2026-06-17T16:57:02.603+0000] {dag.py:3239} INFO - Sync 1 DAGs
[2026-06-17T16:57:02.616+0000] {logging_mixin.py:190} INFO - [2026-06-17T16:57:02.616+0000] {dag.py:4180} INFO - Setting next_dagrun for create_analytics_mart to None, run_after=None
[2026-06-17T16:57:02.642+0000] {processor.py:208} INFO - Processing /opt/airflow/dags/create_mart_dag.py took 0.099 seconds
[2026-06-17T16:57:32.780+0000] {processor.py:186} INFO - Started process (PID=1588) to work on /opt/airflow/dags/create_mart_dag.py
[2026-06-17T16:57:32.781+0000] {processor.py:914} INFO - Processing file /opt/airflow/dags/create_mart_dag.py for tasks to queue
[2026-06-17T16:57:32.784+0000] {logging_mixin.py:190} INFO - [2026-06-17T16:57:32.783+0000] {dagbag.py:588} INFO - Filling up the DagBag from /opt/airflow/dags/create_mart_dag.py
[2026-06-17T16:57:32.808+0000] {processor.py:925} INFO - DAG(s) 'create_analytics_mart' retrieved from /opt/airflow/dags/create_mart_dag.py
[2026-06-17T16:57:32.837+0000] {logging_mixin.py:190} INFO - [2026-06-17T16:57:32.837+0000] {dag.py:3239} INFO - Sync 1 DAGs
[2026-06-17T16:57:32.850+0000] {logging_mixin.py:190} INFO - [2026-06-17T16:57:32.850+0000] {dag.py:4180} INFO - Setting next_dagrun for create_analytics_mart to None, run_after=None
[2026-06-17T16:57:32.871+0000] {processor.py:208} INFO - Processing /opt/airflow/dags/create_mart_dag.py took 0.097 seconds
[2026-06-17T16:58:03.106+0000] {processor.py:186} INFO - Started process (PID=1599) to work on /opt/airflow/dags/create_mart_dag.py
[2026-06-17T16:58:03.107+0000] {processor.py:914} INFO - Processing file /opt/airflow/dags/create_mart_dag.py for tasks to queue
[2026-06-17T16:58:03.110+0000] {logging_mixin.py:190} INFO - [2026-06-17T16:58:03.109+0000] {dagbag.py:588} INFO - Filling up the DagBag from /opt/airflow/dags/create_mart_dag.py
[2026-06-17T16:58:03.127+0000] {processor.py:925} INFO - DAG(s) 'create_analytics_mart' retrieved from /opt/airflow/dags/create_mart_dag.py
[2026-06-17T16:58:03.149+0000] {logging_mixin.py:190} INFO - [2026-06-17T16:58:03.148+0000] {dag.py:3239} INFO - Sync 1 DAGs
[2026-06-17T16:58:03.161+0000] {logging_mixin.py:190} INFO - [2026-06-17T16:58:03.161+0000] {dag.py:4180} INFO - Setting next_dagrun for create_analytics_mart to None, run_after=None
[2026-06-17T16:58:03.182+0000] {processor.py:208} INFO - Processing /opt/airflow/dags/create_mart_dag.py took 0.082 seconds
[2026-06-17T16:58:33.462+0000] {processor.py:186} INFO - Started process (PID=1610) to work on /opt/airflow/dags/create_mart_dag.py
[2026-06-17T16:58:33.463+0000] {processor.py:914} INFO - Processing file /opt/airflow/dags/create_mart_dag.py for tasks to queue
[2026-06-17T16:58:33.465+0000] {logging_mixin.py:190} INFO - [2026-06-17T16:58:33.465+0000] {dagbag.py:588} INFO - Filling up the DagBag from /opt/airflow/dags/create_mart_dag.py
[2026-06-17T16:58:33.487+0000] {processor.py:925} INFO - DAG(s) 'create_analytics_mart' retrieved from /opt/airflow/dags/create_mart_dag.py
[2026-06-17T16:58:33.514+0000] {logging_mixin.py:190} INFO - [2026-06-17T16:58:33.514+0000] {dag.py:3239} INFO - Sync 1 DAGs
[2026-06-17T16:58:33.527+0000] {logging_mixin.py:190} INFO - [2026-06-17T16:58:33.527+0000] {dag.py:4180} INFO - Setting next_dagrun for create_analytics_mart to None, run_after=None
[2026-06-17T16:58:33.548+0000] {processor.py:208} INFO - Processing /opt/airflow/dags/create_mart_dag.py took 0.092 seconds
[2026-06-17T16:59:03.840+0000] {processor.py:186} INFO - Started process (PID=1621) to work on /opt/airflow/dags/create_mart_dag.py
[2026-06-17T16:59:03.842+0000] {processor.py:914} INFO - Processing file /opt/airflow/dags/create_mart_dag.py for tasks to queue
[2026-06-17T16:59:03.845+0000] {logging_mixin.py:190} INFO - [2026-06-17T16:59:03.844+0000] {dagbag.py:588} INFO - Filling up the DagBag from /opt/airflow/dags/create_mart_dag.py
[2026-06-17T16:59:03.881+0000] {processor.py:925} INFO - DAG(s) 'create_analytics_mart' retrieved from /opt/airflow/dags/create_mart_dag.py
[2026-06-17T16:59:03.906+0000] {logging_mixin.py:190} INFO - [2026-06-17T16:59:03.906+0000] {dag.py:3239} INFO - Sync 1 DAGs
[2026-06-17T16:59:03.920+0000] {logging_mixin.py:190} INFO - [2026-06-17T16:59:03.920+0000] {dag.py:4180} INFO - Setting next_dagrun for create_analytics_mart to None, run_after=None
[2026-06-17T16:59:03.946+0000] {processor.py:208} INFO - Processing /opt/airflow/dags/create_mart_dag.py took 0.111 seconds
[2026-06-17T16:59:34.229+0000] {processor.py:186} INFO - Started process (PID=1632) to work on /opt/airflow/dags/create_mart_dag.py
[2026-06-17T16:59:34.230+0000] {processor.py:914} INFO - Processing file /opt/airflow/dags/create_mart_dag.py for tasks to queue
[2026-06-17T16:59:34.233+0000] {logging_mixin.py:190} INFO - [2026-06-17T16:59:34.232+0000] {dagbag.py:588} INFO - Filling up the DagBag from /opt/airflow/dags/create_mart_dag.py
[2026-06-17T16:59:34.250+0000] {processor.py:925} INFO - DAG(s) 'create_analytics_mart' retrieved from /opt/airflow/dags/create_mart_dag.py
[2026-06-17T16:59:34.272+0000] {logging_mixin.py:190} INFO - [2026-06-17T16:59:34.272+0000] {dag.py:3239} INFO - Sync 1 DAGs
[2026-06-17T16:59:34.285+0000] {logging_mixin.py:190} INFO - [2026-06-17T16:59:34.285+0000] {dag.py:4180} INFO - Setting next_dagrun for create_analytics_mart to None, run_after=None
[2026-06-17T16:59:34.307+0000] {processor.py:208} INFO - Processing /opt/airflow/dags/create_mart_dag.py took 0.083 seconds
[2026-06-17T17:00:04.657+0000] {processor.py:186} INFO - Started process (PID=1642) to work on /opt/airflow/dags/create_mart_dag.py
[2026-06-17T17:00:04.658+0000] {processor.py:914} INFO - Processing file /opt/airflow/dags/create_mart_dag.py for tasks to queue
[2026-06-17T17:00:04.660+0000] {logging_mixin.py:190} INFO - [2026-06-17T17:00:04.660+0000] {dagbag.py:588} INFO - Filling up the DagBag from /opt/airflow/dags/create_mart_dag.py
[2026-06-17T17:00:04.681+0000] {processor.py:925} INFO - DAG(s) 'create_analytics_mart' retrieved from /opt/airflow/dags/create_mart_dag.py
[2026-06-17T17:00:04.705+0000] {logging_mixin.py:190} INFO - [2026-06-17T17:00:04.705+0000] {dag.py:3239} INFO - Sync 1 DAGs
[2026-06-17T17:00:04.720+0000] {logging_mixin.py:190} INFO - [2026-06-17T17:00:04.719+0000] {dag.py:4180} INFO - Setting next_dagrun for create_analytics_mart to None, run_after=None
[2026-06-17T17:00:04.744+0000] {processor.py:208} INFO - Processing /opt/airflow/dags/create_mart_dag.py took 0.092 seconds
[2026-06-17T17:00:34.981+0000] {processor.py:186} INFO - Started process (PID=1653) to work on /opt/airflow/dags/create_mart_dag.py
[2026-06-17T17:00:34.982+0000] {processor.py:914} INFO - Processing file /opt/airflow/dags/create_mart_dag.py for tasks to queue
[2026-06-17T17:00:34.986+0000] {logging_mixin.py:190} INFO - [2026-06-17T17:00:34.985+0000] {dagbag.py:588} INFO - Filling up the DagBag from /opt/airflow/dags/create_mart_dag.py
[2026-06-17T17:00:35.019+0000] {processor.py:925} INFO - DAG(s) 'create_analytics_mart' retrieved from /opt/airflow/dags/create_mart_dag.py
[2026-06-17T17:00:35.051+0000] {logging_mixin.py:190} INFO - [2026-06-17T17:00:35.050+0000] {dag.py:3239} INFO - Sync 1 DAGs
[2026-06-17T17:00:35.066+0000] {logging_mixin.py:190} INFO - [2026-06-17T17:00:35.066+0000] {dag.py:4180} INFO - Setting next_dagrun for create_analytics_mart to None, run_after=None
[2026-06-17T17:00:35.091+0000] {processor.py:208} INFO - Processing /opt/airflow/dags/create_mart_dag.py took 0.116 seconds
[2026-06-17T17:01:05.241+0000] {processor.py:186} INFO - Started process (PID=1664) to work on /opt/airflow/dags/create_mart_dag.py
[2026-06-17T17:01:05.242+0000] {processor.py:914} INFO - Processing file /opt/airflow/dags/create_mart_dag.py for tasks to queue
[2026-06-17T17:01:05.245+0000] {logging_mixin.py:190} INFO - [2026-06-17T17:01:05.245+0000] {dagbag.py:588} INFO - Filling up the DagBag from /opt/airflow/dags/create_mart_dag.py
[2026-06-17T17:01:05.279+0000] {processor.py:925} INFO - DAG(s) 'create_analytics_mart' retrieved from /opt/airflow/dags/create_mart_dag.py
[2026-06-17T17:01:05.307+0000] {logging_mixin.py:190} INFO - [2026-06-17T17:01:05.307+0000] {dag.py:3239} INFO - Sync 1 DAGs
[2026-06-17T17:01:05.324+0000] {logging_mixin.py:190} INFO - [2026-06-17T17:01:05.324+0000] {dag.py:4180} INFO - Setting next_dagrun for create_analytics_mart to None, run_after=None
[2026-06-17T17:01:05.343+0000] {processor.py:208} INFO - Processing /opt/airflow/dags/create_mart_dag.py took 0.109 seconds
[2026-06-17T17:01:35.621+0000] {processor.py:186} INFO - Started process (PID=1675) to work on /opt/airflow/dags/create_mart_dag.py
[2026-06-17T17:01:35.623+0000] {processor.py:914} INFO - Processing file /opt/airflow/dags/create_mart_dag.py for tasks to queue
[2026-06-17T17:01:35.625+0000] {logging_mixin.py:190} INFO - [2026-06-17T17:01:35.625+0000] {dagbag.py:588} INFO - Filling up the DagBag from /opt/airflow/dags/create_mart_dag.py
[2026-06-17T17:01:35.654+0000] {processor.py:925} INFO - DAG(s) 'create_analytics_mart' retrieved from /opt/airflow/dags/create_mart_dag.py
[2026-06-17T17:01:35.688+0000] {logging_mixin.py:190} INFO - [2026-06-17T17:01:35.687+0000] {dag.py:3239} INFO - Sync 1 DAGs
[2026-06-17T17:01:35.704+0000] {logging_mixin.py:190} INFO - [2026-06-17T17:01:35.704+0000] {dag.py:4180} INFO - Setting next_dagrun for create_analytics_mart to None, run_after=None
[2026-06-17T17:01:35.728+0000] {processor.py:208} INFO - Processing /opt/airflow/dags/create_mart_dag.py took 0.112 seconds
[2026-06-17T17:02:05.917+0000] {processor.py:186} INFO - Started process (PID=1686) to work on /opt/airflow/dags/create_mart_dag.py
[2026-06-17T17:02:05.918+0000] {processor.py:914} INFO - Processing file /opt/airflow/dags/create_mart_dag.py for tasks to queue
[2026-06-17T17:02:05.921+0000] {logging_mixin.py:190} INFO - [2026-06-17T17:02:05.921+0000] {dagbag.py:588} INFO - Filling up the DagBag from /opt/airflow/dags/create_mart_dag.py
[2026-06-17T17:02:05.966+0000] {processor.py:925} INFO - DAG(s) 'create_analytics_mart' retrieved from /opt/airflow/dags/create_mart_dag.py
[2026-06-17T17:02:06.002+0000] {logging_mixin.py:190} INFO - [2026-06-17T17:02:06.002+0000] {dag.py:3239} INFO - Sync 1 DAGs
[2026-06-17T17:02:06.016+0000] {logging_mixin.py:190} INFO - [2026-06-17T17:02:06.016+0000] {dag.py:4180} INFO - Setting next_dagrun for create_analytics_mart to None, run_after=None
[2026-06-17T17:02:06.040+0000] {processor.py:208} INFO - Processing /opt/airflow/dags/create_mart_dag.py took 0.129 seconds
[2026-06-17T17:02:36.285+0000] {processor.py:186} INFO - Started process (PID=1697) to work on /opt/airflow/dags/create_mart_dag.py
[2026-06-17T17:02:36.286+0000] {processor.py:914} INFO - Processing file /opt/airflow/dags/create_mart_dag.py for tasks to queue
[2026-06-17T17:02:36.288+0000] {logging_mixin.py:190} INFO - [2026-06-17T17:02:36.288+0000] {dagbag.py:588} INFO - Filling up the DagBag from /opt/airflow/dags/create_mart_dag.py
[2026-06-17T17:02:36.305+0000] {processor.py:925} INFO - DAG(s) 'create_analytics_mart' retrieved from /opt/airflow/dags/create_mart_dag.py
[2026-06-17T17:02:36.328+0000] {logging_mixin.py:190} INFO - [2026-06-17T17:02:36.328+0000] {dag.py:3239} INFO - Sync 1 DAGs
[2026-06-17T17:02:36.344+0000] {logging_mixin.py:190} INFO - [2026-06-17T17:02:36.344+0000] {dag.py:4180} INFO - Setting next_dagrun for create_analytics_mart to None, run_after=None
[2026-06-17T17:02:36.365+0000] {processor.py:208} INFO - Processing /opt/airflow/dags/create_mart_dag.py took 0.085 seconds
[2026-06-17T17:03:06.642+0000] {processor.py:186} INFO - Started process (PID=1708) to work on /opt/airflow/dags/create_mart_dag.py
[2026-06-17T17:03:06.643+0000] {processor.py:914} INFO - Processing file /opt/airflow/dags/create_mart_dag.py for tasks to queue
[2026-06-17T17:03:06.647+0000] {logging_mixin.py:190} INFO - [2026-06-17T17:03:06.646+0000] {dagbag.py:588} INFO - Filling up the DagBag from /opt/airflow/dags/create_mart_dag.py
[2026-06-17T17:03:06.680+0000] {processor.py:925} INFO - DAG(s) 'create_analytics_mart' retrieved from /opt/airflow/dags/create_mart_dag.py
[2026-06-17T17:03:06.706+0000] {logging_mixin.py:190} INFO - [2026-06-17T17:03:06.706+0000] {dag.py:3239} INFO - Sync 1 DAGs
[2026-06-17T17:03:06.720+0000] {logging_mixin.py:190} INFO - [2026-06-17T17:03:06.720+0000] {dag.py:4180} INFO - Setting next_dagrun for create_analytics_mart to None, run_after=None
[2026-06-17T17:03:06.743+0000] {processor.py:208} INFO - Processing /opt/airflow/dags/create_mart_dag.py took 0.107 seconds
[2026-06-17T17:03:36.922+0000] {processor.py:186} INFO - Started process (PID=1720) to work on /opt/airflow/dags/create_mart_dag.py
[2026-06-17T17:03:36.923+0000] {processor.py:914} INFO - Processing file /opt/airflow/dags/create_mart_dag.py for tasks to queue
[2026-06-17T17:03:36.925+0000] {logging_mixin.py:190} INFO - [2026-06-17T17:03:36.925+0000] {dagbag.py:588} INFO - Filling up the DagBag from /opt/airflow/dags/create_mart_dag.py
[2026-06-17T17:03:36.954+0000] {processor.py:925} INFO - DAG(s) 'create_analytics_mart' retrieved from /opt/airflow/dags/create_mart_dag.py
[2026-06-17T17:03:36.977+0000] {logging_mixin.py:190} INFO - [2026-06-17T17:03:36.976+0000] {dag.py:3239} INFO - Sync 1 DAGs
[2026-06-17T17:03:36.991+0000] {logging_mixin.py:190} INFO - [2026-06-17T17:03:36.991+0000] {dag.py:4180} INFO - Setting next_dagrun for create_analytics_mart to None, run_after=None
[2026-06-17T17:03:37.014+0000] {processor.py:208} INFO - Processing /opt/airflow/dags/create_mart_dag.py took 0.098 seconds
[2026-06-17T17:04:07.266+0000] {processor.py:186} INFO - Started process (PID=1731) to work on /opt/airflow/dags/create_mart_dag.py
[2026-06-17T17:04:07.267+0000] {processor.py:914} INFO - Processing file /opt/airflow/dags/create_mart_dag.py for tasks to queue
[2026-06-17T17:04:07.269+0000] {logging_mixin.py:190} INFO - [2026-06-17T17:04:07.269+0000] {dagbag.py:588} INFO - Filling up the DagBag from /opt/airflow/dags/create_mart_dag.py
[2026-06-17T17:04:07.294+0000] {processor.py:925} INFO - DAG(s) 'create_analytics_mart' retrieved from /opt/airflow/dags/create_mart_dag.py
[2026-06-17T17:04:07.325+0000] {logging_mixin.py:190} INFO - [2026-06-17T17:04:07.324+0000] {dag.py:3239} INFO - Sync 1 DAGs
[2026-06-17T17:04:07.340+0000] {logging_mixin.py:190} INFO - [2026-06-17T17:04:07.339+0000] {dag.py:4180} INFO - Setting next_dagrun for create_analytics_mart to None, run_after=None
[2026-06-17T17:04:07.362+0000] {processor.py:208} INFO - Processing /opt/airflow/dags/create_mart_dag.py took 0.102 seconds
[2026-06-17T17:04:37.690+0000] {processor.py:186} INFO - Started process (PID=1742) to work on /opt/airflow/dags/create_mart_dag.py
[2026-06-17T17:04:37.691+0000] {processor.py:914} INFO - Processing file /opt/airflow/dags/create_mart_dag.py for tasks to queue
[2026-06-17T17:04:37.693+0000] {logging_mixin.py:190} INFO - [2026-06-17T17:04:37.693+0000] {dagbag.py:588} INFO - Filling up the DagBag from /opt/airflow/dags/create_mart_dag.py
[2026-06-17T17:04:37.724+0000] {processor.py:925} INFO - DAG(s) 'create_analytics_mart' retrieved from /opt/airflow/dags/create_mart_dag.py
[2026-06-17T17:04:37.750+0000] {logging_mixin.py:190} INFO - [2026-06-17T17:04:37.749+0000] {dag.py:3239} INFO - Sync 1 DAGs
[2026-06-17T17:04:37.762+0000] {logging_mixin.py:190} INFO - [2026-06-17T17:04:37.762+0000] {dag.py:4180} INFO - Setting next_dagrun for create_analytics_mart to None, run_after=None
[2026-06-17T17:04:37.784+0000] {processor.py:208} INFO - Processing /opt/airflow/dags/create_mart_dag.py took 0.100 seconds
[2026-06-17T17:05:07.991+0000] {processor.py:186} INFO - Started process (PID=1753) to work on /opt/airflow/dags/create_mart_dag.py
[2026-06-17T17:05:07.992+0000] {processor.py:914} INFO - Processing file /opt/airflow/dags/create_mart_dag.py for tasks to queue
[2026-06-17T17:05:07.995+0000] {logging_mixin.py:190} INFO - [2026-06-17T17:05:07.994+0000] {dagbag.py:588} INFO - Filling up the DagBag from /opt/airflow/dags/create_mart_dag.py
[2026-06-17T17:05:08.028+0000] {processor.py:925} INFO - DAG(s) 'create_analytics_mart' retrieved from /opt/airflow/dags/create_mart_dag.py
[2026-06-17T17:05:08.055+0000] {logging_mixin.py:190} INFO - [2026-06-17T17:05:08.055+0000] {dag.py:3239} INFO - Sync 1 DAGs
[2026-06-17T17:05:08.069+0000] {logging_mixin.py:190} INFO - [2026-06-17T17:05:08.068+0000] {dag.py:4180} INFO - Setting next_dagrun for create_analytics_mart to None, run_after=None
[2026-06-17T17:05:08.091+0000] {processor.py:208} INFO - Processing /opt/airflow/dags/create_mart_dag.py took 0.106 seconds
[2026-06-17T17:05:38.432+0000] {processor.py:186} INFO - Started process (PID=1764) to work on /opt/airflow/dags/create_mart_dag.py
[2026-06-17T17:05:38.433+0000] {processor.py:914} INFO - Processing file /opt/airflow/dags/create_mart_dag.py for tasks to queue
[2026-06-17T17:05:38.435+0000] {logging_mixin.py:190} INFO - [2026-06-17T17:05:38.435+0000] {dagbag.py:588} INFO - Filling up the DagBag from /opt/airflow/dags/create_mart_dag.py
[2026-06-17T17:05:38.454+0000] {processor.py:925} INFO - DAG(s) 'create_analytics_mart' retrieved from /opt/airflow/dags/create_mart_dag.py
[2026-06-17T17:05:38.477+0000] {logging_mixin.py:190} INFO - [2026-06-17T17:05:38.477+0000] {dag.py:3239} INFO - Sync 1 DAGs
[2026-06-17T17:05:38.489+0000] {logging_mixin.py:190} INFO - [2026-06-17T17:05:38.489+0000] {dag.py:4180} INFO - Setting next_dagrun for create_analytics_mart to None, run_after=None
[2026-06-17T17:05:38.511+0000] {processor.py:208} INFO - Processing /opt/airflow/dags/create_mart_dag.py took 0.083 seconds
[2026-06-17T17:06:08.823+0000] {processor.py:186} INFO - Started process (PID=1775) to work on /opt/airflow/dags/create_mart_dag.py
[2026-06-17T17:06:08.825+0000] {processor.py:914} INFO - Processing file /opt/airflow/dags/create_mart_dag.py for tasks to queue
[2026-06-17T17:06:08.827+0000] {logging_mixin.py:190} INFO - [2026-06-17T17:06:08.827+0000] {dagbag.py:588} INFO - Filling up the DagBag from /opt/airflow/dags/create_mart_dag.py
[2026-06-17T17:06:08.857+0000] {processor.py:925} INFO - DAG(s) 'create_analytics_mart' retrieved from /opt/airflow/dags/create_mart_dag.py
[2026-06-17T17:06:08.886+0000] {logging_mixin.py:190} INFO - [2026-06-17T17:06:08.885+0000] {dag.py:3239} INFO - Sync 1 DAGs
[2026-06-17T17:06:08.899+0000] {logging_mixin.py:190} INFO - [2026-06-17T17:06:08.899+0000] {dag.py:4180} INFO - Setting next_dagrun for create_analytics_mart to None, run_after=None
[2026-06-17T17:06:08.920+0000] {processor.py:208} INFO - Processing /opt/airflow/dags/create_mart_dag.py took 0.105 seconds
[2026-06-17T17:06:39.196+0000] {processor.py:186} INFO - Started process (PID=1786) to work on /opt/airflow/dags/create_mart_dag.py
[2026-06-17T17:06:39.197+0000] {processor.py:914} INFO - Processing file /opt/airflow/dags/create_mart_dag.py for tasks to queue
[2026-06-17T17:06:39.199+0000] {logging_mixin.py:190} INFO - [2026-06-17T17:06:39.199+0000] {dagbag.py:588} INFO - Filling up the DagBag from /opt/airflow/dags/create_mart_dag.py
[2026-06-17T17:06:39.219+0000] {processor.py:925} INFO - DAG(s) 'create_analytics_mart' retrieved from /opt/airflow/dags/create_mart_dag.py
[2026-06-17T17:06:39.242+0000] {logging_mixin.py:190} INFO - [2026-06-17T17:06:39.242+0000] {dag.py:3239} INFO - Sync 1 DAGs
[2026-06-17T17:06:39.254+0000] {logging_mixin.py:190} INFO - [2026-06-17T17:06:39.254+0000] {dag.py:4180} INFO - Setting next_dagrun for create_analytics_mart to None, run_after=None
[2026-06-17T17:06:39.277+0000] {processor.py:208} INFO - Processing /opt/airflow/dags/create_mart_dag.py took 0.086 seconds
[2026-06-17T17:07:09.540+0000] {processor.py:186} INFO - Started process (PID=1797) to work on /opt/airflow/dags/create_mart_dag.py
[2026-06-17T17:07:09.542+0000] {processor.py:914} INFO - Processing file /opt/airflow/dags/create_mart_dag.py for tasks to queue
[2026-06-17T17:07:09.544+0000] {logging_mixin.py:190} INFO - [2026-06-17T17:07:09.544+0000] {dagbag.py:588} INFO - Filling up the DagBag from /opt/airflow/dags/create_mart_dag.py
[2026-06-17T17:07:09.565+0000] {processor.py:925} INFO - DAG(s) 'create_analytics_mart' retrieved from /opt/airflow/dags/create_mart_dag.py
[2026-06-17T17:07:09.588+0000] {logging_mixin.py:190} INFO - [2026-06-17T17:07:09.587+0000] {dag.py:3239} INFO - Sync 1 DAGs
[2026-06-17T17:07:09.601+0000] {logging_mixin.py:190} INFO - [2026-06-17T17:07:09.601+0000] {dag.py:4180} INFO - Setting next_dagrun for create_analytics_mart to None, run_after=None
[2026-06-17T17:07:09.625+0000] {processor.py:208} INFO - Processing /opt/airflow/dags/create_mart_dag.py took 0.091 seconds
[2026-06-17T17:07:39.801+0000] {processor.py:186} INFO - Started process (PID=1808) to work on /opt/airflow/dags/create_mart_dag.py
[2026-06-17T17:07:39.803+0000] {processor.py:914} INFO - Processing file /opt/airflow/dags/create_mart_dag.py for tasks to queue
[2026-06-17T17:07:39.807+0000] {logging_mixin.py:190} INFO - [2026-06-17T17:07:39.806+0000] {dagbag.py:588} INFO - Filling up the DagBag from /opt/airflow/dags/create_mart_dag.py
[2026-06-17T17:07:39.837+0000] {processor.py:925} INFO - DAG(s) 'create_analytics_mart' retrieved from /opt/airflow/dags/create_mart_dag.py
[2026-06-17T17:07:39.865+0000] {logging_mixin.py:190} INFO - [2026-06-17T17:07:39.865+0000] {dag.py:3239} INFO - Sync 1 DAGs
[2026-06-17T17:07:39.880+0000] {logging_mixin.py:190} INFO - [2026-06-17T17:07:39.880+0000] {dag.py:4180} INFO - Setting next_dagrun for create_analytics_mart to None, run_after=None
[2026-06-17T17:07:39.900+0000] {processor.py:208} INFO - Processing /opt/airflow/dags/create_mart_dag.py took 0.110 seconds
[2026-06-17T17:08:10.116+0000] {processor.py:186} INFO - Started process (PID=1819) to work on /opt/airflow/dags/create_mart_dag.py
[2026-06-17T17:08:10.117+0000] {processor.py:914} INFO - Processing file /opt/airflow/dags/create_mart_dag.py for tasks to queue
[2026-06-17T17:08:10.121+0000] {logging_mixin.py:190} INFO - [2026-06-17T17:08:10.120+0000] {dagbag.py:588} INFO - Filling up the DagBag from /opt/airflow/dags/create_mart_dag.py
[2026-06-17T17:08:10.142+0000] {processor.py:925} INFO - DAG(s) 'create_analytics_mart' retrieved from /opt/airflow/dags/create_mart_dag.py
[2026-06-17T17:08:10.167+0000] {logging_mixin.py:190} INFO - [2026-06-17T17:08:10.167+0000] {dag.py:3239} INFO - Sync 1 DAGs
[2026-06-17T17:08:10.182+0000] {logging_mixin.py:190} INFO - [2026-06-17T17:08:10.181+0000] {dag.py:4180} INFO - Setting next_dagrun for create_analytics_mart to None, run_after=None
[2026-06-17T17:08:10.206+0000] {processor.py:208} INFO - Processing /opt/airflow/dags/create_mart_dag.py took 0.095 seconds
[2026-06-17T17:08:40.612+0000] {processor.py:186} INFO - Started process (PID=1830) to work on /opt/airflow/dags/create_mart_dag.py
[2026-06-17T17:08:40.613+0000] {processor.py:914} INFO - Processing file /opt/airflow/dags/create_mart_dag.py for tasks to queue
[2026-06-17T17:08:40.616+0000] {logging_mixin.py:190} INFO - [2026-06-17T17:08:40.615+0000] {dagbag.py:588} INFO - Filling up the DagBag from /opt/airflow/dags/create_mart_dag.py
[2026-06-17T17:08:40.638+0000] {processor.py:925} INFO - DAG(s) 'create_analytics_mart' retrieved from /opt/airflow/dags/create_mart_dag.py
[2026-06-17T17:08:40.666+0000] {logging_mixin.py:190} INFO - [2026-06-17T17:08:40.666+0000] {dag.py:3239} INFO - Sync 1 DAGs
[2026-06-17T17:08:40.680+0000] {logging_mixin.py:190} INFO - [2026-06-17T17:08:40.679+0000] {dag.py:4180} INFO - Setting next_dagrun for create_analytics_mart to None, run_after=None
[2026-06-17T17:08:40.701+0000] {processor.py:208} INFO - Processing /opt/airflow/dags/create_mart_dag.py took 0.096 seconds
[2026-06-17T17:09:10.994+0000] {processor.py:186} INFO - Started process (PID=1841) to work on /opt/airflow/dags/create_mart_dag.py
[2026-06-17T17:09:10.995+0000] {processor.py:914} INFO - Processing file /opt/airflow/dags/create_mart_dag.py for tasks to queue
[2026-06-17T17:09:10.997+0000] {logging_mixin.py:190} INFO - [2026-06-17T17:09:10.997+0000] {dagbag.py:588} INFO - Filling up the DagBag from /opt/airflow/dags/create_mart_dag.py
[2026-06-17T17:09:11.028+0000] {processor.py:925} INFO - DAG(s) 'create_analytics_mart' retrieved from /opt/airflow/dags/create_mart_dag.py
[2026-06-17T17:09:11.049+0000] {logging_mixin.py:190} INFO - [2026-06-17T17:09:11.049+0000] {dag.py:3239} INFO - Sync 1 DAGs
[2026-06-17T17:09:11.063+0000] {logging_mixin.py:190} INFO - [2026-06-17T17:09:11.063+0000] {dag.py:4180} INFO - Setting next_dagrun for create_analytics_mart to None, run_after=None
[2026-06-17T17:09:11.084+0000] {processor.py:208} INFO - Processing /opt/airflow/dags/create_mart_dag.py took 0.096 seconds
[2026-06-17T17:09:41.340+0000] {processor.py:186} INFO - Started process (PID=1852) to work on /opt/airflow/dags/create_mart_dag.py
[2026-06-17T17:09:41.341+0000] {processor.py:914} INFO - Processing file /opt/airflow/dags/create_mart_dag.py for tasks to queue
[2026-06-17T17:09:41.344+0000] {logging_mixin.py:190} INFO - [2026-06-17T17:09:41.343+0000] {dagbag.py:588} INFO - Filling up the DagBag from /opt/airflow/dags/create_mart_dag.py
[2026-06-17T17:09:41.376+0000] {processor.py:925} INFO - DAG(s) 'create_analytics_mart' retrieved from /opt/airflow/dags/create_mart_dag.py
[2026-06-17T17:09:41.404+0000] {logging_mixin.py:190} INFO - [2026-06-17T17:09:41.404+0000] {dag.py:3239} INFO - Sync 1 DAGs
[2026-06-17T17:09:41.418+0000] {logging_mixin.py:190} INFO - [2026-06-17T17:09:41.418+0000] {dag.py:4180} INFO - Setting next_dagrun for create_analytics_mart to None, run_after=None
[2026-06-17T17:09:41.440+0000] {processor.py:208} INFO - Processing /opt/airflow/dags/create_mart_dag.py took 0.108 seconds
[2026-06-17T17:10:11.640+0000] {processor.py:186} INFO - Started process (PID=1863) to work on /opt/airflow/dags/create_mart_dag.py
[2026-06-17T17:10:11.641+0000] {processor.py:914} INFO - Processing file /opt/airflow/dags/create_mart_dag.py for tasks to queue
[2026-06-17T17:10:11.643+0000] {logging_mixin.py:190} INFO - [2026-06-17T17:10:11.643+0000] {dagbag.py:588} INFO - Filling up the DagBag from /opt/airflow/dags/create_mart_dag.py
[2026-06-17T17:10:11.664+0000] {processor.py:925} INFO - DAG(s) 'create_analytics_mart' retrieved from /opt/airflow/dags/create_mart_dag.py
[2026-06-17T17:10:11.688+0000] {logging_mixin.py:190} INFO - [2026-06-17T17:10:11.688+0000] {dag.py:3239} INFO - Sync 1 DAGs
[2026-06-17T17:10:11.701+0000] {logging_mixin.py:190} INFO - [2026-06-17T17:10:11.701+0000] {dag.py:4180} INFO - Setting next_dagrun for create_analytics_mart to None, run_after=None
[2026-06-17T17:10:11.723+0000] {processor.py:208} INFO - Processing /opt/airflow/dags/create_mart_dag.py took 0.089 seconds
[2026-06-17T17:10:41.956+0000] {processor.py:186} INFO - Started process (PID=1880) to work on /opt/airflow/dags/create_mart_dag.py
[2026-06-17T17:10:41.957+0000] {processor.py:914} INFO - Processing file /opt/airflow/dags/create_mart_dag.py for tasks to queue
[2026-06-17T17:10:41.960+0000] {logging_mixin.py:190} INFO - [2026-06-17T17:10:41.959+0000] {dagbag.py:588} INFO - Filling up the DagBag from /opt/airflow/dags/create_mart_dag.py
[2026-06-17T17:10:41.984+0000] {processor.py:925} INFO - DAG(s) 'create_analytics_mart' retrieved from /opt/airflow/dags/create_mart_dag.py
[2026-06-17T17:10:42.007+0000] {logging_mixin.py:190} INFO - [2026-06-17T17:10:42.007+0000] {dag.py:3239} INFO - Sync 1 DAGs
[2026-06-17T17:10:42.022+0000] {logging_mixin.py:190} INFO - [2026-06-17T17:10:42.021+0000] {dag.py:4180} INFO - Setting next_dagrun for create_analytics_mart to None, run_after=None
[2026-06-17T17:10:42.045+0000] {processor.py:208} INFO - Processing /opt/airflow/dags/create_mart_dag.py took 0.095 seconds
[2026-06-17T17:11:12.274+0000] {processor.py:186} INFO - Started process (PID=1891) to work on /opt/airflow/dags/create_mart_dag.py
[2026-06-17T17:11:12.275+0000] {processor.py:914} INFO - Processing file /opt/airflow/dags/create_mart_dag.py for tasks to queue
[2026-06-17T17:11:12.277+0000] {logging_mixin.py:190} INFO - [2026-06-17T17:11:12.277+0000] {dagbag.py:588} INFO - Filling up the DagBag from /opt/airflow/dags/create_mart_dag.py
[2026-06-17T17:11:12.297+0000] {processor.py:925} INFO - DAG(s) 'create_analytics_mart' retrieved from /opt/airflow/dags/create_mart_dag.py
[2026-06-17T17:11:12.320+0000] {logging_mixin.py:190} INFO - [2026-06-17T17:11:12.320+0000] {dag.py:3239} INFO - Sync 1 DAGs
[2026-06-17T17:11:12.334+0000] {logging_mixin.py:190} INFO - [2026-06-17T17:11:12.333+0000] {dag.py:4180} INFO - Setting next_dagrun for create_analytics_mart to None, run_after=None
[2026-06-17T17:11:12.352+0000] {processor.py:208} INFO - Processing /opt/airflow/dags/create_mart_dag.py took 0.084 seconds
[2026-06-17T17:11:42.662+0000] {processor.py:186} INFO - Started process (PID=1902) to work on /opt/airflow/dags/create_mart_dag.py
[2026-06-17T17:11:42.663+0000] {processor.py:914} INFO - Processing file /opt/airflow/dags/create_mart_dag.py for tasks to queue
[2026-06-17T17:11:42.666+0000] {logging_mixin.py:190} INFO - [2026-06-17T17:11:42.665+0000] {dagbag.py:588} INFO - Filling up the DagBag from /opt/airflow/dags/create_mart_dag.py
[2026-06-17T17:11:42.683+0000] {processor.py:925} INFO - DAG(s) 'create_analytics_mart' retrieved from /opt/airflow/dags/create_mart_dag.py
[2026-06-17T17:11:42.706+0000] {logging_mixin.py:190} INFO - [2026-06-17T17:11:42.705+0000] {dag.py:3239} INFO - Sync 1 DAGs
[2026-06-17T17:11:42.719+0000] {logging_mixin.py:190} INFO - [2026-06-17T17:11:42.719+0000] {dag.py:4180} INFO - Setting next_dagrun for create_analytics_mart to None, run_after=None
[2026-06-17T17:11:42.739+0000] {processor.py:208} INFO - Processing /opt/airflow/dags/create_mart_dag.py took 0.083 seconds
[2026-06-17T17:12:13.042+0000] {processor.py:186} INFO - Started process (PID=1914) to work on /opt/airflow/dags/create_mart_dag.py
[2026-06-17T17:12:13.043+0000] {processor.py:914} INFO - Processing file /opt/airflow/dags/create_mart_dag.py for tasks to queue
[2026-06-17T17:12:13.045+0000] {logging_mixin.py:190} INFO - [2026-06-17T17:12:13.045+0000] {dagbag.py:588} INFO - Filling up the DagBag from /opt/airflow/dags/create_mart_dag.py
[2026-06-17T17:12:13.067+0000] {processor.py:925} INFO - DAG(s) 'create_analytics_mart' retrieved from /opt/airflow/dags/create_mart_dag.py
[2026-06-17T17:12:13.089+0000] {logging_mixin.py:190} INFO - [2026-06-17T17:12:13.089+0000] {dag.py:3239} INFO - Sync 1 DAGs
[2026-06-17T17:12:13.103+0000] {logging_mixin.py:190} INFO - [2026-06-17T17:12:13.103+0000] {dag.py:4180} INFO - Setting next_dagrun for create_analytics_mart to None, run_after=None
[2026-06-17T17:12:13.127+0000] {processor.py:208} INFO - Processing /opt/airflow/dags/create_mart_dag.py took 0.091 seconds
[2026-06-17T17:12:43.368+0000] {processor.py:186} INFO - Started process (PID=1925) to work on /opt/airflow/dags/create_mart_dag.py
[2026-06-17T17:12:43.369+0000] {processor.py:914} INFO - Processing file /opt/airflow/dags/create_mart_dag.py for tasks to queue
[2026-06-17T17:12:43.372+0000] {logging_mixin.py:190} INFO - [2026-06-17T17:12:43.372+0000] {dagbag.py:588} INFO - Filling up the DagBag from /opt/airflow/dags/create_mart_dag.py
[2026-06-17T17:12:43.402+0000] {processor.py:925} INFO - DAG(s) 'create_analytics_mart' retrieved from /opt/airflow/dags/create_mart_dag.py
[2026-06-17T17:12:43.425+0000] {logging_mixin.py:190} INFO - [2026-06-17T17:12:43.424+0000] {dag.py:3239} INFO - Sync 1 DAGs
[2026-06-17T17:12:43.440+0000] {logging_mixin.py:190} INFO - [2026-06-17T17:12:43.440+0000] {dag.py:4180} INFO - Setting next_dagrun for create_analytics_mart to None, run_after=None
[2026-06-17T17:12:43.467+0000] {processor.py:208} INFO - Processing /opt/airflow/dags/create_mart_dag.py took 0.104 seconds
[2026-06-17T17:13:13.684+0000] {processor.py:186} INFO - Started process (PID=1936) to work on /opt/airflow/dags/create_mart_dag.py
[2026-06-17T17:13:13.686+0000] {processor.py:914} INFO - Processing file /opt/airflow/dags/create_mart_dag.py for tasks to queue
[2026-06-17T17:13:13.688+0000] {logging_mixin.py:190} INFO - [2026-06-17T17:13:13.688+0000] {dagbag.py:588} INFO - Filling up the DagBag from /opt/airflow/dags/create_mart_dag.py
[2026-06-17T17:13:13.711+0000] {processor.py:925} INFO - DAG(s) 'create_analytics_mart' retrieved from /opt/airflow/dags/create_mart_dag.py
[2026-06-17T17:13:13.742+0000] {logging_mixin.py:190} INFO - [2026-06-17T17:13:13.742+0000] {dag.py:3239} INFO - Sync 1 DAGs
[2026-06-17T17:13:13.755+0000] {logging_mixin.py:190} INFO - [2026-06-17T17:13:13.755+0000] {dag.py:4180} INFO - Setting next_dagrun for create_analytics_mart to None, run_after=None
[2026-06-17T17:13:13.776+0000] {processor.py:208} INFO - Processing /opt/airflow/dags/create_mart_dag.py took 0.098 seconds
[2026-06-17T17:13:44.055+0000] {processor.py:186} INFO - Started process (PID=1947) to work on /opt/airflow/dags/create_mart_dag.py
[2026-06-17T17:13:44.055+0000] {processor.py:914} INFO - Processing file /opt/airflow/dags/create_mart_dag.py for tasks to queue
[2026-06-17T17:13:44.058+0000] {logging_mixin.py:190} INFO - [2026-06-17T17:13:44.057+0000] {dagbag.py:588} INFO - Filling up the DagBag from /opt/airflow/dags/create_mart_dag.py
[2026-06-17T17:13:44.077+0000] {processor.py:925} INFO - DAG(s) 'create_analytics_mart' retrieved from /opt/airflow/dags/create_mart_dag.py
[2026-06-17T17:13:44.100+0000] {logging_mixin.py:190} INFO - [2026-06-17T17:13:44.100+0000] {dag.py:3239} INFO - Sync 1 DAGs
[2026-06-17T17:13:44.113+0000] {logging_mixin.py:190} INFO - [2026-06-17T17:13:44.112+0000] {dag.py:4180} INFO - Setting next_dagrun for create_analytics_mart to None, run_after=None
[2026-06-17T17:13:44.138+0000] {processor.py:208} INFO - Processing /opt/airflow/dags/create_mart_dag.py took 0.088 seconds
[2026-06-17T17:14:14.387+0000] {processor.py:186} INFO - Started process (PID=1958) to work on /opt/airflow/dags/create_mart_dag.py
[2026-06-17T17:14:14.388+0000] {processor.py:914} INFO - Processing file /opt/airflow/dags/create_mart_dag.py for tasks to queue
[2026-06-17T17:14:14.390+0000] {logging_mixin.py:190} INFO - [2026-06-17T17:14:14.390+0000] {dagbag.py:588} INFO - Filling up the DagBag from /opt/airflow/dags/create_mart_dag.py
[2026-06-17T17:14:14.414+0000] {processor.py:925} INFO - DAG(s) 'create_analytics_mart' retrieved from /opt/airflow/dags/create_mart_dag.py
[2026-06-17T17:14:14.441+0000] {logging_mixin.py:190} INFO - [2026-06-17T17:14:14.441+0000] {dag.py:3239} INFO - Sync 1 DAGs
[2026-06-17T17:14:14.455+0000] {logging_mixin.py:190} INFO - [2026-06-17T17:14:14.455+0000] {dag.py:4180} INFO - Setting next_dagrun for create_analytics_mart to None, run_after=None
[2026-06-17T17:14:14.477+0000] {processor.py:208} INFO - Processing /opt/airflow/dags/create_mart_dag.py took 0.096 seconds
[2026-06-17T17:14:44.777+0000] {processor.py:186} INFO - Started process (PID=1969) to work on /opt/airflow/dags/create_mart_dag.py
[2026-06-17T17:14:44.778+0000] {processor.py:914} INFO - Processing file /opt/airflow/dags/create_mart_dag.py for tasks to queue
[2026-06-17T17:14:44.781+0000] {logging_mixin.py:190} INFO - [2026-06-17T17:14:44.781+0000] {dagbag.py:588} INFO - Filling up the DagBag from /opt/airflow/dags/create_mart_dag.py
[2026-06-17T17:14:44.806+0000] {processor.py:925} INFO - DAG(s) 'create_analytics_mart' retrieved from /opt/airflow/dags/create_mart_dag.py
[2026-06-17T17:14:44.835+0000] {logging_mixin.py:190} INFO - [2026-06-17T17:14:44.834+0000] {dag.py:3239} INFO - Sync 1 DAGs
[2026-06-17T17:14:44.853+0000] {logging_mixin.py:190} INFO - [2026-06-17T17:14:44.853+0000] {dag.py:4180} INFO - Setting next_dagrun for create_analytics_mart to None, run_after=None
[2026-06-17T17:14:44.877+0000] {processor.py:208} INFO - Processing /opt/airflow/dags/create_mart_dag.py took 0.112 seconds
[2026-06-17T17:15:15.045+0000] {processor.py:186} INFO - Started process (PID=1980) to work on /opt/airflow/dags/create_mart_dag.py
[2026-06-17T17:15:15.046+0000] {processor.py:914} INFO - Processing file /opt/airflow/dags/create_mart_dag.py for tasks to queue
[2026-06-17T17:15:15.049+0000] {logging_mixin.py:190} INFO - [2026-06-17T17:15:15.048+0000] {dagbag.py:588} INFO - Filling up the DagBag from /opt/airflow/dags/create_mart_dag.py
[2026-06-17T17:15:15.070+0000] {processor.py:925} INFO - DAG(s) 'create_analytics_mart' retrieved from /opt/airflow/dags/create_mart_dag.py
[2026-06-17T17:15:15.098+0000] {logging_mixin.py:190} INFO - [2026-06-17T17:15:15.098+0000] {dag.py:3239} INFO - Sync 1 DAGs
[2026-06-17T17:15:15.115+0000] {logging_mixin.py:190} INFO - [2026-06-17T17:15:15.115+0000] {dag.py:4180} INFO - Setting next_dagrun for create_analytics_mart to None, run_after=None
[2026-06-17T17:15:17.120+0000] {processor.py:208} INFO - Processing /opt/airflow/dags/create_mart_dag.py took 2.081 seconds
[2026-06-17T17:15:47.411+0000] {processor.py:186} INFO - Started process (PID=1991) to work on /opt/airflow/dags/create_mart_dag.py
[2026-06-17T17:15:47.412+0000] {processor.py:914} INFO - Processing file /opt/airflow/dags/create_mart_dag.py for tasks to queue
[2026-06-17T17:15:47.415+0000] {logging_mixin.py:190} INFO - [2026-06-17T17:15:47.415+0000] {dagbag.py:588} INFO - Filling up the DagBag from /opt/airflow/dags/create_mart_dag.py
[2026-06-17T17:15:47.436+0000] {processor.py:925} INFO - DAG(s) 'create_analytics_mart' retrieved from /opt/airflow/dags/create_mart_dag.py
[2026-06-17T17:15:47.459+0000] {logging_mixin.py:190} INFO - [2026-06-17T17:15:47.459+0000] {dag.py:3239} INFO - Sync 1 DAGs
[2026-06-17T17:15:47.474+0000] {logging_mixin.py:190} INFO - [2026-06-17T17:15:47.474+0000] {dag.py:4180} INFO - Setting next_dagrun for create_analytics_mart to None, run_after=None
[2026-06-17T17:15:47.498+0000] {processor.py:208} INFO - Processing /opt/airflow/dags/create_mart_dag.py took 0.092 seconds
[2026-06-17T17:16:17.719+0000] {processor.py:186} INFO - Started process (PID=2002) to work on /opt/airflow/dags/create_mart_dag.py
[2026-06-17T17:16:17.720+0000] {processor.py:914} INFO - Processing file /opt/airflow/dags/create_mart_dag.py for tasks to queue
[2026-06-17T17:16:17.723+0000] {logging_mixin.py:190} INFO - [2026-06-17T17:16:17.723+0000] {dagbag.py:588} INFO - Filling up the DagBag from /opt/airflow/dags/create_mart_dag.py
[2026-06-17T17:16:17.745+0000] {processor.py:925} INFO - DAG(s) 'create_analytics_mart' retrieved from /opt/airflow/dags/create_mart_dag.py
[2026-06-17T17:16:17.770+0000] {logging_mixin.py:190} INFO - [2026-06-17T17:16:17.769+0000] {dag.py:3239} INFO - Sync 1 DAGs
[2026-06-17T17:16:17.784+0000] {logging_mixin.py:190} INFO - [2026-06-17T17:16:17.784+0000] {dag.py:4180} INFO - Setting next_dagrun for create_analytics_mart to None, run_after=None
[2026-06-17T17:16:17.808+0000] {processor.py:208} INFO - Processing /opt/airflow/dags/create_mart_dag.py took 0.095 seconds
[2026-06-17T17:16:48.056+0000] {processor.py:186} INFO - Started process (PID=2013) to work on /opt/airflow/dags/create_mart_dag.py
[2026-06-17T17:16:48.057+0000] {processor.py:914} INFO - Processing file /opt/airflow/dags/create_mart_dag.py for tasks to queue
[2026-06-17T17:16:48.060+0000] {logging_mixin.py:190} INFO - [2026-06-17T17:16:48.060+0000] {dagbag.py:588} INFO - Filling up the DagBag from /opt/airflow/dags/create_mart_dag.py
[2026-06-17T17:16:48.079+0000] {processor.py:925} INFO - DAG(s) 'create_analytics_mart' retrieved from /opt/airflow/dags/create_mart_dag.py
[2026-06-17T17:16:48.106+0000] {logging_mixin.py:190} INFO - [2026-06-17T17:16:48.105+0000] {dag.py:3239} INFO - Sync 1 DAGs
[2026-06-17T17:16:48.122+0000] {logging_mixin.py:190} INFO - [2026-06-17T17:16:48.122+0000] {dag.py:4180} INFO - Setting next_dagrun for create_analytics_mart to None, run_after=None
[2026-06-17T17:16:48.147+0000] {processor.py:208} INFO - Processing /opt/airflow/dags/create_mart_dag.py took 0.097 seconds
[2026-06-17T17:17:18.397+0000] {processor.py:186} INFO - Started process (PID=2024) to work on /opt/airflow/dags/create_mart_dag.py
[2026-06-17T17:17:18.398+0000] {processor.py:914} INFO - Processing file /opt/airflow/dags/create_mart_dag.py for tasks to queue
[2026-06-17T17:17:18.401+0000] {logging_mixin.py:190} INFO - [2026-06-17T17:17:18.400+0000] {dagbag.py:588} INFO - Filling up the DagBag from /opt/airflow/dags/create_mart_dag.py
[2026-06-17T17:17:18.421+0000] {processor.py:925} INFO - DAG(s) 'create_analytics_mart' retrieved from /opt/airflow/dags/create_mart_dag.py
[2026-06-17T17:17:18.444+0000] {logging_mixin.py:190} INFO - [2026-06-17T17:17:18.444+0000] {dag.py:3239} INFO - Sync 1 DAGs
[2026-06-17T17:17:18.458+0000] {logging_mixin.py:190} INFO - [2026-06-17T17:17:18.458+0000] {dag.py:4180} INFO - Setting next_dagrun for create_analytics_mart to None, run_after=None
[2026-06-17T17:17:18.479+0000] {processor.py:208} INFO - Processing /opt/airflow/dags/create_mart_dag.py took 0.087 seconds
[2026-06-17T17:17:48.680+0000] {processor.py:186} INFO - Started process (PID=2035) to work on /opt/airflow/dags/create_mart_dag.py
[2026-06-17T17:17:48.681+0000] {processor.py:914} INFO - Processing file /opt/airflow/dags/create_mart_dag.py for tasks to queue
[2026-06-17T17:17:48.684+0000] {logging_mixin.py:190} INFO - [2026-06-17T17:17:48.683+0000] {dagbag.py:588} INFO - Filling up the DagBag from /opt/airflow/dags/create_mart_dag.py
[2026-06-17T17:17:48.713+0000] {processor.py:925} INFO - DAG(s) 'create_analytics_mart' retrieved from /opt/airflow/dags/create_mart_dag.py
[2026-06-17T17:17:48.738+0000] {logging_mixin.py:190} INFO - [2026-06-17T17:17:48.738+0000] {dag.py:3239} INFO - Sync 1 DAGs
[2026-06-17T17:17:48.751+0000] {logging_mixin.py:190} INFO - [2026-06-17T17:17:48.751+0000] {dag.py:4180} INFO - Setting next_dagrun for create_analytics_mart to None, run_after=None
[2026-06-17T17:17:48.774+0000] {processor.py:208} INFO - Processing /opt/airflow/dags/create_mart_dag.py took 0.099 seconds
[2026-06-17T17:18:19.168+0000] {processor.py:186} INFO - Started process (PID=2046) to work on /opt/airflow/dags/create_mart_dag.py
[2026-06-17T17:18:19.169+0000] {processor.py:914} INFO - Processing file /opt/airflow/dags/create_mart_dag.py for tasks to queue
[2026-06-17T17:18:19.172+0000] {logging_mixin.py:190} INFO - [2026-06-17T17:18:19.172+0000] {dagbag.py:588} INFO - Filling up the DagBag from /opt/airflow/dags/create_mart_dag.py
[2026-06-17T17:18:19.192+0000] {processor.py:925} INFO - DAG(s) 'create_analytics_mart' retrieved from /opt/airflow/dags/create_mart_dag.py
[2026-06-17T17:18:19.215+0000] {logging_mixin.py:190} INFO - [2026-06-17T17:18:19.215+0000] {dag.py:3239} INFO - Sync 1 DAGs
[2026-06-17T17:18:19.230+0000] {logging_mixin.py:190} INFO - [2026-06-17T17:18:19.230+0000] {dag.py:4180} INFO - Setting next_dagrun for create_analytics_mart to None, run_after=None
[2026-06-17T17:18:19.395+0000] {processor.py:208} INFO - Processing /opt/airflow/dags/create_mart_dag.py took 0.232 seconds
[2026-06-17T17:18:49.467+0000] {processor.py:186} INFO - Started process (PID=2057) to work on /opt/airflow/dags/create_mart_dag.py
[2026-06-17T17:18:49.468+0000] {processor.py:914} INFO - Processing file /opt/airflow/dags/create_mart_dag.py for tasks to queue
[2026-06-17T17:18:49.471+0000] {logging_mixin.py:190} INFO - [2026-06-17T17:18:49.471+0000] {dagbag.py:588} INFO - Filling up the DagBag from /opt/airflow/dags/create_mart_dag.py
[2026-06-17T17:18:49.493+0000] {processor.py:925} INFO - DAG(s) 'create_analytics_mart' retrieved from /opt/airflow/dags/create_mart_dag.py
[2026-06-17T17:18:49.516+0000] {logging_mixin.py:190} INFO - [2026-06-17T17:18:49.516+0000] {dag.py:3239} INFO - Sync 1 DAGs
[2026-06-17T17:18:49.529+0000] {logging_mixin.py:190} INFO - [2026-06-17T17:18:49.529+0000] {dag.py:4180} INFO - Setting next_dagrun for create_analytics_mart to None, run_after=None
[2026-06-17T17:18:49.551+0000] {processor.py:208} INFO - Processing /opt/airflow/dags/create_mart_dag.py took 0.089 seconds
[2026-06-17T17:19:19.816+0000] {processor.py:186} INFO - Started process (PID=2068) to work on /opt/airflow/dags/create_mart_dag.py
[2026-06-17T17:19:19.817+0000] {processor.py:914} INFO - Processing file /opt/airflow/dags/create_mart_dag.py for tasks to queue
[2026-06-17T17:19:19.819+0000] {logging_mixin.py:190} INFO - [2026-06-17T17:19:19.819+0000] {dagbag.py:588} INFO - Filling up the DagBag from /opt/airflow/dags/create_mart_dag.py
[2026-06-17T17:19:19.838+0000] {processor.py:925} INFO - DAG(s) 'create_analytics_mart' retrieved from /opt/airflow/dags/create_mart_dag.py
[2026-06-17T17:19:19.860+0000] {logging_mixin.py:190} INFO - [2026-06-17T17:19:19.860+0000] {dag.py:3239} INFO - Sync 1 DAGs
[2026-06-17T17:19:19.873+0000] {logging_mixin.py:190} INFO - [2026-06-17T17:19:19.873+0000] {dag.py:4180} INFO - Setting next_dagrun for create_analytics_mart to None, run_after=None
[2026-06-17T17:19:19.894+0000] {processor.py:208} INFO - Processing /opt/airflow/dags/create_mart_dag.py took 0.083 seconds
[2026-06-17T17:19:50.164+0000] {processor.py:186} INFO - Started process (PID=2079) to work on /opt/airflow/dags/create_mart_dag.py
[2026-06-17T17:19:50.165+0000] {processor.py:914} INFO - Processing file /opt/airflow/dags/create_mart_dag.py for tasks to queue
[2026-06-17T17:19:50.168+0000] {logging_mixin.py:190} INFO - [2026-06-17T17:19:50.167+0000] {dagbag.py:588} INFO - Filling up the DagBag from /opt/airflow/dags/create_mart_dag.py
[2026-06-17T17:19:50.187+0000] {processor.py:925} INFO - DAG(s) 'create_analytics_mart' retrieved from /opt/airflow/dags/create_mart_dag.py
[2026-06-17T17:19:50.210+0000] {logging_mixin.py:190} INFO - [2026-06-17T17:19:50.210+0000] {dag.py:3239} INFO - Sync 1 DAGs
[2026-06-17T17:19:50.223+0000] {logging_mixin.py:190} INFO - [2026-06-17T17:19:50.223+0000] {dag.py:4180} INFO - Setting next_dagrun for create_analytics_mart to None, run_after=None
[2026-06-17T17:19:50.245+0000] {processor.py:208} INFO - Processing /opt/airflow/dags/create_mart_dag.py took 0.087 seconds
[2026-06-17T17:20:20.536+0000] {processor.py:186} INFO - Started process (PID=2090) to work on /opt/airflow/dags/create_mart_dag.py
[2026-06-17T17:20:20.538+0000] {processor.py:914} INFO - Processing file /opt/airflow/dags/create_mart_dag.py for tasks to queue
[2026-06-17T17:20:20.540+0000] {logging_mixin.py:190} INFO - [2026-06-17T17:20:20.540+0000] {dagbag.py:588} INFO - Filling up the DagBag from /opt/airflow/dags/create_mart_dag.py
[2026-06-17T17:20:20.558+0000] {processor.py:925} INFO - DAG(s) 'create_analytics_mart' retrieved from /opt/airflow/dags/create_mart_dag.py
[2026-06-17T17:20:20.583+0000] {logging_mixin.py:190} INFO - [2026-06-17T17:20:20.582+0000] {dag.py:3239} INFO - Sync 1 DAGs
[2026-06-17T17:20:20.596+0000] {logging_mixin.py:190} INFO - [2026-06-17T17:20:20.595+0000] {dag.py:4180} INFO - Setting next_dagrun for create_analytics_mart to None, run_after=None
[2026-06-17T17:20:20.619+0000] {processor.py:208} INFO - Processing /opt/airflow/dags/create_mart_dag.py took 0.088 seconds
[2026-06-17T17:20:50.916+0000] {processor.py:186} INFO - Started process (PID=2101) to work on /opt/airflow/dags/create_mart_dag.py
[2026-06-17T17:20:50.917+0000] {processor.py:914} INFO - Processing file /opt/airflow/dags/create_mart_dag.py for tasks to queue
[2026-06-17T17:20:50.919+0000] {logging_mixin.py:190} INFO - [2026-06-17T17:20:50.918+0000] {dagbag.py:588} INFO - Filling up the DagBag from /opt/airflow/dags/create_mart_dag.py
[2026-06-17T17:20:50.936+0000] {processor.py:925} INFO - DAG(s) 'create_analytics_mart' retrieved from /opt/airflow/dags/create_mart_dag.py
[2026-06-17T17:20:50.958+0000] {logging_mixin.py:190} INFO - [2026-06-17T17:20:50.957+0000] {dag.py:3239} INFO - Sync 1 DAGs
[2026-06-17T17:20:50.970+0000] {logging_mixin.py:190} INFO - [2026-06-17T17:20:50.970+0000] {dag.py:4180} INFO - Setting next_dagrun for create_analytics_mart to None, run_after=None
[2026-06-17T17:20:50.992+0000] {processor.py:208} INFO - Processing /opt/airflow/dags/create_mart_dag.py took 0.082 seconds
[2026-06-17T17:21:21.241+0000] {processor.py:186} INFO - Started process (PID=2112) to work on /opt/airflow/dags/create_mart_dag.py
[2026-06-17T17:21:21.242+0000] {processor.py:914} INFO - Processing file /opt/airflow/dags/create_mart_dag.py for tasks to queue
[2026-06-17T17:21:21.244+0000] {logging_mixin.py:190} INFO - [2026-06-17T17:21:21.244+0000] {dagbag.py:588} INFO - Filling up the DagBag from /opt/airflow/dags/create_mart_dag.py
[2026-06-17T17:21:21.263+0000] {processor.py:925} INFO - DAG(s) 'create_analytics_mart' retrieved from /opt/airflow/dags/create_mart_dag.py
[2026-06-17T17:21:21.284+0000] {logging_mixin.py:190} INFO - [2026-06-17T17:21:21.284+0000] {dag.py:3239} INFO - Sync 1 DAGs
[2026-06-17T17:21:21.297+0000] {logging_mixin.py:190} INFO - [2026-06-17T17:21:21.297+0000] {dag.py:4180} INFO - Setting next_dagrun for create_analytics_mart to None, run_after=None
[2026-06-17T17:21:21.318+0000] {processor.py:208} INFO - Processing /opt/airflow/dags/create_mart_dag.py took 0.082 seconds
[2026-06-17T17:21:51.673+0000] {processor.py:186} INFO - Started process (PID=2123) to work on /opt/airflow/dags/create_mart_dag.py
[2026-06-17T17:21:51.674+0000] {processor.py:914} INFO - Processing file /opt/airflow/dags/create_mart_dag.py for tasks to queue
[2026-06-17T17:21:51.676+0000] {logging_mixin.py:190} INFO - [2026-06-17T17:21:51.676+0000] {dagbag.py:588} INFO - Filling up the DagBag from /opt/airflow/dags/create_mart_dag.py
[2026-06-17T17:21:51.698+0000] {processor.py:925} INFO - DAG(s) 'create_analytics_mart' retrieved from /opt/airflow/dags/create_mart_dag.py
[2026-06-17T17:21:51.719+0000] {logging_mixin.py:190} INFO - [2026-06-17T17:21:51.719+0000] {dag.py:3239} INFO - Sync 1 DAGs
[2026-06-17T17:21:51.732+0000] {logging_mixin.py:190} INFO - [2026-06-17T17:21:51.732+0000] {dag.py:4180} INFO - Setting next_dagrun for create_analytics_mart to None, run_after=None
[2026-06-17T17:21:51.753+0000] {processor.py:208} INFO - Processing /opt/airflow/dags/create_mart_dag.py took 0.086 seconds
[2026-06-17T17:22:21.931+0000] {processor.py:186} INFO - Started process (PID=2134) to work on /opt/airflow/dags/create_mart_dag.py
[2026-06-17T17:22:21.932+0000] {processor.py:914} INFO - Processing file /opt/airflow/dags/create_mart_dag.py for tasks to queue
[2026-06-17T17:22:21.934+0000] {logging_mixin.py:190} INFO - [2026-06-17T17:22:21.934+0000] {dagbag.py:588} INFO - Filling up the DagBag from /opt/airflow/dags/create_mart_dag.py
[2026-06-17T17:22:21.956+0000] {processor.py:925} INFO - DAG(s) 'create_analytics_mart' retrieved from /opt/airflow/dags/create_mart_dag.py
[2026-06-17T17:22:21.978+0000] {logging_mixin.py:190} INFO - [2026-06-17T17:22:21.978+0000] {dag.py:3239} INFO - Sync 1 DAGs
[2026-06-17T17:22:21.991+0000] {logging_mixin.py:190} INFO - [2026-06-17T17:22:21.990+0000] {dag.py:4180} INFO - Setting next_dagrun for create_analytics_mart to None, run_after=None
[2026-06-17T17:22:22.013+0000] {processor.py:208} INFO - Processing /opt/airflow/dags/create_mart_dag.py took 0.088 seconds
[2026-06-17T17:22:52.165+0000] {processor.py:186} INFO - Started process (PID=2145) to work on /opt/airflow/dags/create_mart_dag.py
[2026-06-17T17:22:52.166+0000] {processor.py:914} INFO - Processing file /opt/airflow/dags/create_mart_dag.py for tasks to queue
[2026-06-17T17:22:52.168+0000] {logging_mixin.py:190} INFO - [2026-06-17T17:22:52.168+0000] {dagbag.py:588} INFO - Filling up the DagBag from /opt/airflow/dags/create_mart_dag.py
[2026-06-17T17:22:52.189+0000] {processor.py:925} INFO - DAG(s) 'create_analytics_mart' retrieved from /opt/airflow/dags/create_mart_dag.py
[2026-06-17T17:22:52.215+0000] {logging_mixin.py:190} INFO - [2026-06-17T17:22:52.215+0000] {dag.py:3239} INFO - Sync 1 DAGs
[2026-06-17T17:22:52.229+0000] {logging_mixin.py:190} INFO - [2026-06-17T17:22:52.229+0000] {dag.py:4180} INFO - Setting next_dagrun for create_analytics_mart to None, run_after=None
[2026-06-17T17:22:52.252+0000] {processor.py:208} INFO - Processing /opt/airflow/dags/create_mart_dag.py took 0.094 seconds
[2026-06-17T17:23:22.528+0000] {processor.py:186} INFO - Started process (PID=2156) to work on /opt/airflow/dags/create_mart_dag.py
[2026-06-17T17:23:22.529+0000] {processor.py:914} INFO - Processing file /opt/airflow/dags/create_mart_dag.py for tasks to queue
[2026-06-17T17:23:22.532+0000] {logging_mixin.py:190} INFO - [2026-06-17T17:23:22.532+0000] {dagbag.py:588} INFO - Filling up the DagBag from /opt/airflow/dags/create_mart_dag.py
[2026-06-17T17:23:22.551+0000] {processor.py:925} INFO - DAG(s) 'create_analytics_mart' retrieved from /opt/airflow/dags/create_mart_dag.py
[2026-06-17T17:23:22.572+0000] {logging_mixin.py:190} INFO - [2026-06-17T17:23:22.571+0000] {dag.py:3239} INFO - Sync 1 DAGs
[2026-06-17T17:23:22.585+0000] {logging_mixin.py:190} INFO - [2026-06-17T17:23:22.585+0000] {dag.py:4180} INFO - Setting next_dagrun for create_analytics_mart to None, run_after=None
[2026-06-17T17:23:22.607+0000] {processor.py:208} INFO - Processing /opt/airflow/dags/create_mart_dag.py took 0.085 seconds
[2026-06-17T17:23:52.860+0000] {processor.py:186} INFO - Started process (PID=2167) to work on /opt/airflow/dags/create_mart_dag.py
[2026-06-17T17:23:52.861+0000] {processor.py:914} INFO - Processing file /opt/airflow/dags/create_mart_dag.py for tasks to queue
[2026-06-17T17:23:52.864+0000] {logging_mixin.py:190} INFO - [2026-06-17T17:23:52.863+0000] {dagbag.py:588} INFO - Filling up the DagBag from /opt/airflow/dags/create_mart_dag.py
[2026-06-17T17:23:52.884+0000] {processor.py:925} INFO - DAG(s) 'create_analytics_mart' retrieved from /opt/airflow/dags/create_mart_dag.py
[2026-06-17T17:23:52.907+0000] {logging_mixin.py:190} INFO - [2026-06-17T17:23:52.906+0000] {dag.py:3239} INFO - Sync 1 DAGs
[2026-06-17T17:23:52.919+0000] {logging_mixin.py:190} INFO - [2026-06-17T17:23:52.919+0000] {dag.py:4180} INFO - Setting next_dagrun for create_analytics_mart to None, run_after=None
[2026-06-17T17:23:53.092+0000] {processor.py:208} INFO - Processing /opt/airflow/dags/create_mart_dag.py took 0.237 seconds
[2026-06-17T17:24:23.259+0000] {processor.py:186} INFO - Started process (PID=2178) to work on /opt/airflow/dags/create_mart_dag.py
[2026-06-17T17:24:23.260+0000] {processor.py:914} INFO - Processing file /opt/airflow/dags/create_mart_dag.py for tasks to queue
[2026-06-17T17:24:23.263+0000] {logging_mixin.py:190} INFO - [2026-06-17T17:24:23.263+0000] {dagbag.py:588} INFO - Filling up the DagBag from /opt/airflow/dags/create_mart_dag.py
[2026-06-17T17:24:23.282+0000] {processor.py:925} INFO - DAG(s) 'create_analytics_mart' retrieved from /opt/airflow/dags/create_mart_dag.py
[2026-06-17T17:24:23.306+0000] {logging_mixin.py:190} INFO - [2026-06-17T17:24:23.306+0000] {dag.py:3239} INFO - Sync 1 DAGs
[2026-06-17T17:24:23.320+0000] {logging_mixin.py:190} INFO - [2026-06-17T17:24:23.320+0000] {dag.py:4180} INFO - Setting next_dagrun for create_analytics_mart to None, run_after=None
[2026-06-17T17:24:23.344+0000] {processor.py:208} INFO - Processing /opt/airflow/dags/create_mart_dag.py took 0.090 seconds
[2026-06-17T17:24:53.594+0000] {processor.py:186} INFO - Started process (PID=2189) to work on /opt/airflow/dags/create_mart_dag.py
[2026-06-17T17:24:53.595+0000] {processor.py:914} INFO - Processing file /opt/airflow/dags/create_mart_dag.py for tasks to queue
[2026-06-17T17:24:53.598+0000] {logging_mixin.py:190} INFO - [2026-06-17T17:24:53.598+0000] {dagbag.py:588} INFO - Filling up the DagBag from /opt/airflow/dags/create_mart_dag.py
[2026-06-17T17:24:53.618+0000] {processor.py:925} INFO - DAG(s) 'create_analytics_mart' retrieved from /opt/airflow/dags/create_mart_dag.py
[2026-06-17T17:24:53.642+0000] {logging_mixin.py:190} INFO - [2026-06-17T17:24:53.641+0000] {dag.py:3239} INFO - Sync 1 DAGs
[2026-06-17T17:24:53.656+0000] {logging_mixin.py:190} INFO - [2026-06-17T17:24:53.656+0000] {dag.py:4180} INFO - Setting next_dagrun for create_analytics_mart to None, run_after=None
[2026-06-17T17:24:53.683+0000] {processor.py:208} INFO - Processing /opt/airflow/dags/create_mart_dag.py took 0.096 seconds
[2026-06-17T17:25:23.918+0000] {processor.py:186} INFO - Started process (PID=2200) to work on /opt/airflow/dags/create_mart_dag.py
[2026-06-17T17:25:23.919+0000] {processor.py:914} INFO - Processing file /opt/airflow/dags/create_mart_dag.py for tasks to queue
[2026-06-17T17:25:23.921+0000] {logging_mixin.py:190} INFO - [2026-06-17T17:25:23.921+0000] {dagbag.py:588} INFO - Filling up the DagBag from /opt/airflow/dags/create_mart_dag.py
[2026-06-17T17:25:23.941+0000] {processor.py:925} INFO - DAG(s) 'create_analytics_mart' retrieved from /opt/airflow/dags/create_mart_dag.py
[2026-06-17T17:25:23.964+0000] {logging_mixin.py:190} INFO - [2026-06-17T17:25:23.963+0000] {dag.py:3239} INFO - Sync 1 DAGs
[2026-06-17T17:25:23.976+0000] {logging_mixin.py:190} INFO - [2026-06-17T17:25:23.976+0000] {dag.py:4180} INFO - Setting next_dagrun for create_analytics_mart to None, run_after=None
[2026-06-17T17:25:23.996+0000] {processor.py:208} INFO - Processing /opt/airflow/dags/create_mart_dag.py took 0.083 seconds
[2026-06-17T17:25:54.230+0000] {processor.py:186} INFO - Started process (PID=2211) to work on /opt/airflow/dags/create_mart_dag.py
[2026-06-17T17:25:54.231+0000] {processor.py:914} INFO - Processing file /opt/airflow/dags/create_mart_dag.py for tasks to queue
[2026-06-17T17:25:54.234+0000] {logging_mixin.py:190} INFO - [2026-06-17T17:25:54.234+0000] {dagbag.py:588} INFO - Filling up the DagBag from /opt/airflow/dags/create_mart_dag.py
[2026-06-17T17:25:54.255+0000] {processor.py:925} INFO - DAG(s) 'create_analytics_mart' retrieved from /opt/airflow/dags/create_mart_dag.py
[2026-06-17T17:25:54.278+0000] {logging_mixin.py:190} INFO - [2026-06-17T17:25:54.278+0000] {dag.py:3239} INFO - Sync 1 DAGs
[2026-06-17T17:25:54.294+0000] {logging_mixin.py:190} INFO - [2026-06-17T17:25:54.294+0000] {dag.py:4180} INFO - Setting next_dagrun for create_analytics_mart to None, run_after=None
[2026-06-17T17:25:54.320+0000] {processor.py:208} INFO - Processing /opt/airflow/dags/create_mart_dag.py took 0.095 seconds
[2026-06-17T17:26:24.579+0000] {processor.py:186} INFO - Started process (PID=2222) to work on /opt/airflow/dags/create_mart_dag.py
[2026-06-17T17:26:24.580+0000] {processor.py:914} INFO - Processing file /opt/airflow/dags/create_mart_dag.py for tasks to queue
[2026-06-17T17:26:24.582+0000] {logging_mixin.py:190} INFO - [2026-06-17T17:26:24.582+0000] {dagbag.py:588} INFO - Filling up the DagBag from /opt/airflow/dags/create_mart_dag.py
[2026-06-17T17:26:24.603+0000] {processor.py:925} INFO - DAG(s) 'create_analytics_mart' retrieved from /opt/airflow/dags/create_mart_dag.py
[2026-06-17T17:26:24.626+0000] {logging_mixin.py:190} INFO - [2026-06-17T17:26:24.626+0000] {dag.py:3239} INFO - Sync 1 DAGs
[2026-06-17T17:26:24.639+0000] {logging_mixin.py:190} INFO - [2026-06-17T17:26:24.639+0000] {dag.py:4180} INFO - Setting next_dagrun for create_analytics_mart to None, run_after=None
[2026-06-17T17:26:24.664+0000] {processor.py:208} INFO - Processing /opt/airflow/dags/create_mart_dag.py took 0.091 seconds
[2026-06-17T17:26:54.975+0000] {processor.py:186} INFO - Started process (PID=2233) to work on /opt/airflow/dags/create_mart_dag.py
[2026-06-17T17:26:54.976+0000] {processor.py:914} INFO - Processing file /opt/airflow/dags/create_mart_dag.py for tasks to queue
[2026-06-17T17:26:54.978+0000] {logging_mixin.py:190} INFO - [2026-06-17T17:26:54.977+0000] {dagbag.py:588} INFO - Filling up the DagBag from /opt/airflow/dags/create_mart_dag.py
[2026-06-17T17:26:54.995+0000] {processor.py:925} INFO - DAG(s) 'create_analytics_mart' retrieved from /opt/airflow/dags/create_mart_dag.py
[2026-06-17T17:26:55.015+0000] {logging_mixin.py:190} INFO - [2026-06-17T17:26:55.014+0000] {dag.py:3239} INFO - Sync 1 DAGs
[2026-06-17T17:26:55.028+0000] {logging_mixin.py:190} INFO - [2026-06-17T17:26:55.028+0000] {dag.py:4180} INFO - Setting next_dagrun for create_analytics_mart to None, run_after=None
[2026-06-17T17:26:55.194+0000] {processor.py:208} INFO - Processing /opt/airflow/dags/create_mart_dag.py took 0.225 seconds
[2026-06-17T17:27:25.302+0000] {processor.py:186} INFO - Started process (PID=2244) to work on /opt/airflow/dags/create_mart_dag.py
[2026-06-17T17:27:25.303+0000] {processor.py:914} INFO - Processing file /opt/airflow/dags/create_mart_dag.py for tasks to queue
[2026-06-17T17:27:25.306+0000] {logging_mixin.py:190} INFO - [2026-06-17T17:27:25.305+0000] {dagbag.py:588} INFO - Filling up the DagBag from /opt/airflow/dags/create_mart_dag.py
[2026-06-17T17:27:25.327+0000] {processor.py:925} INFO - DAG(s) 'create_analytics_mart' retrieved from /opt/airflow/dags/create_mart_dag.py
[2026-06-17T17:27:25.351+0000] {logging_mixin.py:190} INFO - [2026-06-17T17:27:25.350+0000] {dag.py:3239} INFO - Sync 1 DAGs
[2026-06-17T17:27:25.364+0000] {logging_mixin.py:190} INFO - [2026-06-17T17:27:25.364+0000] {dag.py:4180} INFO - Setting next_dagrun for create_analytics_mart to None, run_after=None
[2026-06-17T17:27:25.387+0000] {processor.py:208} INFO - Processing /opt/airflow/dags/create_mart_dag.py took 0.091 seconds
[2026-06-17T17:27:55.632+0000] {processor.py:186} INFO - Started process (PID=2255) to work on /opt/airflow/dags/create_mart_dag.py
[2026-06-17T17:27:55.633+0000] {processor.py:914} INFO - Processing file /opt/airflow/dags/create_mart_dag.py for tasks to queue
[2026-06-17T17:27:55.635+0000] {logging_mixin.py:190} INFO - [2026-06-17T17:27:55.635+0000] {dagbag.py:588} INFO - Filling up the DagBag from /opt/airflow/dags/create_mart_dag.py
[2026-06-17T17:27:55.656+0000] {processor.py:925} INFO - DAG(s) 'create_analytics_mart' retrieved from /opt/airflow/dags/create_mart_dag.py
[2026-06-17T17:27:55.678+0000] {logging_mixin.py:190} INFO - [2026-06-17T17:27:55.678+0000] {dag.py:3239} INFO - Sync 1 DAGs
[2026-06-17T17:27:55.691+0000] {logging_mixin.py:190} INFO - [2026-06-17T17:27:55.691+0000] {dag.py:4180} INFO - Setting next_dagrun for create_analytics_mart to None, run_after=None
[2026-06-17T17:27:55.713+0000] {processor.py:208} INFO - Processing /opt/airflow/dags/create_mart_dag.py took 0.088 seconds
[2026-06-17T17:28:26.016+0000] {processor.py:186} INFO - Started process (PID=2266) to work on /opt/airflow/dags/create_mart_dag.py
[2026-06-17T17:28:26.017+0000] {processor.py:914} INFO - Processing file /opt/airflow/dags/create_mart_dag.py for tasks to queue
[2026-06-17T17:28:26.019+0000] {logging_mixin.py:190} INFO - [2026-06-17T17:28:26.019+0000] {dagbag.py:588} INFO - Filling up the DagBag from /opt/airflow/dags/create_mart_dag.py
[2026-06-17T17:28:26.039+0000] {processor.py:925} INFO - DAG(s) 'create_analytics_mart' retrieved from /opt/airflow/dags/create_mart_dag.py
[2026-06-17T17:28:26.059+0000] {logging_mixin.py:190} INFO - [2026-06-17T17:28:26.058+0000] {dag.py:3239} INFO - Sync 1 DAGs
[2026-06-17T17:28:26.071+0000] {logging_mixin.py:190} INFO - [2026-06-17T17:28:26.071+0000] {dag.py:4180} INFO - Setting next_dagrun for create_analytics_mart to None, run_after=None
[2026-06-17T17:28:26.093+0000] {processor.py:208} INFO - Processing /opt/airflow/dags/create_mart_dag.py took 0.082 seconds
[2026-06-17T17:28:56.380+0000] {processor.py:186} INFO - Started process (PID=2277) to work on /opt/airflow/dags/create_mart_dag.py
[2026-06-17T17:28:56.381+0000] {processor.py:914} INFO - Processing file /opt/airflow/dags/create_mart_dag.py for tasks to queue
[2026-06-17T17:28:56.384+0000] {logging_mixin.py:190} INFO - [2026-06-17T17:28:56.384+0000] {dagbag.py:588} INFO - Filling up the DagBag from /opt/airflow/dags/create_mart_dag.py
[2026-06-17T17:28:56.405+0000] {processor.py:925} INFO - DAG(s) 'create_analytics_mart' retrieved from /opt/airflow/dags/create_mart_dag.py
[2026-06-17T17:28:56.425+0000] {logging_mixin.py:190} INFO - [2026-06-17T17:28:56.425+0000] {dag.py:3239} INFO - Sync 1 DAGs
[2026-06-17T17:28:56.439+0000] {logging_mixin.py:190} INFO - [2026-06-17T17:28:56.439+0000] {dag.py:4180} INFO - Setting next_dagrun for create_analytics_mart to None, run_after=None
[2026-06-17T17:28:56.460+0000] {processor.py:208} INFO - Processing /opt/airflow/dags/create_mart_dag.py took 0.085 seconds
[2026-06-17T17:29:26.738+0000] {processor.py:186} INFO - Started process (PID=2288) to work on /opt/airflow/dags/create_mart_dag.py
[2026-06-17T17:29:26.739+0000] {processor.py:914} INFO - Processing file /opt/airflow/dags/create_mart_dag.py for tasks to queue
[2026-06-17T17:29:26.741+0000] {logging_mixin.py:190} INFO - [2026-06-17T17:29:26.741+0000] {dagbag.py:588} INFO - Filling up the DagBag from /opt/airflow/dags/create_mart_dag.py
[2026-06-17T17:29:26.760+0000] {processor.py:925} INFO - DAG(s) 'create_analytics_mart' retrieved from /opt/airflow/dags/create_mart_dag.py
[2026-06-17T17:29:26.782+0000] {logging_mixin.py:190} INFO - [2026-06-17T17:29:26.781+0000] {dag.py:3239} INFO - Sync 1 DAGs
[2026-06-17T17:29:26.794+0000] {logging_mixin.py:190} INFO - [2026-06-17T17:29:26.794+0000] {dag.py:4180} INFO - Setting next_dagrun for create_analytics_mart to None, run_after=None
[2026-06-17T17:29:26.817+0000] {processor.py:208} INFO - Processing /opt/airflow/dags/create_mart_dag.py took 0.084 seconds
[2026-06-17T17:29:57.128+0000] {processor.py:186} INFO - Started process (PID=2299) to work on /opt/airflow/dags/create_mart_dag.py
[2026-06-17T17:29:57.131+0000] {processor.py:914} INFO - Processing file /opt/airflow/dags/create_mart_dag.py for tasks to queue
[2026-06-17T17:29:57.136+0000] {logging_mixin.py:190} INFO - [2026-06-17T17:29:57.136+0000] {dagbag.py:588} INFO - Filling up the DagBag from /opt/airflow/dags/create_mart_dag.py
[2026-06-17T17:29:57.177+0000] {processor.py:925} INFO - DAG(s) 'create_analytics_mart' retrieved from /opt/airflow/dags/create_mart_dag.py
[2026-06-17T17:29:57.206+0000] {logging_mixin.py:190} INFO - [2026-06-17T17:29:57.205+0000] {dag.py:3239} INFO - Sync 1 DAGs
[2026-06-17T17:29:57.418+0000] {logging_mixin.py:190} INFO - [2026-06-17T17:29:57.418+0000] {dag.py:4180} INFO - Setting next_dagrun for create_analytics_mart to None, run_after=None
[2026-06-17T17:29:57.444+0000] {processor.py:208} INFO - Processing /opt/airflow/dags/create_mart_dag.py took 0.325 seconds
[2026-06-17T17:30:27.687+0000] {processor.py:186} INFO - Started process (PID=2310) to work on /opt/airflow/dags/create_mart_dag.py
[2026-06-17T17:30:27.688+0000] {processor.py:914} INFO - Processing file /opt/airflow/dags/create_mart_dag.py for tasks to queue
[2026-06-17T17:30:27.690+0000] {logging_mixin.py:190} INFO - [2026-06-17T17:30:27.690+0000] {dagbag.py:588} INFO - Filling up the DagBag from /opt/airflow/dags/create_mart_dag.py
[2026-06-17T17:30:27.714+0000] {processor.py:925} INFO - DAG(s) 'create_analytics_mart' retrieved from /opt/airflow/dags/create_mart_dag.py
[2026-06-17T17:30:27.735+0000] {logging_mixin.py:190} INFO - [2026-06-17T17:30:27.735+0000] {dag.py:3239} INFO - Sync 1 DAGs
[2026-06-17T17:30:27.748+0000] {logging_mixin.py:190} INFO - [2026-06-17T17:30:27.748+0000] {dag.py:4180} INFO - Setting next_dagrun for create_analytics_mart to None, run_after=None
[2026-06-17T17:30:27.769+0000] {processor.py:208} INFO - Processing /opt/airflow/dags/create_mart_dag.py took 0.088 seconds
[2026-06-17T17:30:57.920+0000] {processor.py:186} INFO - Started process (PID=2321) to work on /opt/airflow/dags/create_mart_dag.py
[2026-06-17T17:30:57.921+0000] {processor.py:914} INFO - Processing file /opt/airflow/dags/create_mart_dag.py for tasks to queue
[2026-06-17T17:30:57.923+0000] {logging_mixin.py:190} INFO - [2026-06-17T17:30:57.923+0000] {dagbag.py:588} INFO - Filling up the DagBag from /opt/airflow/dags/create_mart_dag.py
[2026-06-17T17:30:57.940+0000] {processor.py:925} INFO - DAG(s) 'create_analytics_mart' retrieved from /opt/airflow/dags/create_mart_dag.py
[2026-06-17T17:30:57.962+0000] {logging_mixin.py:190} INFO - [2026-06-17T17:30:57.961+0000] {dag.py:3239} INFO - Sync 1 DAGs
[2026-06-17T17:30:57.974+0000] {logging_mixin.py:190} INFO - [2026-06-17T17:30:57.974+0000] {dag.py:4180} INFO - Setting next_dagrun for create_analytics_mart to None, run_after=None
[2026-06-17T17:30:57.997+0000] {processor.py:208} INFO - Processing /opt/airflow/dags/create_mart_dag.py took 0.082 seconds
[2026-06-17T17:31:28.163+0000] {processor.py:186} INFO - Started process (PID=2332) to work on /opt/airflow/dags/create_mart_dag.py
[2026-06-17T17:31:28.164+0000] {processor.py:914} INFO - Processing file /opt/airflow/dags/create_mart_dag.py for tasks to queue
[2026-06-17T17:31:28.167+0000] {logging_mixin.py:190} INFO - [2026-06-17T17:31:28.166+0000] {dagbag.py:588} INFO - Filling up the DagBag from /opt/airflow/dags/create_mart_dag.py
[2026-06-17T17:31:28.197+0000] {processor.py:925} INFO - DAG(s) 'create_analytics_mart' retrieved from /opt/airflow/dags/create_mart_dag.py
[2026-06-17T17:31:28.220+0000] {logging_mixin.py:190} INFO - [2026-06-17T17:31:28.220+0000] {dag.py:3239} INFO - Sync 1 DAGs
[2026-06-17T17:31:28.233+0000] {logging_mixin.py:190} INFO - [2026-06-17T17:31:28.232+0000] {dag.py:4180} INFO - Setting next_dagrun for create_analytics_mart to None, run_after=None
[2026-06-17T17:31:28.254+0000] {processor.py:208} INFO - Processing /opt/airflow/dags/create_mart_dag.py took 0.096 seconds
[2026-06-17T17:31:58.500+0000] {processor.py:186} INFO - Started process (PID=2343) to work on /opt/airflow/dags/create_mart_dag.py
[2026-06-17T17:31:58.501+0000] {processor.py:914} INFO - Processing file /opt/airflow/dags/create_mart_dag.py for tasks to queue
[2026-06-17T17:31:58.504+0000] {logging_mixin.py:190} INFO - [2026-06-17T17:31:58.503+0000] {dagbag.py:588} INFO - Filling up the DagBag from /opt/airflow/dags/create_mart_dag.py
[2026-06-17T17:31:58.530+0000] {processor.py:925} INFO - DAG(s) 'create_analytics_mart' retrieved from /opt/airflow/dags/create_mart_dag.py
[2026-06-17T17:31:58.555+0000] {logging_mixin.py:190} INFO - [2026-06-17T17:31:58.555+0000] {dag.py:3239} INFO - Sync 1 DAGs
[2026-06-17T17:31:58.568+0000] {logging_mixin.py:190} INFO - [2026-06-17T17:31:58.568+0000] {dag.py:4180} INFO - Setting next_dagrun for create_analytics_mart to None, run_after=None
[2026-06-17T17:31:58.592+0000] {processor.py:208} INFO - Processing /opt/airflow/dags/create_mart_dag.py took 0.097 seconds
[2026-06-17T17:32:28.932+0000] {processor.py:186} INFO - Started process (PID=2354) to work on /opt/airflow/dags/create_mart_dag.py
[2026-06-17T17:32:28.933+0000] {processor.py:914} INFO - Processing file /opt/airflow/dags/create_mart_dag.py for tasks to queue
[2026-06-17T17:32:28.936+0000] {logging_mixin.py:190} INFO - [2026-06-17T17:32:28.936+0000] {dagbag.py:588} INFO - Filling up the DagBag from /opt/airflow/dags/create_mart_dag.py
[2026-06-17T17:32:28.973+0000] {processor.py:925} INFO - DAG(s) 'create_analytics_mart' retrieved from /opt/airflow/dags/create_mart_dag.py
[2026-06-17T17:32:28.997+0000] {logging_mixin.py:190} INFO - [2026-06-17T17:32:28.997+0000] {dag.py:3239} INFO - Sync 1 DAGs
[2026-06-17T17:32:29.010+0000] {logging_mixin.py:190} INFO - [2026-06-17T17:32:29.010+0000] {dag.py:4180} INFO - Setting next_dagrun for create_analytics_mart to None, run_after=None
[2026-06-17T17:32:29.178+0000] {processor.py:208} INFO - Processing /opt/airflow/dags/create_mart_dag.py took 0.253 seconds
[2026-06-17T17:32:59.298+0000] {processor.py:186} INFO - Started process (PID=2365) to work on /opt/airflow/dags/create_mart_dag.py
[2026-06-17T17:32:59.299+0000] {processor.py:914} INFO - Processing file /opt/airflow/dags/create_mart_dag.py for tasks to queue
[2026-06-17T17:32:59.303+0000] {logging_mixin.py:190} INFO - [2026-06-17T17:32:59.303+0000] {dagbag.py:588} INFO - Filling up the DagBag from /opt/airflow/dags/create_mart_dag.py
[2026-06-17T17:32:59.346+0000] {processor.py:925} INFO - DAG(s) 'create_analytics_mart' retrieved from /opt/airflow/dags/create_mart_dag.py
[2026-06-17T17:32:59.381+0000] {logging_mixin.py:190} INFO - [2026-06-17T17:32:59.380+0000] {dag.py:3239} INFO - Sync 1 DAGs
[2026-06-17T17:32:59.540+0000] {logging_mixin.py:190} INFO - [2026-06-17T17:32:59.540+0000] {dag.py:4180} INFO - Setting next_dagrun for create_analytics_mart to None, run_after=None
[2026-06-17T17:32:59.561+0000] {processor.py:208} INFO - Processing /opt/airflow/dags/create_mart_dag.py took 0.269 seconds
[2026-06-17T17:33:29.888+0000] {processor.py:186} INFO - Started process (PID=2376) to work on /opt/airflow/dags/create_mart_dag.py
[2026-06-17T17:33:29.889+0000] {processor.py:914} INFO - Processing file /opt/airflow/dags/create_mart_dag.py for tasks to queue
[2026-06-17T17:33:29.893+0000] {logging_mixin.py:190} INFO - [2026-06-17T17:33:29.892+0000] {dagbag.py:588} INFO - Filling up the DagBag from /opt/airflow/dags/create_mart_dag.py
[2026-06-17T17:33:29.916+0000] {processor.py:925} INFO - DAG(s) 'create_analytics_mart' retrieved from /opt/airflow/dags/create_mart_dag.py
[2026-06-17T17:33:29.938+0000] {logging_mixin.py:190} INFO - [2026-06-17T17:33:29.938+0000] {dag.py:3239} INFO - Sync 1 DAGs
[2026-06-17T17:33:29.952+0000] {logging_mixin.py:190} INFO - [2026-06-17T17:33:29.951+0000] {dag.py:4180} INFO - Setting next_dagrun for create_analytics_mart to None, run_after=None
[2026-06-17T17:33:29.972+0000] {processor.py:208} INFO - Processing /opt/airflow/dags/create_mart_dag.py took 0.089 seconds
[2026-06-17T17:34:00.131+0000] {processor.py:186} INFO - Started process (PID=2387) to work on /opt/airflow/dags/create_mart_dag.py
[2026-06-17T17:34:00.132+0000] {processor.py:914} INFO - Processing file /opt/airflow/dags/create_mart_dag.py for tasks to queue
[2026-06-17T17:34:00.134+0000] {logging_mixin.py:190} INFO - [2026-06-17T17:34:00.134+0000] {dagbag.py:588} INFO - Filling up the DagBag from /opt/airflow/dags/create_mart_dag.py
[2026-06-17T17:34:00.152+0000] {processor.py:925} INFO - DAG(s) 'create_analytics_mart' retrieved from /opt/airflow/dags/create_mart_dag.py
[2026-06-17T17:34:00.175+0000] {logging_mixin.py:190} INFO - [2026-06-17T17:34:00.174+0000] {dag.py:3239} INFO - Sync 1 DAGs
[2026-06-17T17:34:00.188+0000] {logging_mixin.py:190} INFO - [2026-06-17T17:34:00.188+0000] {dag.py:4180} INFO - Setting next_dagrun for create_analytics_mart to None, run_after=None
[2026-06-17T17:34:00.210+0000] {processor.py:208} INFO - Processing /opt/airflow/dags/create_mart_dag.py took 0.085 seconds
[2026-06-17T17:34:30.428+0000] {processor.py:186} INFO - Started process (PID=2398) to work on /opt/airflow/dags/create_mart_dag.py
[2026-06-17T17:34:30.429+0000] {processor.py:914} INFO - Processing file /opt/airflow/dags/create_mart_dag.py for tasks to queue
[2026-06-17T17:34:30.431+0000] {logging_mixin.py:190} INFO - [2026-06-17T17:34:30.431+0000] {dagbag.py:588} INFO - Filling up the DagBag from /opt/airflow/dags/create_mart_dag.py
[2026-06-17T17:34:30.450+0000] {processor.py:925} INFO - DAG(s) 'create_analytics_mart' retrieved from /opt/airflow/dags/create_mart_dag.py
[2026-06-17T17:34:30.473+0000] {logging_mixin.py:190} INFO - [2026-06-17T17:34:30.473+0000] {dag.py:3239} INFO - Sync 1 DAGs
[2026-06-17T17:34:30.487+0000] {logging_mixin.py:190} INFO - [2026-06-17T17:34:30.486+0000] {dag.py:4180} INFO - Setting next_dagrun for create_analytics_mart to None, run_after=None
[2026-06-17T17:34:30.509+0000] {processor.py:208} INFO - Processing /opt/airflow/dags/create_mart_dag.py took 0.087 seconds
[2026-06-17T17:35:00.683+0000] {processor.py:186} INFO - Started process (PID=2410) to work on /opt/airflow/dags/create_mart_dag.py
[2026-06-17T17:35:00.685+0000] {processor.py:914} INFO - Processing file /opt/airflow/dags/create_mart_dag.py for tasks to queue
[2026-06-17T17:35:00.689+0000] {logging_mixin.py:190} INFO - [2026-06-17T17:35:00.688+0000] {dagbag.py:588} INFO - Filling up the DagBag from /opt/airflow/dags/create_mart_dag.py
[2026-06-17T17:35:00.721+0000] {processor.py:925} INFO - DAG(s) 'create_analytics_mart' retrieved from /opt/airflow/dags/create_mart_dag.py
[2026-06-17T17:35:00.762+0000] {logging_mixin.py:190} INFO - [2026-06-17T17:35:00.761+0000] {dag.py:3239} INFO - Sync 1 DAGs
[2026-06-17T17:35:00.789+0000] {logging_mixin.py:190} INFO - [2026-06-17T17:35:00.789+0000] {dag.py:4180} INFO - Setting next_dagrun for create_analytics_mart to None, run_after=None
[2026-06-17T17:35:00.827+0000] {processor.py:208} INFO - Processing /opt/airflow/dags/create_mart_dag.py took 0.154 seconds
[2026-06-17T17:35:30.992+0000] {processor.py:186} INFO - Started process (PID=2421) to work on /opt/airflow/dags/create_mart_dag.py
[2026-06-17T17:35:30.993+0000] {processor.py:914} INFO - Processing file /opt/airflow/dags/create_mart_dag.py for tasks to queue
[2026-06-17T17:35:30.997+0000] {logging_mixin.py:190} INFO - [2026-06-17T17:35:30.996+0000] {dagbag.py:588} INFO - Filling up the DagBag from /opt/airflow/dags/create_mart_dag.py
[2026-06-17T17:35:31.026+0000] {processor.py:925} INFO - DAG(s) 'create_analytics_mart' retrieved from /opt/airflow/dags/create_mart_dag.py
[2026-06-17T17:35:31.060+0000] {logging_mixin.py:190} INFO - [2026-06-17T17:35:31.060+0000] {dag.py:3239} INFO - Sync 1 DAGs
[2026-06-17T17:35:31.088+0000] {logging_mixin.py:190} INFO - [2026-06-17T17:35:31.087+0000] {dag.py:4180} INFO - Setting next_dagrun for create_analytics_mart to None, run_after=None
[2026-06-17T17:35:31.391+0000] {processor.py:208} INFO - Processing /opt/airflow/dags/create_mart_dag.py took 0.408 seconds
[2026-06-17T17:36:01.641+0000] {processor.py:186} INFO - Started process (PID=2432) to work on /opt/airflow/dags/create_mart_dag.py
[2026-06-17T17:36:01.642+0000] {processor.py:914} INFO - Processing file /opt/airflow/dags/create_mart_dag.py for tasks to queue
[2026-06-17T17:36:01.645+0000] {logging_mixin.py:190} INFO - [2026-06-17T17:36:01.644+0000] {dagbag.py:588} INFO - Filling up the DagBag from /opt/airflow/dags/create_mart_dag.py
[2026-06-17T17:36:01.671+0000] {processor.py:925} INFO - DAG(s) 'create_analytics_mart' retrieved from /opt/airflow/dags/create_mart_dag.py
[2026-06-17T17:36:01.705+0000] {logging_mixin.py:190} INFO - [2026-06-17T17:36:01.705+0000] {dag.py:3239} INFO - Sync 1 DAGs
[2026-06-17T17:36:01.723+0000] {logging_mixin.py:190} INFO - [2026-06-17T17:36:01.723+0000] {dag.py:4180} INFO - Setting next_dagrun for create_analytics_mart to None, run_after=None
[2026-06-17T17:36:01.750+0000] {processor.py:208} INFO - Processing /opt/airflow/dags/create_mart_dag.py took 0.117 seconds
[2026-06-17T17:36:31.873+0000] {processor.py:186} INFO - Started process (PID=2443) to work on /opt/airflow/dags/create_mart_dag.py
[2026-06-17T17:36:31.875+0000] {processor.py:914} INFO - Processing file /opt/airflow/dags/create_mart_dag.py for tasks to queue
[2026-06-17T17:36:31.879+0000] {logging_mixin.py:190} INFO - [2026-06-17T17:36:31.878+0000] {dagbag.py:588} INFO - Filling up the DagBag from /opt/airflow/dags/create_mart_dag.py
[2026-06-17T17:36:31.910+0000] {processor.py:925} INFO - DAG(s) 'create_analytics_mart' retrieved from /opt/airflow/dags/create_mart_dag.py
[2026-06-17T17:36:31.947+0000] {logging_mixin.py:190} INFO - [2026-06-17T17:36:31.946+0000] {dag.py:3239} INFO - Sync 1 DAGs
[2026-06-17T17:36:31.968+0000] {logging_mixin.py:190} INFO - [2026-06-17T17:36:31.968+0000] {dag.py:4180} INFO - Setting next_dagrun for create_analytics_mart to None, run_after=None
[2026-06-17T17:36:31.999+0000] {processor.py:208} INFO - Processing /opt/airflow/dags/create_mart_dag.py took 0.135 seconds
[2026-06-17T17:37:02.202+0000] {processor.py:186} INFO - Started process (PID=2454) to work on /opt/airflow/dags/create_mart_dag.py
[2026-06-17T17:37:02.204+0000] {processor.py:914} INFO - Processing file /opt/airflow/dags/create_mart_dag.py for tasks to queue
[2026-06-17T17:37:02.207+0000] {logging_mixin.py:190} INFO - [2026-06-17T17:37:02.207+0000] {dagbag.py:588} INFO - Filling up the DagBag from /opt/airflow/dags/create_mart_dag.py
[2026-06-17T17:37:02.234+0000] {processor.py:925} INFO - DAG(s) 'create_analytics_mart' retrieved from /opt/airflow/dags/create_mart_dag.py
[2026-06-17T17:37:02.268+0000] {logging_mixin.py:190} INFO - [2026-06-17T17:37:02.267+0000] {dag.py:3239} INFO - Sync 1 DAGs
[2026-06-17T17:37:02.287+0000] {logging_mixin.py:190} INFO - [2026-06-17T17:37:02.287+0000] {dag.py:4180} INFO - Setting next_dagrun for create_analytics_mart to None, run_after=None
[2026-06-17T17:37:02.314+0000] {processor.py:208} INFO - Processing /opt/airflow/dags/create_mart_dag.py took 0.120 seconds
[2026-06-17T17:39:20.214+0000] {processor.py:186} INFO - Started process (PID=2459) to work on /opt/airflow/dags/create_mart_dag.py
[2026-06-17T17:39:20.217+0000] {processor.py:914} INFO - Processing file /opt/airflow/dags/create_mart_dag.py for tasks to queue
[2026-06-17T17:39:20.220+0000] {logging_mixin.py:190} INFO - [2026-06-17T17:39:20.220+0000] {dagbag.py:588} INFO - Filling up the DagBag from /opt/airflow/dags/create_mart_dag.py
[2026-06-17T17:39:20.259+0000] {processor.py:925} INFO - DAG(s) 'create_analytics_mart' retrieved from /opt/airflow/dags/create_mart_dag.py
[2026-06-17T17:39:20.308+0000] {logging_mixin.py:190} INFO - [2026-06-17T17:39:20.308+0000] {dag.py:3239} INFO - Sync 1 DAGs
[2026-06-17T17:39:20.333+0000] {logging_mixin.py:190} INFO - [2026-06-17T17:39:20.333+0000] {dag.py:4180} INFO - Setting next_dagrun for create_analytics_mart to None, run_after=None
[2026-06-17T17:39:20.367+0000] {processor.py:208} INFO - Processing /opt/airflow/dags/create_mart_dag.py took 0.167 seconds
